tieng_trung,tieng_viet
还 早 呀 ， 过 几 年 再 说 。,"còn sớm mà , qua mấy năm rồi rồi tính nữa ."
你 跟 我 去吧,bạn đi tôi tôi nhe
我 都 喜欢 。,Tôi thích nó .
我 受伤 了 需要 一 辆 救护车 。,Tôi bị bị_thương một chiếc xe_cứu_thương .
等 一下 。 这个 是 吗 ？,Chờ . cái này phải không ?
我 想 烫 一下 这 套 衣服,tôi muốn ủi bộ com_đồ này
配 这个 菜 什么 比较 好 ？,Món ăn món này có_thể tốt ?
电影院 在 哪 ？,Trạp_chiếu phim ở đâu ?
你 今天 几 点 来 ?,Hôm_nay bạn mấy giờ đến ?
"不 , 我 会 在 我 逗留 期间 买 的 。","Không , tôi sẽ mua nó ở đâu mua_ ."
是否 可以 问问 看看 有 没 有 人 愿意 乘 后面 的 航班 ？,Có ổn không nếu xem xem có_thể có được xác_ chuyến bay nào ?
他 觉得 红 的 ， 白 的 ， 黄 的 衣服 一 起 洗 没 关系 ，,"Anh ta cảm_thấy đỏ màu trắng , trắng_là không không sao__ gì ."
里面 有 我 的 护照 和 现金 。,Có một hộ_chiếu và tôi_mặt của tôi .
再 给 我 一 碗 。,Cho tôi thêm một cái khác .
我 喜欢 抽象画 。,Tôi thích những___ .
早餐 是 从 六点 到 十一点 。,Nó sáng từ giờ giờ đến 11 giờ .
现在 请 去 检查 护照 。,Bây_giờ hãy đi kiểm_tra hộ_chiếu .
头等舱 还 是 经济舱 ？,Buồng hạng nhất hay khoang__ ?
把 这些 书 寄到 德国 会 很 贵 吗 ?,Những những sách này có_thể đi rất lớn không đắt không ?
我 太 累 了 ， 什么 东西 我 不 想 吃,"tôi rất mệt rồi , món gì tôi không muốn ăn ăn"
是 B 排 27 和 29 号 ， 在 楼上 。,"là_là hàng7 và số 25 , và lầu ."
就 这 场 演出 来说 ， 最 精彩 的 部分 是 杂技 。,"Vềá_ mà mà nói , mà là là là_____chí ."
插花 是 排列 花 的 一 种 艺术 形式 。,Những hoa_ là một cây______ hoa__ .
这 只 风筝 怎么样 ？,cái này này làm thế_nào ?
我 坐 圣地牙哥 开来 的 12：50 次 列车 。,Tôi đã đi đến New__York lúc 8 giờ 15 .
你 洗 个 澡吧 。,Bạn rửa một cái .
他 已经 下班 了 。,Ông ấy đã tan sở rồi .
你 觉得 我 的 性格 怎么样 ？,Bạn cảm_thấy như thế_nào tôi như thế_nào ?
真好 看 ！,thật tốt quá !
昨天 上午 还 好好 的 ， 晚上 就 开始 不 舒服 了 。,"hôm_qua sáng ngày__ , , tối bắt_đầu không được_chịu ."
他们 几点 到达 ？,Họ đến mấy giờ ?
现在 是 五点 。,Bây_giờ là 5 giờ .
手续 复杂 吗 ？,thủ_tục có_ không ?
你 给 我 三 分钟 先 解决 这 件 事 ， 然后 我 和 你 去 解决 那 件 事 。,"Xin cho 3 phút giải_quyết việc này trước , sau đó tôi đi giải_quyết việc này ."
这 本 小说 在 哪里 ？,cuốn cuốn tiểu_thuyết này ở đâu ?
我 想 贵 公司 可能 会 对 我 公司 的 新 产品 感 兴趣 。,Tôi nghĩ công_ty các ông có_thể sẽ hứng_thú đối_với sản_phẩm mới của công_ty tôi .
空调 的 开关 再 哪儿 ？,mở_cửa máy_bay có ở đâu ?
两 斤 。,2 kí .
你 好 ！ 先生 ， 欢迎 到 法国 花园 餐厅 ！ 请 问 几 位 ？,"Chào ông , hoan_nghênh đến đây tại nhà_hàng Pháp______nhiêu ?"
双 人 标准间 。,Làm_ơn cho một phòng đôi .
请 大家 一起 昌 生日 歌 。,Xin mời mọi người cùng hát bài ca mừng sinh_nhật .
你 喜欢 吃 什么,Bạn thích ăn gì ?
我 的 预算 是 五十 美元 。,Ngân_sách của tôi là năm mươi đô_la .
你 要 喝 什么 饮料 ?,Bạn muốn uống gì ?
请 把 随身 行李 放 在 上面 的 行李箱 里 或者 你 前面 的 座位 下 。,Xin vui_lòng mang hành_lý của bạn đặt hành_lý của bạn trên đặt chỗ .
没有 人 叫 兰贞 ， 你 打错 了,"không có người là người__ , , gọi đánh sai rồi"
首先 我 必须 先 声明 我 并不 是 这个 问题 的 专家 我 也 不 代表 任何 的 政府 机构 。,Trước_tiên tôi phải là trước trước_tiên tôi tôi không_thể thực_hiện những người___ của tôi không_thể thực_hiện .
这个 旅游 多 长 时间 ？,Chuyến du_lịch này dài bao_lâu ?
我 还 不错 。,Tôi ổn không tệ .
你们 真 幸福 ， 能 在 这个 婚姻 季节 举行 婚礼 。,"các bạn thật hạnh_phúc , có_thể học_ hôn__chiếu trong mùa này ."
请 报警 。,Hãy cảnh_sát cảnh cảnh_sát .
我 可以 给 你 照 张 像 吗 ？,Tôi có_thể chụp hình cho bạn không ?
还 有 什么 菜 ? 你 点 吧,còn món gì ? bạn gọi đi
我 不 明白 你 说 的 什么 意思 。,Tôi không hiểu kịp lời gì bạn nói .
单 人间 五十 美元 一 晚 。,Một_ phòng đơn một phòng 50 đô_la một đêm .
弥撒 何时 开始 ？,K__ bắt_đầu khi nào ?
用 这 把 钥匙 打 不 开门 。,Tôi không_thể vặn chìa khóa này không mở_cửa .
一直 往前 走 在 第三 个 拐角处 向右 拐 。,"Đi thẳng phía trước , rẽ phải ở góc thứ ba ."
去 芝加哥 的 车站 在 哪 ？,Trạm xe_buýt đến Chicago ở đâu ?
上床 前 你 最后 脱掉 什么 ？,trước khi bạn trước khi bạn trước khi bạn vào cuối_cùng ?
请 给 我 拿 个 香皂 。,Xin vui_lòng cho tôi một xà__ .
我 会 在 大学 里 学习 自然 科学 。,Tôi sẽ học học khoa_học_học ở trường .
他们 都 走 了 。,họ đều đi đi .
你 听说 了 吗 ？,Bạn nghe nghe chưa ?
你 属 什么 ?,bạn tuổi gì ?
我 能 留 个 言 吗 ？,Tôi có_thể để lại tin_nhắn được không ?
你 喜欢 用 雅虎 还是 微软 ？,Bạn thích dùng loại__ hay nào ?
"薪水 优厚 , 工作 时间 合适 .","lương_h , có__việc thời_gian ."
那 你 怎么 不 去 火车站 呀 ？,Sao anh sao đi bằng xe_lửa nào ?
八月,tháng 8
预订 六 晚 的 。,đặt 6 đêm .
伤 重 吗 ？,V nặng_trọng phải không ?
我 会 顺便 在 底特律 停留 然后 去 迈阿密 。,Tôi sẽ ở lại tại Đại_lộ___M .
什么 时间 呢 ？,Mấy giờ thì sao ?
你 现在 订 了 。,Bạn đã đặt chỗ bây_giờ .
邮局 早上 八点 以后 办公 .,8 giờ sáng__ làm_việc .
是 一 个 大 的 蓝色 的 Samsonite 箱子 有 很多 标签 在 上面 。,"Đó là một S__ lớn , có một_số nhãn__hiệu ."
我们 休息 五 分钟,chúng_tôi nghỉ_ 5 phút
属 牛,cổ_
两 毛 。,2 .
在 什么 地方 丢 的 ？,Nó đã mất nó ở đâu ?
最近 的 音像店 在 哪 ？,Cửa_hàng gần_ gần nhất ở đâu ?
我 在 公众 面前 的确 很 紧张 。,Tôi rất___ ở ở__hàng trước .
你 以后 打算 去 哪 读 博士,bạn sau dự_định đi học__học
你 能 来 查查 吗 ？,Bạn có_thể đến kiểm_tra nó được không ?
他 叫 什么 名字 ?,Anh ta tên là gì ?
我 要 去掉 隐形 眼睛 吗 ？,Tôi có phải đi đến một mắt kính_C không ?
"好 , 再 来 一 个 麻婆 豆腐 , 好 吗 ?","Được , có một một____tây chiên được không ?"
或许 我 应该 问问 她 。,Có_lẽ tôi nên hỏi cô ấy .
王丽 从 小 对 音乐 产生 兴趣 ， 毕业后 当 了 音乐 老师 。,"Vương_Lệ từ Tiểu_Phương đến hứng_thú đối_với ,__ đã đã gọi đến giáo_viên ."
是 ， 我 第一 次 来 这 儿,"đúng , tôi lần đầu đến đây"
大街 对面 是 一 个 花 店 。,D__ đối_với là một cửa_hàng .
你 可以 看看 这些 样品 吗 ？,Bạn có_thể xem những mẫu mẫu này không ?
银座 是 个 购物 的 好 地方 。,Nó có_thể tốt một nơi tốt___sắm .
会,biết
祝 你 身体 健康 。,chúc bạn sức_khoẻ sức khỏekhoẻ .
书 在 桌子 前面 。,Quyển sách ở phía trước bàn .
他们 不 是 志愿者 吗 ？,Họ không phải là người__ không ?
你 做 什么 工作 ?,bạn làm nghề gì ?
为 我们 的 友谊 干杯 ！,vì_bạn của chúng_tôi cạn li !
他 来 了 吗 ？,anh ta đến rồi chưa ?
有 野营 吗 ？,Bạn có cái nào không ?
我 在 旅行社 工作 。,Tôi làm_việc ở việc__lịch .
离 这里 远 吗 ？,Nó có xa đây không ?
房价,giá
黄明 ， 你 觉得 怎么样 ？,"Hoàng_Minh , anh cảm_thấy như thế_nào ?"
我 现在 肯尼迪 机场 。,Tôi đang ở sân_bay bây_giờ .
我 得 了 流感 。,Tôi phải có__ .
请 使用 咖啡店 或 房间 服务 。,Xin vui_lòng sử_dụng dịch_vụ phòng của bạn .
我 只 是 想来 给 她 问 声 好 。,Tôi chỉ muốn gọi cho cô ấy hỏi cô ấy .
今晚 还 有 房 吗 ？,Có phòng trống nào tối nay không ?
你 想 找 一 家 普通 的 还 是 高档 的 ？,Bạn muốn tìm một_ hay__ cao hay_là ?
在 这 条 街 上 ？,Nó nằm trên đường đường ?
一 天 九十 美元 三 天 二百 美元 。,Một đô_la mỗi ngày ba trăm đô_la một ngày .
护发素,kem dưỡng
我 的 鞋子 在 哪儿 ？,Gi_ của tôi ở đâu ?
我 的 是 零二七四零九一,tôi là số 7441
那 种 方法 更 好 。,loại đó thì tốt hơn .
你 在 哪 所 学校 学习 ？,Bạn học trường nào ?
请 问 您 对 这个 计划 是 怎么 评价 的 ？,xin hỏi ông có_thể gọi cho__ này như thế_nào ?
我 需要 借用 你 的 软盘 。,Tôi cần mượn một_số đĩa__ của bạn .
可以 不过 记得 随身 带 着 票 。,Bạn có_thể mang theo vé một_số đem đem .
我 增 经作 这 分 工作 两 年 了,tôi đã làm_việc này này làm_ 2 năm rồi
在 这 间 房子,phòng nhà này
您 想 在 卡片 上 写 些 什么 话 ？,Bạn muốn viết gì trên gì__ ?
你 有空 吗 ？ 我们 出去 逛街 好 吗 ？,Bạn có rãnh không ? chúng_ta đi chơi một_sắm không ?
我 几 分钟 前 在 这里 买 的 水果 是 坏 的 。,Tôi đã ở đây đây trong___ cách đây đây đây .
请 给 我 一 杯 加 苏打 的 威士 忌酒 和 一 杯 白兰 地 酒 好 吗 ？,Làm_ơn cho tôi một ly rượu uýt-xki và một ly rượu_vango và một ly rượu_vang được không ?
我 来 付 钱 。,Tôi đến trả tiền .
明天 下午 七点 以后 给 我 打 电话 。,Tôi sẽ gọi cho tôi vào lúc giờ giờ chiều_mai .
你 觉得 在 哪儿 不 舒服 ？,Bạn cảm_thấy khó_chịu ở đâu ?
我 要 买到 荣市 的 火车票,tôi muốn mua vé xe_lửa s__x
请 问 你们 什么 时候 关门 ？,Bạn có_thể đóng_cửa khi nào ?
怎么 用 ？,Bạn sử_dụng như thế_nào ?
她 现在 已经 结婚 了 ， 她 上 个 月 结 的 婚 。,"Bây_giờ cô ấy đã kết_hôn , cô ấy đã kết_hôn với tháng ."
这里 有 修 甲 师 吗 ？,Có đây có th thn không ?
七点十五分 上课,7 giờ 45 phút
穿过 那 个 门 向右 。,Nó sẽ đi qua một cái đó .
阮世平,Nguyễn_Thế_Bình
我 不 能 调 图象 。,Tôi không_thể vặn____ào .
味道 真好 ！,vị ngon ngon thật !
这里 能 抽烟 吗 ？,Ở đây có_thể hút thuốc được không ?
我 的 车 失灵 了 。,xe của tôi bị mất .
她 是 Yoshie 。,chị ấy là ngườioshi_C .
大海 静 得 像 面 镜子 。,Đầu_l giống như m gương gương gương .
坐 地铁 容易 到 吗 ？,Đi tàu_điện_ngầm có đi bằng tàu_điện_ngầm không ?
阴天,trời nắng
我 要 去 韩国 留学,tôi muốn đi du_học du_học
你 需要 去 海关 柜台 让 你 的 行李 接受 检查 。,Bạn có_thể đi_quan hành_lý của bạn để đến quầy__lý của bạn .
你 带给 我 履历表 和 大学 文凭 。,Bạn mang cho tôi lý_lịch và văn_nghiệp .
越 快 越 好 ， 我 的 胃 真的 很 痛 。,"càngừng càng càng tốt , đau__ của tôi rất đau ."
它 和 那 栋 楼 是 同 一 方向 吗 ？,Nó ở trên tầng hướng phải phải hướng một phải không ?
那 个 地方,chỗ đó
"來 , 為 我们 的 友谊 干杯","J , ,_bạn của chúng_tôi cạn li"
我 忽然 想 你,tôi nghĩnhiên_ bạn muốn
你 能 推荐 一 种 酒 吗 ？,Bạn có_thể giới_thiệu một rượu rượu không ?
我 一直 都 想 来 这里 已经 想 了 很 长 的 一 段 时间 了 。,Tôi đã nghĩ rằng đã đã có một thời_gian dài dài lâu dài .
他 长 得 真 帅 。,Anh ấy dài anh quá .
我 想 订 十二月 二十三 号 从 波士顿 到 亚特兰大 的 。,Tôi muốn đặt một từ vòng đến từ lúc 6 giờ vào ngày 15 tháng .
我 也 不 知道 。,tôi cũng không biết .
我 本来 就 想 去 逛街 ， 何况 还 有 你 陪 着 我 。,"Tôi vốn muốn đi ra_sắm , huống_hồ vẫn còn bạn có ."
你 住 在 哪儿 ？,bạn ở đâu ?
这 队 排 得 好 长 呀 ，,cái này có tốt dài .
我 不 懂 。,Tôi không hiểu .
吃 不 了 甜点 了 。,ăn không_thể tráng_miệng .
这样 吧 ， 我们 双方 各 让 一半 ， 怎么样 ？,"như vậy , chúng_tôi muốn làm gì để 1 1 , như thế_nào ?"
请 大家 吃 生日 蛋糕 。,Mời mọi người dùng bánh sinh_nhật .
请 在 这里 签名 。,Vui_lòng ký ở đây .
请 预订 兩位 七点 。,Xin vui_lòng đặt phòng cho hai giờ .
河内 ， 顺化 ， 会 安 古城 是 历史 遗迹 郡体,"Hà nội , phố cổ Hội_An là di_tích di_tích lịch_sử"
请 把 你 的 电话 号码 也 写上 。,Xin vui_lòng viết số điện_thoại của bạn trên .
有 彩色 幻灯 胶片 吗 ？,Bạn có cái phim màu xanh không ?
我 想 喝 杯水 。,Tôi muốn uống nước .
海 边 的 景色 格外 迷人 。,Phong_cảnh ở______ .
我 常 在 早上 和 晚上 十点 的 时候 上网 。,Tôi thường đi lên vào lúc 10 giờ sáng_ sáng .
村 里 变化 真 快 ， 何况 你 几 年 都 没 回来 了 。,"trong__việc nhanh thật nhanh , huống_hồ anh đã không còn năm rồi ."
我 对 男人 不 感 兴趣 。,Tôi không_thể nghe quan_tâm .
这个 房间 有 怪味 。,Phòng này có hiệu_ .
用 信用卡 吗 ？,Tôi có cần thẻ tín_dụng không ?
我 是 琳达琼斯 。,Tôi là Tan .
很 有趣 。,Nó thú_vị .
现在 手机 比 座机 用途 多 。,bây_giờ điện_thoại_di_động hơn nhiều hơn .
这个 太 生 了 。,Cái này quá . .
我 想 看 电视 转播 的 足球赛 。,Tôi muốn xem một trận bóng_đá truyền_hình .
我 来 中国 的 时候 一 句 汉语 也 不 会 说 。,Tôi đến khi Trung_Quốc một_chút tiếng Hoa không biết nói .
请 为 额外 的 三 分钟 存入 七十五 美分 。,Xin vui_lòng gửi ba phút ba mươi phút_ xu và 7 xu .
你 给 我 介绍 你 自己 吧,bạn cho tôi giới bạn bạn nhe mình
几 号 座位 ？,chỗ ngồi ở đâu ?
我 想 跟 人 打 网球 。,Tôi muốn chơi quần_vợt .
演员 实在 太 棒 了 。,Người diễn_viên thực_sự tuyệt_vời .
慢 点 说 。,Th nói chậm .
想 和 家人 一起 去 旅游 。,Đi đi với gia_đình đi du_lịch .
如果 你 等 我 一下 ， 我 可以 和 你 一起 去 。,"Nếu bạn đợi tôi , tôi có_thể đi với bạn ."
离 这儿 相当 远 。,Cách đây đây có xa .
为什么 你 选择 我们 公司 ?,tại_sao bạn chọn___ty chúng_tôi ?
我 要 了 鱼 。,Tôi đã cá cá .
幸亏 我 没 吃 那 盒 点心 ， 要 不 现在 已经 上吐 下泻 了 。,"May_mà tôi không ăn_tâm ,_giờ thì đã đã bị__đá ."
欢迎 您 ， 王大伟 先生 。,"chào ông , ông Vương__sinh ."
你们 送 花 上门 吗 ？,Bạn có mang hoa__ không ?
许立 面试 时 显得 比 原来 从容 了 。,Đầu_trí các__ rõ_ràng già__ hơn từ__ .
教堂 在 哪儿 ？,Nhà_thờ ở đâu ?
这儿 疼 不 疼 ？,ở đau đau không ?
电梯,thang_máy
哦 ， 我们 不 开车 去 ，,"Ồ , chúng_ta không lái xe ."
现在 马上 回 宿舍 去 拿 ， 来 得 及 。,"bây_giờ quay trở_lại ngay_giờ đi ngay , đến kịp ."
我 觉得 头晕 。,Tôi cảm_thấy chóng_mặt .
我 住 在 公园 旅馆 房间号 是 720 。,Tôi ở phòng số phòng tại khách_sạn .
为什么 你 选择 我们 公司 ?,tại_sao bạn chọn___ty chúng_tôi ?
有 去 广场 酒店 的 机场 巴士 吗 ？,Có xe_buýt nào sân_bay đến khách_sạn Grand không ?
我 要 茶 。,Tôi muốn trà .
在 那 能 买到 什么 ？,Có gì có_thể mua được đó ?
请 预订 一 个 七点钟 四 个 人 的 桌 位 。,Hãy đặt một bàn cho người người lúc bảy giờ .
请 老师 来 我 家教 .,Mời thầy_giáo đến nhà dạy .
我 想 寄 两 封 挂号 信 。,tôi muốn gửi 2 thư thư_bảo_đảm .
指甲,móng tay
他 发 了 两 天 烧 ， 吃 药 以后 ， 今天 好 多 了 。,"Anh ta phát_ 2 ngày , ch sau sau ăn cơm hôm_nay , hôm_nay tốt hơn ."
请用 正常 的 字体 填写 。,Xin vui_lòng điền vào cụ_____ .
我 现在 得 走 了 。,Bây_giờ tôi phải đi bây_giờ .
请 问 ， 您 的 夫人 和 孩子 也 都 来 了 吗 ？,"xin hỏi , cô cô , cô_ và và cũng cũng được đến rồi phải không ?"
你 看 ， 这 种 发型 跟 你 很 合适 ， 又 美 又 自然,"bạn xem , kiểu tóc này rất hợp với bạn , và đẹp và lại"
随 你 学 的 系,tuỳ bạnhọc của bạn
我 的 事 不 用 你 管 。,Việc của tôi không cần bạn lo .
这 盏 灯 是 红色 的 。,Đèn này_ màu đỏ .
去 上课 了 。,đi học_ rồi .
你 能 看懂 中文报 吗 ？,bạn có_thể xem được báo_ tiếng Hoa không ?
我 想 要 一 个 日语 导游 。,Tôi muốn một hướng hướng_dẫn_viên Nhật_Bản .
能 给 我 拿 一 个 红色 的 书签 吗 ？,Tôi có_thể có một cuốn sách màu đỏ không ?
如果 你 找到 我 的 包给 我 打 电话 好 吗 ？,Bạn có_thể gọi điện_thoại của tôi cho tôi được không ?
请 把 这些 熨一下 。,Xin vui_lòng ủi những cái này .
下 次 你 来 就 可以 了 别 拿 什么 东西 。,Lần sau bạn có_thể lấy gì để lấy gì đó .
我 想 请假 。,Tôi muốn nghỉ_phép .
我 想 去 购物 。,Tôi muốn đi mua_sắm .
请问 ， 这 位 怎么 称呼 呢 ？,"xin hỏi , vị này có_thể làm thế_nào ?"
对 会员 有 折扣 吗 ？,Có nhân_viên có giảm giá không ?
是 一 种 扇子 。,Nó là một con .
在 广场 酒店 。,Tại khách_sạn W_nhất .
牛肉 还 是 鸡肉 ？,thịt bò hay thịt gà ?
美 吗 ？,đẹp không ?
这个 适合 小孩 看 吗 ？,Bạn có_thể trông trẻ_em trẻ không ?
不 是 ， 我 来 这儿 两 三 次 了 。,"Không , tôi đến đây 2 3 lần rồi ."
很 近 骑 磨 拖车 要 十五 分钟 .,rất gần đây đi bộ xe_tải sẽ mất mười lăm phút .
请 接 540 分机 。,Xin vui_lòng nhấn 5 số 50 .
是 的 请 务必 。,"Vâng , xin vui_lòng làm_ơn ."
我 肯定 来 。,Tôi chắc_chắn có_thể .
我 要 one 些 衣架 。,Tôi sẽ lấy một_ít nước_ .
敏感 。,Nứng .
明天 就 去 吧 ？,ngày_mai sẽ đi chứ ?
我们 快进 电影院 去 把 。,chúng_tôi mau mau vào rạp_chiếu phim .
我 发烧 和 咳嗽 。,Tôi bị sốt và ho .
我 想 让 你 带 我 去 公共 汽车站 可以 吗 ？,Tôi muốn bạn đưa tôi đến trạm xe_buýt được không ?
你 感觉 怎么样 ？,Bạn cảm_thấy như thế_nào ?
我 一定 帮 你 向 李 老师 转告 。,tôi nhất_định giúp bạn lời lời cho cô_lý .
请 问 您 贵 姓 ？,xin hỏi ông họ gì ?
这里 又 热 又 潮 。,Ở đây và nóng nóng và đây .
我 想 知道 我 的 航班 是 不 是 能 准时 起飞 。,"Tôi thắc_mắc , chuyến bay của tôi không có_thể rời đúng giờ đúng đúng không ."
电话 号码 是 032652996 。,Số điện_thoại là 033262936912 .
我 叫 杰西卡 ， 你 呢 ？,"tôi tên là__Tanaka , còn anh ?"
我 想 在 山 上 多 待 一 段 时间 。,Tôi muốn ở lại một__gian để ăn .
我 应该 插入 多少 硬币 ？,Tôi nên ký bao_nhiêu tiền__nhiêu ?
邮局 什么 时候 关门 ？,Khi nào bưu_điện đóng_cửa ?
您 想要 什么 水果 ？,Bạn muốn loại trái_cây nào ?
这个 塔 有 多 高 ？,Tháp cao cao bao_nhiêu ?
我 想 要 一 副 纸牌 。,Tôi muốn một một giấy giấy .
我 病 了 ， 所以 不 可 上课,"tôi bệnh rồi , cho_nên không_thể học"
退款 制度 是 什么 ？,Đi tiền tiền ở đây là gì ?
这个 东西 质量 怎么样 ？,Chất_lượng của cái này thì sao ?
请 你 替 我 向 她 转话 是 我 陈 先生 打来,nhờ bạn giúp tôi gửi lời ấy cô ấy là Trần tôi gọi điện_thoại
上海 的 东西 比 这儿 多 得 多 。,đồ_đạc của Thượng_Hải hơn hơn nhiều nhiều .
每 小时 。,tiếng giờ .
我 要 找 香奈尔 口红 五 号 和 三十 号 。,"Tôi đang tìm số nước_SD , và số số ."
走路 不 如 骑 车 快,đi đường không chạy bằng xe nhanh nhanh nhanh
她 是 老师 。,cô ấy là giáo_viên .
你 呢,bạn nè
请 通知 我 的 家人 。,Xin vui_lòng gọi người_nhà của tôi .
这 是 一些 自制 的 饼干 。,Đó là một_số chất_ tự tự .
在 哪 能 看 歌剧 的 幻影 ？,Tôi có_thể xem bộ__ ở đâu ?
衣服 被 染 了 墨水 怎么 办 ？,Áo bị bị r nước sò_r làm thế_nào ?
火车 内 可以 吸烟 吗 ？,xe_lửa có_thể hút thuốc được không ?
甜食 要 另外 收费 。,Nó có phải là phí thêm phí .
都 有 电表 水表 ， 用 多少 算 多少 。,"đều có điện_ điện_ , ,__ bao tính tính tính ."
你 知道 王兰家 在 哪儿 ？,Bạn biết nhà Vương_Lan ở đâu vậy ?
解放军,Gi_phóng
我 喜欢 小 狗 ， 你 呢 ？,"tôi thích con chó , còn bạn ?"
我 有 一 个 摄影机 。,Tôi có một máy_ảnh tự_ảnh .
顺便 问 一下 必须 穿 正式 服装 吗 ？,"Nhân_tiện , phải có phải mặc quần_áo trang_trọng không ?"
是 的 请坐 。,"Vâng , xin mời ngồi ."
你 喜欢 踢足球 吗 ？,Bạn thích chơi bóng_rổ không ?
可以 送 他 去 哪 家 医院 ？,có_thể đưa ông ấy đi bệnh_viện nào ?
我们 把 地址 写 在 本子 上 了 。,Chúng_tôi đã ghi địa_chỉ trên cuốn .
我们 应该 多 参加 公益 活动 ， 至于 结果 如何 并不 重要 。,"Chúng_ta nên tham_gia thêm_____ , và_quả đến__quả có_thể ."
太 深 了 ， 有 浅 一些 就 更 好 。,"quá quá rồi , có một_số thì tốt hơn ."
我们 的 孩子 在 美国 。,Đ con_ của chúng_tôi đang ở Mỹ .
我 坐 地铁 时 总是 感觉 很 不 舒服 。,Tôi cảm_thấy khó______điện_ngầm .
一 瓶 香槟 多少 钱 ？,1 chai bao_nhiêu tiền ?
他 叫 我 告诉 你 这 件 事 。,Anh ấy tên tôi nói với bạn chuyện này .
我 打算 请 你们 去 饭店 吃饭 然后 去 唱 卡拉 ok .,Tôi định mời các bạn đi ăn cơm_hàng sau đó đi karaoke .
注意 保重 身体 。,Theo__gìn sức_khoẻ .
这 趟 航班 会 准时 出发 吗 ？,Chuyến bay sẽ khởi_hành đúng giờ chứ ?
大楼 里 有 电梯 吗 ？,Có có_máy ở trong nhà_ không ?
我 现在 很 想 回家 好好 休息 一下 。,Tôi muốn về nhà__ về nghỉ_ngơi một_chút .
请 收好 。,xin nhận kĩ .
请 问 ， 有 什么 我 可以 帮 你 的 吗 ？,"Xin hỏi , có gì tôi có_thể giúp gì bạn ?"
到 哪 可以 退票 ？,Tôi có_thể hoàn vétrả vé được không ?
演员 阵容 包括 著名 演员 吗 ？,Người nhân_viên có x___ nhân_viên không ?
我 得 坐 明天 一早 去 洛杉机 的 班机 。,Tôi phải đi chuyến bay chuyến bay đến Los_Angeles vào ngày_mai .
我 有 一点 飞行 时差 。,Tôi có một cuộc bay lúc nào .
每 晚 一百 美元 加上税 和 服务 费用 。,Giá đô_la một đô_la và một và phí dịch_vụ và phí dịch_vụ .
"是 的 , 她 在 。","Vâng , cô ta ở đây ."
为什么 东方人 喜欢 喝 茶 而 西方人 喜欢 喝 咖啡 ？,Tại_sao người đông_lớn thích uống cà_phê thích uống cà_phê ?
他 可以 做好,anh ta có_thể làm tốt
"jane 的 朋友 , 苏珊 , 来 看 你 了 。","H người bạn của bạn ,__ , , đến thăm bạn ."
从 这 到 古芝 地道 花 多 长 时间 ？,Đi từ đây đến củ_ bao_lâu ?
有的 学校 在 字母 后面 加上 加和减 。,"Có trường_hợp ở phía sau , và__ ."
我 还 没有 “ 贵宾卡 ” 。,Tôi chưa chưa có___ .
我 能 用 旅行 支票 吗 ？,Tôi có_thể thanh_toán séc du_lịch không ?
西装,Tây_áo
你 好 Tanaka 。,Chào T T .
染发,tóc
太 吵 了 怎 能 工作 。,Ồn_ào quá sao làm_việc được .
在 中国 饭店 。,Tại khách_sạn Trung_Quốc .
听 上去 你 昨晚 喝 多 了 。,Âm_thanh đó đã có nhiều nhiều .
我 常 看 青年 日报,tôi thường xem phim__
我 能 洗澡 吗 ？,Tôi có_thể tắm tắm không ?
两 杯 台克利 鸡尾酒 谢谢 。,Làm_ơn cho hai ly-r-n-n . .
我 能 通过 吗 ？,Tôi có_thể được được không ?
这 是 我 公司 的 最 低 价 ， 不 能 再 让 了 。,"Đây là giá thấp nhất của công_ty tôi , không_thể bớt nữa ."
当 微风 吹起 的 时候 ， 河面 荡起 了 涟漪 。,"Khi vư_trời , ,_lóc đã bị trấy_m ."
我 是 伍振福 ， 你们 好 吗 ？,"tôi là Hũ_g , các bạn có được không ?"
我 要 吃 。,Tôi muốn ăn .
我 能 预约 星期五 吗 ？,Tôi có_thể đặt trước một_ không ?
抱歉 让 你 久等 了 。,"Xin_lỗi , để bạn đã chờ lâu ."
我 的 皮肤 对 花粉 过敏 。,Tôi bị dị_ứng với tôi .
我 现在 在 节食 。,Bây_giờ tôi đang ăn kiêng .
把 脖子 露 出来 。,Đ cái nón ra ngoài .
现在 没有 对象 ， 怎么 可以 谈到 结婚 的 事 。,"Bây_giờ không có__ , thế_nào có_thể nói_chuyện ."
我 得 在 六点 之前 回去 。,Tôi phải trở_về trước 6 giờ .
你 要 留 个 言 吗 ？,Bạn có muốn để lại lời không ?
需要 先 存 一 笔 钱 吗 ？,Bạn có cần gửi trước một một_ tiền không ?
我 想 要 女装 。,Tôi muốn mua_áo .
请问 ， 981 次 班机 什么 时候 起飞 ？,Xin hỏi chuyến bay 981 khi nào cất_cánh ?
"用户 可以 用 这个 软件 , 在 十 分钟 之内 做出 一 个 网页 来 。","Để dùng sử_dụng dùng__kiện này , trong vòng mười phút có_thể đến được một_ ."
请 给 我 看 一 个 比较 便宜 的 。,Làm_ơn cho tôi xem cái rẻ hơn .
慢慢 来 ！,từ_từtừtừ nhé !
这 是 我们 的 报价单 ， 这 是 样本 和 目录 。 请 你们 先 看 一下 吧 ！,"Đây là bảng báo_giá của chúng_tôi , đây là catal và mẫutal và mẫu . xin mời các bạn xem qua ."
您 要 吸烟 去 的 座位 还是 无烟区 的 座位 ？,Bạn muốn hút thuốc đi hay chỗ ngồi hay không hút thuốc ?
祝 你 好运 ！,Chúc bạn may_mắn !
包括 税 那 个 多少 钱 ？,Cái bao_nhiêu thuế giá bao_nhiêu ?
六点 出发 ， 什么 时候 到 那儿 ？,"6 giờ giờ , khi nào đến đó ?"
我 想 预订 一 张 三 个 人 的 桌子 。,Tôi muốn đặt một bàn cho ba người .
我 的 预约号 是 249 。,Số đặt phòng của tôi là 24 .
你 什么 时候 要 都 可以 。,Bạn nên khi nào cũng cũng được .
你 在 闲暇 时常 干 什么 ？,Bạn sẽ làm gì ở đâu ?
他 正在 开会 呢 。,Anh ta đang họp họp .
我 犯 了 什么 错 ？,tôi đã phạm gì gì ?
我 是 一九八二年 生 的 。,Tôi sinh năm 1982 .
今天 的 温度 是 多少 ？,Hôm_nay nhiệt_độ là bao_nhiêu ?
灰 狗 长途 汽车 公司 的 车站 在 哪 ？,Bến đỗ_L ở đâu ?
我 有 两 个 ， 一 个 男孩 和 一 个 女孩 。,"Tôi có hai cái , một trai và một gái ."
甚至 我 的 下巴 也 疼 不 能 咀嚼 东西 。,"Vẳng__ , tôi__ tôi không_thể giữ__đạc ."
我 想 要 漂亮 点 的 。,Tôi muốn một cái gì đó .
我 每 天 早上 六点钟 起床 。,Tôi thức_dậy lúc 6 giờ mỗi sáng .
我 有 一千 美元 的 现金 。,Tôi có 1000 tiền_mặt đô_la .
我 能 要 三 天 的 治 头痛 的 药 吗 ？,Tôi có_thể uống thuốc trị đau đầu_ đầu trong ba ngày không ?
这个 教室 大 。,Nhà_hàng này .
今晚 你 愿意 来 我们 的 宴会 吗 ？,Bạn có_thể quay bữa tiệc tiệc của chúng_tôi không ?
救护车 到 这儿 要 多 长 时间 ？,xe_hơi xe_ đến khi mất bao_lâu ?
请 叫 个 出租车 。,Làm_ơn gọi một xe taxi .
请 不 要 打扰 我 睡觉 。,Làm_ơn đừng làm phiền tôi .
"唔 ! 现在 十二月 我们 商店 不 卖 花园 耙子 , 但是 我 会 去 楼 上 看看 。","Vâng , bây_giờ chúng_ta không_thể bán hàng____viên , nhưng tôi sẽ đi đến lầu ."
我 想 往 旧金山 打个 电话 。,Tôi muốn gọi điện_thoại đến San_Francisco .
对 你 那么 严格 ， 为了 让 你 进步 更 快 。,"Tôi nghiêm_khắc với bạn , vì vậy bạn tiến_bộ nhanh hơn ."
我 要 在 下 一 个 信号 灯 下车 。,Tôi sẽ xuống tại đèn__theo .
这个 展览 不 是 很 有意思 。,C triển_lãm này không phải là ý_nghĩa .
都 办 完 了 。,đều đã làm xong rồi .
那 有 另外 收费 吗 ？,Có phụ thêm phí không ?
我 可能 稍 晚 一点 回家 。,Tôi có_thể có một_chút về một đêm .
从 现在 开始 我 会 很 小心 的 。,Tôi bắt_đầu khi tôi đang_đầu từ đây .
我 整个 下午 什么 都 没 干 。,Tôi không_thể nghe những gì đó chiều nay .
今天 的 气温 比 昨天 高 一点儿 ， 穿 这 件 衣服 有点儿 热 。,"Nhiệt_độ hôm_nay so với hôm_qua cao hơn , mặc quần_áo này nóng ."
加油 ， 请 不 要 放弃 ， 还 有 机会 。,"Cố lên , đừng không_bỏbỏ , còn cơ_hội ."
时间 有点儿 不巧 。,thời_gian có chút không .
我 能 免税 购买 它 吗 ？,Tôi có_thể miễn thuế không ?
去康 福特 旅馆 。,Đi đến nhà_sạn F .
我们 已经 吃完 了 。,Chúng_tôi đã xong xong rồi .
我 想 参加 旧金山 海湾 巡航游 。,Tôi muốn tham_gia chuyến du_lịch biển_ biển .
这 附近 有 马房 吗 ？,Có phòng gần đây không ?
但是,nhưng
我 在 这儿 工作 差不多 一 年 了 。,tôi làm_việc ở đây trong một năm rồi .
这 是 我 的 行李 票 。,Đây là thẻ yêu_cầu của tôi .
是 的 我 想 游览 古迹 。,"Vâng , tôi muốn tham_quan cổ_ . ."
炒饭,cơm cơm
这 是 你 的 票 。,Đây là vé của bạn .
我 的 手提箱 坏 了 。,Túi_li của tôi bị hư .
星期一 不 营业 但是 其他 时间 都 营业 。,Không có phải không__gian bất_kỳ thời_gian .
书 。,Quyển sách .
你 可以 给 我 看看 别的 不同 的 样式 吗 ？,Bạn có_thể cho tôi xem một_số khác khác nhau khác không ?
我 很 想 看 ， 票 一定 很 难 买 吧 ？,"tôi rất muốn xem , vé nhất_định rất khó mua phải không ?"
一 个 预约 座位 谢谢 。,Xin vui_lòng cho một chỗ chỗ chỗ .
今晚 的 账单 。,Hóa đơn_ tối nay .
吃 啊 ， 别 客气 。,"ăn à , đừng khách_sáo ."
得到 你们 带 我 去 参观 ， 我 很 高兴 .,"Được các bạn hướng_dẫn đi tham_quan , tôi rất vui ."
我 去 斯盖维 酒店 该 坐 什么 车 ？,"Tôi nên bắt xe_ đến đến khách_sạn "" ?"
这 是 上 好 的 真皮 ， 很 柔软 。,Đó là thật thật tuyệt_vời .
谄媚 不 能 给 你 多 带来 些 小费 。,Tôi không_thể không_thể đưa bạn một_số nhỏ hơn .
明天 星期一 。,ngày_mai . thứ_mai .
我们 有 左边 的 包厢 座位 和 右边 的 正厅 座位 。,Chúng_tôi có những chỗ ngồi trong ban_công và ngồi trong bên .
接线员 ？,Người_đài_hành ở đâu ?
我 把 东西 落 在 503 房间 了 。,Tôi đã để quên đồ của tôi trên phòng 50 .
是 的 我 喜欢 。,"Vâng , tôi thích nó ."
哦 ， 我 的 钱包忘 在 车 上 啦 ，,Ô . ví tiền của tôi ở trên xe .
隔壁 桌 他们 在 吃 什么 ？,Họ có_thể trong họ ăn ở tại nhà_hàng gì vậy ?
今天 你 去 哪里 ？,Hôm_nay bạn đi đâu ?
噢 谢谢 。,Cảm_ơn .
我 成功 的 通过 了 这 次 考试 。,Tôi đã bị mất_ trong kỳ_công .
电梯 里 不 让 吸烟 。,P thang_máy không để hút thuốc .
你 从 哪儿 听 说 的 ？,Bạn từ nghe nói gì ?
这个 标志 是 什么 意思 ？,Đặc_hiệu này có nghĩa là gì ?
请 把 您 的 姓名 地址 写 这 。,Xin vui_lòng ghi tên của bạn ghi .
那 是 因为 决定 是 由 集体 来 作出 的 。,Đó là vì_ quyết_định là_____ .
我们 要 照 结婚 照片,chúng_tôi muốn chụp hình cưới
光 有 理论 还 不 行 ， 还 需要 联系 实际 。,"Chỉ có một__ còn chưa được được , mà cần có liên__ thực__ ."
谁 在 那 住 ？,Ai ở ở đó ?
我 的 电话费 多少 钱 ？,Điện điện_thoại của tôi là bao_nhiêu ?
钥匙 在 车里 。,Chìa chìa ở trong xe_hơi .
请 不 要 在 车上 抽烟 。,Làm_ơn đừng ở hút thuốc .
本子 一 本 几 块 钱 ？,cuốn 1 quyển là bao_nhiêu ?
他们 想 读 绘图 ， 以后 作 个 设计师,"họ muốn học đồ_hoạ , sau này làm kỹ_sư thiết_kế"
接客 ， 送客 都 要 买 票,"tiếp_ , khách khách đều phải mua vé"
跪下 。,Ở yên .
明早 八点 你 能 拿 两 份 早餐 到 我 房间 来 吗 ？,Bạn có_thể mang cho tôi hai bữa ăn sáng lên đến đến phòng của tôi được không ?
要 不 要 洗车 ？,cần rửa xe không ?
你 能 给 我 你 的 电话 号码 吗 ？,Bạn có_thể cho tôi số điện_thoại của bạn không ?
有 七点半 的 票 吗 ？,Bạn có vé cho lúc 7 giờ 30 không ?
几 点 出发 ？,mấy giờ ?
好 的 没 问题 。,Được rồi không vấn_đề gì .
请 问 ， 寄航空 信件 到 英国 ， 邮费 是 多少 钱 ？,"xin hỏi , gửi thư thường gửi thư đến nước_phí , bao_nhiêu tiền ?"
记得 吗 ？,nhớ không ?
房租 不 包括 煤气费 。,Căn phòng không bao_gồm phí ch tiền .
小张 是 单身主义 ， 说 什么 也 不 嫁 。,"Tiểu_Trương là một______ , nói gì cũng không_thể ."
请 听 从 管理 人员 的 指挥 。,Xin vui_lòng cho tôi biết hướng_dẫn_viên nhân_viên .
它们 和 自然 生长 的 树 看 起来 一样 。,Họ khác với giống như với giống như người khác nhau .
没有 比 小丽 更加 热爱 艺术 的 人 了 。,Không có còn nhỏ hơn một______thuật rất__thuật .
有 电视 吗 ？,Có ti_vi không ?
请 尽快 把 我 的 行李 送到 我 的 酒店 。,Xin vui_lòng mang hành_lý của tôi đến khách_sạn của tôi .
谢谢 您 来 接 我 。,cám_ơn ông đến đón tôi .
好 ， 我 的 电话 只 能 打 内省 。,"Được , tôi_thoại chỉ có_thể làm_việc trong ."
我 想 用 适合 普通 发质 的 洗发水 。,Tôi muốn dầu gội cho dầu gội đầu bằng đường_hàng .
营业 到 多 晚 ？,Nó mở đến trễ như thế_nào ?
林 先生 ， 很 高兴 再 见到 你 。,"Ông Jones , rất vui_ gặp lại bạn ."
出 了 一 起 抢劫 事件 。,Có một tai_nạn___ .
周末,cuối tuần
对 不 起 打错 了 。,"Xin_lỗi , nhưng gọi nhầm số ."
发动机 修过 没有 ？,máy_chụp tự_động không ?
就 给 我 剪短 一点 就 行 了 。,Chỉ cần cắt cho tôi 1 chút là được .
他 工作 忙 吗 ？,công_việc của anh ấy có bận không ?
我 的 车 没有 汽油 了 。,Xe của tôi không có xăng xăng .
我 没 打 过 电话 。,Tôi đã gọi điện_thoại .
我 想 考 财政 管理 。,Tôi muốn thi quản_lý tài_lý .
今天 这些 卖 吗 ？,Hôm_nay có bán hàng không ?
请 问 飞机 能 按时 起飞 吗 ？,Xin vui_lòng cho tôi biết lịch__hành đúng giờ được không ?
太 黑 了 我 看 不 清楚 。,Nó quá tối tôi không_thể nhìn thấy rõ .
那 很 好 ！,Thế tốt .
我 只 会 说 日语 。,Tôi chỉ biết nói tiếng Nhật .
请 你 把 你们 公司 的 情况 来 介绍 一下 吧,mời bạn vào giới_thiệu của__ của bạn đến một_chút nhé
您 负责 工作 的 哪个 方面 ？,Bạn phụ__việc cho__ của công_việc nào ?
和 你 在一起 我 真 愉快 。,Rất vui được bạn_ tôi với bạn .
抱歉 。 我 倒 是 想 开 ， 但是 我 不 会 开车 。,"Xin_lỗi . Tôi đã nghĩ là một món , nhưng tôi không lái xe ."
我 看 了 你 的 报告 。,Tôi đã xem báo_cáo của bạn .
她 是 老师 。,cô ấy là giáo_viên .
你 要 在 四十四 街 换车 。,Bạn sẽ ở xe_lộ số 4 .
他 这个 人 做 什么 事 都 决心 做好 。,Anh ấy luôn làm việc gì cũng làm_việc . .
我 能 把 这个 收拾 一下 吗 ？,Tôi có_thể dọn cái này được không ?
请 随身 带 着 您 的 贵重 物品 。,Xin vui_lòng mang theo đồ quý_giá của quý ông .
在 这儿 夏天 热 吗 ？,Nó ở đây mùa hè không ?
我 可以 自己 走 。,Tôi có_thể tự mình mình .
请 给 我 一 张 去 纽约 的 票 。,Xin vui_lòng cho tôi một vé đến New_York .
我 托运 了 我 的 行李 。,Tôi đã kiểm_tra hành_lý của tôi .
如果 议会 被 解散 将 举行 大选 。,Nếu cơn_ được được giải_quyết được__ph sẽ .
为什么 女人 天生 爱 美丽 ？,Tại_sao nữ_sao ngày_ thích ngày ?
我 要 办 个 身份证 。,tôi muốn làm thẻ chứng_minh .
这个 门牌 总是 找 不 到 。,cửa_hàng này không tìm được .
去格兰德 酒店 。,Khách_sạn Park_S đến Grand .
多 长 ？,dài bao_nhiêu ?
这 部 电影 在 上映 前 就 被 炒 得 沸沸扬扬 了 。,Bộ phim này được bị_thương trước khi bị trong nhà_hàng .
我 不 想要 体积 大 的 。,Tôi không muốn nó lớn hơn .
每 个 月 一百万 。,mỗi tháng .
再见 今晚 给 我 打 电话 。,tạm_biệt gọi cho tôi vào tối nay .
我 今年 二十 岁 。,Tôi năm nay 20 tuổi .
这个 颜色 不 对 。,màu này không đúng .
我 想 要 一 盏 灯 。,Tôi muốn một đèn đèn .
你 生日 是 哪 天 ?,sinh_nhật bạn là ngày nào ?
那 个 医生 什么 时间 能 来 ？,Bác_sĩ đó có_thể đến ?
独唱者 是 谁 ？,người là__ ai ?
我 想 参观 海港 。,Tôi muốn tham_quan biển biển .
那 本 怎么 卖 ？,Nó đó bán sao ?
"有 橙汁 , 啤酒 , 葡萄酒 , 威士忌 和 鸡尾酒 。","có nước_ , bia , rượu_ rượu và rượu th ."
我 刚 才 两 条 腿 一 软 ， 几乎 摔倒 。,"tôi mới mới mới hai , một_ , , suýt_nữa ."
等 她 回来 请 让 她 给 我 打 电话 。,Xin cô ấy quay về cô ấy gọi cho tôi gọi cho cô ấy .
"不 , 我 不 喜欢 看 其他 的 人们 玩 。","Không , tôi không thích xem_số người khác ."
主干道 是 干净 的 但是 后街 就 太 脏了 。,"Chủ_phố chính_ , nhưng sau khi ăn_ sẽ là quá ."
请 等 一 分钟 ， 车 就 到 。,"xin đợi 1 phút , xe là đến ."
我 多 长 时间 吃 一 次 药 ？,Tôi nên dùng thuốc trong bao_lâu ?
我 能 看看 你 的 照 吗 ？,Tôi có_thể xem một_số của bạn không ?
这里 能 兑换 日元 吗 ？,Tôi có_thể đổi đồng yên ở đây được không ?
上,lên
为什么 你们 不 设法 排排 烟 呢 ？,Tại_sao các bạn không___hàng như vậy ?
你 打算 请 多少 亲友 ？,Bạn dự_định bao__nhiêu ?
浴室 看 上去 好象 没有 打扫 干净 。,Yu_tắm không nhìn thấy___ sạch_ sạch quét sạch_sẽ .
五 分钟 以内 就 好 。,Nó năm phút trong năm .
走路 能 到 吗 ？,Đi bộ có_thể đến được không ?
我 想 报名 参加 一 个 瀑布 之 旅 。,Tôi muốn đăng_ký một chuyến du_lịch đến__phố ._phố .
我 要 把 住宅 作为 抵押 。,Tôi muốn ở lại cho tôi__ .
我 坐 下 一 趟 巴士 。,Tôi sẽ đi xe_buýt tiếp_theo .
能 给 我 房间 钥匙 吗 ？,Bạn có_thể cho chìa khóa phòng của tôi được không ?
你 去 过 波士顿 吗 ？,Bạn đã đến Boston chưa Boston Boston ?
你 最 喜欢 看 什么 报 ？,Bạn thích đọc báo gì ?
我 能 开窗 吗 ？,Tôi có_thể mở_cửa không ?
今天 已经 九月 二号 了 。,Hôm_nay đã ngày 2 tháng 9 .
是 我 的 。,"Vâng , tôi ."
我们 吃 晚餐 。,Chúng_tôi ăn bữa ăn tối .
是 这 条 路 吗 ？,Nó đường này đúng không ?
约瑟夫 ， 那 个 女人 是 谁 ？,"YJ , xin người đó cô ấy là ai ?"
发 传真 多少 钱 ？,fax fax bao_nhiêu tiền ?
我们 可以 在 这 盆景 前 照相 。,Chúng_tôi có_thể chụp hình ở đây .
你 能 给 我 叫 个 出租车 吗 谢谢 ？,Bạn có_thể vui_lòng gọi cho tôi một xe taxi được không ?
我 很 好 ， 你 呢 ？,"tôi rất khoẻ , còn anh ?"
在 哪 待 几 晚 ？,Tôi có_thể ở lại ở đâu ?
我 想 订 去 西雅图 的 座位 。,Tôi muốn đặt một chỗ ngồi Seattle .
他 今年 比 我 小 三 岁,năm nay nay nhỏ hơn tôi 3 tuổi .
你 好 吗 ？,bạn khoẻ không ?
我 正在 给 一 个 小孩 找 件 礼物 。,Tôi đang tìm một món quà cho một đứa .
你 多少 钱 卖 这个 ？,Bạn bao_nhiêu tiền cái này ?
如果 我 遇到 麻烦 我 和 谁 联系 ？,Tôi có liên_lạc với tôi với tôi_chuyện với tôi ?
祝 你们 百 年 好合 。,chúc các bạn có_vẻ tốt hơn .
清 你 让 我 看 身分证 。,Xin vui_lòng cho tôi xem chứng_minh_thư .
他 一定 来,anh ấy nhất_định đến
前面 请 不 要 剪 的 太 多 。,Ngay_ơn đừng cắt quá nhiều .
请 你 三 天 后来 取 相片 ， 同时 选择 放大 的 相片 。,"xin ba ba ba mươi phút sau đó , và_thời trang____ ."
"你 好 , 我 想 打 叫人 电话 。","Xin chào , tôi muốn gọi điện_thoại người nghe ."
这 附近 有 个 自助 洗衣 店 吗 ？,Có tiệm_hàng quần_áo nào quanh đây không ?
应该 会 很 快 ， 大概 十五 分钟 吧 。,"Nó biết rất nhanh , khoảng 15 phút ."
你 可以 把 它们 扔掉 ， 我 不 要 啦 。,"Bạn có_thể làm chúng chúng , tôi không muốn ."
嗯 ， 我 不 太 清楚 。,"À , tôi không rõ lắm ."
这里 的 自来水 可以 喝 吗 ？,Nước nước_ đây có có_ uống uống không ?
你 要 给 正好 的 钱 。,Bạn sẽ trả tiền cho bạn .
我 知道 我 应该 去 ， 但是 那个 地方 不 是 很 方便 ，,"Tôi biết tôi nên đi , nhưng đó không có phải là rất tiện_tiện ."
我 的 意见 跟 你 的 一样,tôi_kiến của tôi giống như vậy
那 正 是 我 要 说 的 。,Đó là những gì tôi nói .
家用 电器 店,nhà_máy điện_
那 好 ， 我们 带 把 雨伞 吧 。,"Được rồi , chúng_ta đưa đi làm ngoài ."
给 我 拿 些 口红 。,Hãy cho tôi một_ít son môi .
我 想 取消 和 A 先生 的 约会 。,Tôi muốn hủy_ hẹn với vào tiệc của ông .
太 好 了 ！ 您 学习 什么 ？,Thế quá ! ! ông học gì ?
你 想要 咖啡 和 晚饭 一起 上 还是 待会 再 上 ？,Bạn muốn dùng cà_phê hay với bạn hay_là sau đó ?
出 了 什么 问题 ？,Có gì gì vậy ?
三 个,cái
下 个 星期 。,Tuần tuần sau .
七十九 美元 八十九 美元 九十九 美元 一百 美元 。,"Bảy đô_la đô_la , đô đô_lala đô đô_la . đô_la ."
不 记得,không nhớ
你 在 开 玩笑 对 吗 ？,Bạn đang đùa à à ?
这个 座位 被 占 了 。,Ghế ngồi này bị bị tr .
剧院 在 哪 ？,Nhà_hát nằm ở đâu ?
我 可以 打 电话 给 你 吗 ？,Tôi có_thể gọi điện cho bạn được không ?
但是 你 可能 得 等一会儿 。,Nhưng bạn có_thể chờ một lát .
小 勇 一直 缺乏 自信心 ， 工作 十 年 至今 无所作为 。,"Tiểu_Dũng ham_lánh__âm__việc ,__việc chăm_tác năm năm_______ ."
我 带 我 的 弟弟 到 动物园 。,Tôi sẽ đến__ của tôi sở sở_thú .
你 想 出去 吃 饭 吗 ？,Bạn có muốn ra ngoài ăn không ?
小王 说 他 不 学好 中文 绝 不 谈恋爱 。,Tiểu_Vương nói không học tốt tiếng hoa quyết không nói .
真 遗憾 ， 今天 我 不 能 去 叁加小林 的 婚礼 了 。,"thật đáng tiếc , hôm_nay tôi không_thể đi đến_ hôn__ của trong__ ."
我 希望 这样 的 好 天气 能 至少 持续 一些 天 。,Tôi hy_vọng tôi sẽ__thấy thời_tiết tốt___ trong một ngày .
请 把 申报单 给 出口 的 那 个 官员 。,Xin vui_lòng khai_báo cho nhân_viên nhập_khẩu .
有 DomPerignon 吗 ？,Bạn có Monsonerson không ?
我 要 买 些 必需品 。,Tôi muốn mua một_ít đồ__ .
我们 给 您 订房 了 。,Chúng_tôi đã đặt phòng cho bạn .
我 想 取消 我 的 预约 。,Tôi muốn hủy bỏ đặt chỗ của tôi .
最近 的 五金店 在 哪 ？,Cửa_hàng gần nhất ở gần nhất ở đâu ?
不 怎么样,không ra_sao cả
用 一 条 手帕 捂住 嘴巴 。,S chiếc vòng đeo tay_tay bằng tay .
唔我 想 我 现在 最好 走 了 。,"Vâng , tôi nghĩ tôi đang đi bây_giờ ."
"哪儿 的话 , 照顾 的 很 不 够 .","sao đâu , , thật là ngon ."
我 要 今晚 的 什么 的 都 可以 。,Tôi sẽ lấy gì cho tối nay .
您 想 今天 就 预约 时间 吗 ？,Bạn có muốn đặt phòng cho thời_gian hôm_nay không ?
这里 疼 。,Nó đau ở đây .
但是 我 想 有 更 好 的 收入 ，,Nhưng tôi nghĩ có thu_nhập tốt hơn .
我 给 你 画 张 图 。,Tôi sẽ vẽ cho bạn bản_đồ .
我 喜欢 看 外语 书 .,Tôi thích đọc sách ngoại_ngữ .
祝 幸亏,chúc__
这个 周末 我们 去 芽 庄,tuần_ tuần này chúng_ta đi nha_
我 有 两 本,tôi có 2 cuốn
我 要 兑换 这些 美元 。,Tôi muốn đổi tờ đô_la Mỹ .
我 要 把 你 的 权利 读 给 你 听 。,Tôi sẽ đưa bạn bạn___ của bạn .
有 什么 本地 啤酒 ？,Bạn có những gì địa_phương nào ?
今晚 有 男士 的 床 吗 ？,Có một giường giường nào dành cho nam không ?
你 可以 把 它 放 在 你 座位 下面 的 地板 上 。,Bạn có_thể đặt nó vào một tấm trên mặt bạn bạn bạn .
你 学 汉语 学 了 多久 ？,bạn_học tiếng Hoa bao_lâu ?
你 认为 哪 条 路线 适合 我 ？,Bạn cho tôi biết đường nào_hợp với tôi ?
我们 的 总 公司 在 这里 。,Tổng__ của của chúng_tôi ở đây .
你 能 打开 空调 吗 ？,Bạn có_thể mở điều hòa không_khí không ?
是 的 ， 如果 一切 顺利 ，,"Vâng , nếu tiến__ thuận_lợi ."
包括 这个 服务 费用 吗 ？,Cái này có bao_gồm phí dịch_vụ không ?
我 去 过 悉尼 。,Tôi đã đến khắp W .
你 当时 在 哪里 ？,Bạn đã ở đâu ?
这 辆 出租车 走 吗 ？,Xe_buýt này đi bằng xe không ?
是 吗 ？ 他 的 生日 是 几 月 几号 ？,vậy à ? sinh_nhật của anh ấy ngày mấy tháng mấy ?
我 想 要 一 条 珍珠 项链 。,Tôi muốn một chiếc vòng_ cổ .
太 大 了 。,lớn quá lớn .
您 满意 吗 ？,Bạn có_thể không ?
这 是 我 的 国际 驾照 。,Đây là lái_tế của tôi .
好像 有点 不 合适 。,Nó có_vẻ hơi không vừa_vặn .
你 给 我 洗 二十 张 。,Bạn rửa dùm tôi 20 20 .
往返 的 。,C khứ_hồi .
可是 旅行 的 时候 要 跟 各种各样 的 人 说话 ， 要 问答 ， 要 参观 ， 要 买 东西 。 。 。 ，,"nhưng khi du_lịch của__lịch của bạn là người nói_chuyện , phải__ , ,_ mua mua , mua mua ."
玛丽 去 过 新华 书店 。,Mary Mary qua qua hiệu_sách hiệu_sách .
你 迟到 了 。,Bạn đến muộn rồi .
几 位 ？,Bao_nhiêu người ?
我 想 让 你 帮 个 忙 。,Tôi muốn bạn giúp bạn .
我 对 灰尘 过敏 。,Tôi bị dị_ứng với hàu .
妳要 染 什么 颜色 ？,chị đ màu màu gì ?
我 因为 不 明白 才 来 问 你 。,tôi không_thể hiểu được đến để hỏi bạn .
我 对 鱼 过敏 。,Tôi dị_ứng với món cá .
七点 有 电影 ， 现在 去 来 得 及 来 不 及 ？,"7 giờ có phim , bây_giờ đi đến kịp không ?"
苹果 怎么 卖 ？,Táo bán sao ?
平均 是 二十八 到 三十 度 。,bình_quân 18 đến 22 độ .
我 把 钱 投 进去 了 但 没 东西 出来 。,Tôi bỏ tiền vào và hết rồi .
你 出去 了 这么 长 时间 。,Bạn đã đi thời_gian dài .
能 和 我 换 一下 座位 吗 ？,Bạn có_thể đổi chỗ ngồi của tôi được không ?
一 盘 炒饭,1 tô cơm cơm
票 难 买 吗 ？,Vé có khó_ mua mua vé không ?
你 爸爸 不 是 在 那儿 上班 吗 ？,Bố của bạn không làm ở đó phải không ?
这 件 事 谁 不 知道 呢 ？,việc này ai không biết sao ?
你 像是 得 了 流感 。,Bạn dường_như đã bị bệnh__ .
六点 十五分,6 15 phút
你 这个 头痛 已经 多久 了 ？,Bạn đã đầu__ bao_lâu rồi ?
新年 、 春节 、 劳动节 、 国庆节 都 放假 。,"năm mới , tết__Đ_Động , lễ__ Quốc_khánh được ."
脖子 扭了 怎么 办 ？,Th làm_ làm thế_nào ?
它 是 哪 个 国家 制造 的 ？,Nó là sản_xuất nào vậy ?
那边 有 个 警察 岗亭 。,Có một cảnh__sát ở phía trước .
李丽莉,Lý_Lệ
"有时 弯曲 不 是 屈服 , 而 是 为了 生存 和 发展 。","Đôi_đ không phải là trang_phục , mà là vì sinh_______ ."
月 大,tháng lớn
你 知道 一 家 好 餐馆 我们 可以 在 那 吃 到 价格 公道 的 好 饭 吗 ？,Bạn có biết nhà_hàng nào tốt_hàng có_thể ăn tối tại nhà_hàng đó không ?
在 这里 。,Ở đây .
我 想 订 一 个 房间 八月 二十三 号 和 二十四 号 两 天 。,Tôi muốn đặt một phòng cho ngày 23 tháng 8 ngày ngày hai tháng .
你 能 把 它 再 冰 一下 吗 ？,Bạn có_thể làm nó lại nó không ?
给 您 找 麻烦 了 。,đưa ông ông quá phiền .
请 告诉 我 怎样 去 医院 。,Làm_ơn cho tôi biết làm thế_nào để đến bệnh_viện .
你 带 我 到处 游览 城市 真 好 。,Bạn sẽ dẫn tôi đến một__phố .
等 博览会 结束 后 开始 休假 。,Chờ___ kết_thúc nghỉ_phép nghỉ_phép .
邻居 太 吵 了 。,S__ào quá ồn_ào .
看 博物馆 哪 个 旅游 最 好 ？,Chuyến du_lịch nào là tốt nhất ?
这个 行李 不但 大 ， 而且 很 重 。,"Kiện hành_lý này không_những lớn , mà_còn nặng ."
压缩 音乐,âm_nhạc âm_nhạc
我 的 行李 很 大 ， 一 个 人 搬 不 动 。,"Hành_lý của tôi rất lớn , một_mình tôi không_thể đi được ."
你 知道 他 什么 时候 回 美国 吗 ？,Bạn có biết anh ta khi về Mỹ không ?
您 想 吃 肌肉 还 是 牛肉 ？,Bạn muốn ăn thịt hay thịt bò ?
马上 把 碟子 换掉 。,Bộ dọn_m đổi đổi sang .
骑 得 快 容易 发生 事故 。,Đi nhanh nhanh dễ xảy_ra tai_cố .
我 不 认识 他 。,Tôi không quen anh ta .
能 给 我 拿 条 毯子 吗 ？,Tôi có_thể có một cái chăn không ?
我 喜欢 吃 鸡肉,Tôi thích ăn thịt gà .
您 在 候诊室 等一会 ， 好 吗 ？,Bạn có chờ chờ trong phòng chờ chờ__la được không ?
我 想 租 一 个 十 速 的 自行车 。,Tôi muốn thuê một chiếc xe_đạp__ .
我们 没有 和 民族 有关 的 节假日 。,Chúng_tôi không có một ngày lễ__gia lễ của các khu_vực .
你 能 买到 优惠 的 。,Bạn có_thể mua được giảm giá .
我 想 要 个 紫外线 滤光片 。,Tôi muốn một bộ_cụ lọc ánh_sáng .
我 想 开 一 个 活期 存款 账户 。,tôi muốn mở 1 tài_khoản tiết_kiệm .
奶奶 身体 恢复 的 怎么样 ？,Còn về việc__phục của khỏe như thế_nào ?
你 有 零 钱 吗 ？,Bạn có tiền_lẻ không ?
我 想 把 日元 换成 美元 。,Tôi muốn đổi yên sang đồng đô_la .
你们 这 卖 的 鞋 质量 最 好 的 是 哪 种 ？,Những loại giày của bạn tốt của bạn có tốt nhất là loại nào ?
晚上 好 能 坐下 四 个 人 吗 ？,Có buổi tối có_thể đi vào bốn người không ?
这 条 路 跟 那 条 一样 宽,con đường này rộng rộng kia
兩个人 多少 钱 ？,Giá hai người cho hai người ?
我 想 预订 今晚 六点钟 五 个 人 的 位子 。,Tôi muốn đặt một phòng cho người lúc sáu giờ tối nay .
你 有 橙色 的 吗 ？,Bạn có cái màu màu không ?
一 个 女人 撞 了 我 的 车然 后 开走 了 就 好像 什么 都 没 发生 一样 。,"Một người_ông đã__ xe của tôi đã chạy_như ,_như không có xảy_ra trong khi nào ."
我们 在 这儿 照相 留 个 纪念 吧 。,chúng_ta hãy ở đây để kỷ_niệm ở đây .
干杯 ， 干杯 。,"cạn li li , cạn li ."
请 租 滑雪板 和 长靴 。,Làm_ơn cho một trượt ván và giày dài và giày .
房间 已经 准备 好 了 。,Phòng đã sẵn_sàng .
那 我 选 上午,vậy tôi
这 种 外套 都 在 国内 产生 吗 ？,Có cái áo này này có bán sinh_viên trong nước không ?
对 不 起 。 我 打错 了 。,Xin_lỗi . Tôi đã gọi nhầm số .
晚上 喝 杯 咖啡 ， 跳跳舞 ，,"buổi tối uống cà_phê , khiêu_vũ ,"
我 能 把 这些 票 换成 明天 的 演出票 吗 ？,Tôi có_thể đổi những vé này sang sang__ ngày_mai được không ?
我 的 车 发动 不 起来 了 。,Xe của tôi bị không hoạt_động .
我 想 再次 确定 一下 我 的 预约 。,Tôi muốn xác_nhận lại đặt chỗ của tôi .
去 福特 博物馆 。,đi viện_tàng Ford_tàng .
他们 为什么 把 地铁 称为 tube ？,Tại_sao họ tàu_điện_ngầm được__ ?
好 ， 明晚 见面,"được , tối mai gặp nhau"
请 不 要 加 牛奶 。,Làm_ơn đừng sữa .
我 搭 飞机 觉得 很 累,tôi cảm_thấy cảm_thấy rất mệt_
"是 的 , 你 说 的 没错 。","Vâng , đúng không có gì ."
我 看见 他 来 了 。,Tôi thấy anh ta đến rồi .
别 紧张 。,Đừng quá_ .
请 给 我 打 五 折 。,Làm_ơn giảm giá cho tôi năm năm mươi .
请 叫 个人 帮 我 拿下 行李 。,Làm_ơn gửi hành_lý xách tôi tôi .
医生 ， 我 有 什么 严重 吗 ?,"bác_sĩ , tôi có nghiêm_trọng không ?"
加油站,trạm cây ga
我 需要 一些 鞋垫 。,Tôi cần một_số giày giày .
这个 产品 被 每 月 工业 技术 杂志 称为 计算机 发展史 上 的 里程碑 。,Sản_phẩm này được tổ_chức vào___ được được__hành trong____________ .
外语 书 在 哪里 ？,sách ngoại_ ngoại ở đâu ?
这 是 城镇 地图 。,Đây là bản_đồ thành_phố .
在 ， 请 你 等 一下 ， 世平 ， 你 的 电话 。,"có , xin vui_lòng đợi một_chút , Thế_Bình của điện_thoại của bạn ."
只有 多 交流 ， 才 能 有 进步,"chỉ có nhiều__ưu , mới có_thể có được_bộ"
他 再 有 钱 ， 生活 也 不过 如此 。,"anh ta có tiền , , cuộc_sống cũng cũng thế thôi ."
我 从 没 见 过 这么 美丽 壮观 的 景色 。,Tôi chưa bao_giờ thấy nó ở mặt__hình__hình .
如果 有 文化 对 同业 我 就 会 对待 办法,nếu có văn_hoá có_nghiệp thì tôi sẽ_thể làm_việc
你 看来 看去 ， 究竟 要 买 什么 ？,"xem xem xem đi , ,__ cần mua mua gì ?"
我 必须 在 六点 之前 赶到 那里 。,Tôi phải ở đó trong khoảng 6 giờ .
我 想 在 尽快 的 时间 用 担保 寄出 。,Tôi muốn gửi nó thời_gian để gửi nó trong khi tôi__ .
谢谢 你们 对 我们 的 关心 。,Cảm_ơn các bạn đã quan_tâm của chúng_tôi .
请 你 再 这儿 坐下 和 看 在 黑板 上 写 的 字,mời bạn lại lại ngồi xuống và xem__ trên__
所有 的 都 在 账单 上 了 吗 ？,tất_cả đều có trên hóa đơn phải không ?
昨天 我 没来 。,Hôm_qua tôi không đến .
我 对 我 自己 一点 信心 也 没有 。,Tôi không hề tin__ mình .
我 很 喜欢 它 但是 我 不 喜欢 这个 图案 。,Tôi rất thích nhưng nó nhưng nhưng tôi thích không__đồ này .
登机 拖延 。,Hãy lên máy_bay .
昨晚 踢 的 两 队 ， 比分 是 多少 ？,"2 2__ của của , Bill_ là bao_nhiêu ?"
我 每 天 都 坐 地铁 上下班 ， 所以 我 已经 习惯 啦 。,"mỗi ngày tôi đều đi tàu_điện_ngầm , vì vậy tôi đã quen rồi ."
当然 可以 。,Chắc_chắn rồi .
和 你 聊天 我 也 很 开心 ！,Rất rất nói_chuyện với tôi cũng rất vui_vẻ !
我 非常 喜欢 这个 国家 。,Tôi rất thích đất_nước này .
告诉 我 在 干什么 呢 。,Nói nói cho tôi biết làm gì .
请 给 我 大 面额 钞票 。,Làm_ơn cho tôi một_số mệnh_giá nhỏ .
把 你 的 包放 在 这 上面 只 托运 一 个 包 ？,Bạn túi của bạn ở đây để kiểm_tra cái túi này ?
请 再 说 一 次 。,Xin vui_lòng nói lần nữa .
屋子 里 没有 人 。,Không có ai không trong .
离 车站 多 远 ？,Đi_xe nhà xa không ?
不 好意思 打扰 您 了 。,không áy làm phiền ông .
弟弟 比 我 小 两 岁 。,Em_trai nhỏ hơn tôi hai tuổi .
三点一刻 。,3 giờ kém 15 .
好 的 ， 那 在 下 一 个 十字路 口 停 一下 吧 ，,"Được , đó sẽ dừng lại tại ngã_tư tiếp_theo ."
是 吗 ？ 看来 你 也 很 面善 。,thật không ? cũng xem bạn cũng rất__ . .
大约 需要 三十 分钟 。,Khoảng khoảng ba mươi phút .
阿志,A
电视 节目 正 精彩 呢 。,Chương_trình tivi đang hay mà .
我 想 租 五 天 。,Tôi muốn thuê năm ngày năm ngày .
我 在 哪 坐 巴士 ？,Tôi có_thể bắt xe_buýt ở đâu ?
这里 能 兑换 外币 吗 ？,Ở đây có_thể đổi ngoại_tệ ở đây không ?
为了 欢迎 你 来 ， 星期六 我们 请 你 在 中国 饭店 吃饭 。,"Để_nghênh bạn đến , thứ_bảy chúng_tôi mời anh ở ăn cơm ở Trung_Quốc ."
我 要 两 张 到 顺化 的 票 ， 高速 的 。,"tôi muốn hai vé đến huế ,__ cao ,"
请 给 我 拿 个 闪光灯 。,Làm_ơn cho tôi một đèn nháy .
镜子 在 哪里 ？,D_ ở đâu ?
涌流 太 强 了 无法 浮潜 。,Váu_l quá___thể làm_ăn .
有 旅行 闹钟 吗 ？,Có tour du_lịch nào không ?
我 真 羡慕 年轻人 。,Tôi ngưỡng_mộ giới trẻ lắm .
奶奶,bà
自从 我 加入 公司 以后 ， 遇到 两 次 这 种 机会 。,"Trong khi tôi tôi chuyển_ công_ty sau khi , đến hai lần__ này lần này ."
我们 何 不 去 那块 暗礁 附近 ？,Tại_sao chúng_ta không đi đến đó bằng cách nào ?
请 过来 在 后面 找 钱 。,Làm_ơn hãy ở tiền_lẻ .
为什么 又 吵 起来 了 ， 这 次 是 为了 什么 ？,"Vì_sao lại s_l lần này , lần này là gì ?"
七十 美元 。,Bảy mươi đô_la .
早安 ， 你 好 ！,"chào buổi sáng , chào bạn !"
动物园 里 有 很多 动物 。,Trong sở_thú có rất nhiều người_vật .
你 记得 车 牌号 吗 ？,Bạn có nhớ xe_hiệu không ?
很 可爱 的 女孩 。,Nó rất cô gái .
"这 层 的 左边 , 靠近 电动 扶梯 。","bên trái của này , gần đây đi thang_máy ."
我们 学校 有 多少 间 学房 ？,trường_học chúng_tôi có phòng học ?
在 左边 还 是 右边 ？,Nó nằm bên phải phải không ?
你们 有 多少 个 餐厅 ？,các bạn có bao_nhiêu nhà ?
我 想 要 双 皮鞋 。,Tôi muốn đôi giày da .
这 次 出差 顺利 吗 ？,lần này công__lợi nàylợi không ?
不 我 是 中国人 。,"Không , tôi là người Trung_Quốc ."
我 打赌 你 从 未 感到 过 孤独 。,Tôi đánh_ bạn đã từ đáy của bạn qua__ .
徐铮 除了 当 导演 以外 还 参与 演出 。,"K__ ngoài ,___ còn___trình__trình ."
两 份 威士 忌酒 谢谢 。,Làm_ơn cho hai chai uýt-xki .
你 经常 听 音乐会 吗 ？,Bạn có thường nghe nghe ca_nhạc không ?
出界 。,Đi .
今年 夏天 流行 这个 。,Cái năm nay vào mùa hè này .
我 累 。,Tôi mệt .
在 那儿 有 很多 旅馆 餐厅 ， 只 需 带 相机 和 泳衣 就 可以 了 。,"ở đó có nhiều__hàng , chỉ cần mang máy_ảnh và áo__ ."
请 把 我 放 在 等候 名单 里 。,Xin vui_lòng đặt tôi vào danh_sách chờ_ .
您 要 蛋黄酱 吗 ？,Bạn có muốn dùng nước sốt không ?
我 会 考虑 。,Tôi sẽ suy_nghĩ về nó .
那 太 好 了 ， 我们 几 个 人 都 喜欢 昌 卡拉 。 。,"Thế tốt quá rồi , chúng_tôi hầu_ người đều thích ."
啊 ， 小王 ， 路 上 辛苦 了 ！,"à , Tiểu_Vương đi đường vất_vả !"
五月 三号 的 日本 航空 公司 的 飞往 东京 的 号 航班 。,Chuyến bay JAL số đến Tokyo vào ngày thứ_ Tokyo vào ngày 3 tháng 3 .
你 说 得 对 ，,bạn nói đúng .
我 感觉 胸口 堵住 了 。,Tôi cảm_thấy bị m bị .
你 有 威士忌 吗 ？,Bạn có rượu_ không ?
我们 有 你 的 预约 。,Chúng_tôi có đặt chỗ của bạn .
你 是 在 哪 买 的 ？,Bạn đã mua nó ở đâu ?
我 不 小心 把 花瓶 打 了 。,Tôi không_thể__ đã bị mất .
你 也 能 用 维萨卡 或 Master 卡 支付 。,Bạn cũng có_thể trả bằng thẻ Master_Card .
你 想开 往来 帐户 吗 ？,Bạn có muốn ra vào tài_khoản không ?
孩子 多 大 了 ？ 是 男孩 还是 女孩 ？,con con bao_nhiêu tuổi ? trẻ_em hay ?
你 计算 一 下 一 共 多少 人 ， 需要 多少 费用 ， 具体 计划 呈报 经理 批阅 。,"Anh đã một_mình_____ cần , bao_nhiêu tiền__ , ,__________ ."
"从 这 边 出去 , 你 会 找到 的 汽车站 。","Đi đi ra ngoài , bạn sẽ tìm thấy xe_buýt ."
王 先生 ， 我们 什么 时候 开始 具体 洽谈 呢 ？,"Thưa ông Vương , khi nào chúng_ta có_thể bàn_bạc công_việc cụ_thể được ?"
填 这 张 表并 在 这 签名 。,Đở_ này này và ký_tên ở đây .
请 稍 等 。,Xin vui_lòng chờ một lát .
我 想 要 一些 睡衣 。,Tôi muốn một_số đồ ngủ .
我 同意 。,Tôi đồng_ý .
我 要 些 米饭 。,Tôi muốn một_ít khoai_ăn .
能 让 一 个 行李 搬运工 早上 6：00 到 我 的 房间 来 吗 ？,Bạn có_thể vui_lòng mang hành_lý đến phòng của tôi đến phòng_ đến được không ?
我 还 没有 对象 。,Tôi chưa có có_tượng .
谁 是 这 队列 的 最后 一 个 ？,Ai là cái__ảnh này trong đây ?
雇个 导游 一 天 多少 钱 ？,Hướng hướng_dẫn_viên một ngày bao_nhiêu tiền ?
今天 有点儿 冷 。,hôm_nay có_thể lạnh .
可以 减少 一点儿 吗 ？,có giảm giá ít 1 chút không ?
我 想 账单 有 个 问题 。,Tôi nghĩ có một vấn_đề gì đó .
你 肯定 吗 ？,Bạn có chắc_chắn không ?
我 没 油 了 。,Tôi không có xăng .
能 把 你 的 地址 给 我 吗 ？,Bạn có_thể ghi địa_chỉ của bạn được không ?
不 能 ， 不 是 很 清楚 ， 这里 真的 很 吵 。,"Không , không phải lắm lắm . Nó thực_sự rất ồn_ào ."
她 是 一 个 诚实 又 可爱 的 人 .,Cô ấy là người sống_thật rất_thật rất dễ_thương .
那 辆 车 跟 我 的 很 像 。,Chiếc xe đó đó với rất giống .
我 姐姐 将 在 机场 接 我 并 作 导游 。,chị_gái tôi sẽ đón tại___ tôi tại sân_bay .
能 给 我 张 票 吗 ？,Bạn có_thể mua vé cho tôi không ?
是 丝纱 的 。,Nó được xây__ .
你 最 好 快点 。,Tốt hơn bạn là tốt .
我 要 把 这 件 行李 托运 到 香港 。,Tôi muốn gửi cái này này đến đến__ .
我 只 喜欢 看 时装 表演 。,Tôi chỉ thích xem chương_trình thời_trang .
我 想 往 日本 打 长途 电话 。,Tôi muốn gọi điện_thoại đường dài đến Nhật_Bản .
我 想 您 关心 的 是 交货 日期 。,Tôi nghĩ ông là quan_tâm của bạn để gửi_ .
我 会 和 一 个 朋友 呆 在一起 。,Tôi sẽ ở lại với một người bạn .
滑雪板 区域 在 哪里 ？,Khu trượt_tuyết ván trượt_ ở đâu ?
对 呀 。 我 的 家人 都 很 喜欢 读书 ，,Được rồi . Gia_đình của tôi rất thích đọc sách .
有 观光 船 吗 ？,Có tàu tham_quan không ?
在 哪儿 买 缆车 票 ？,Tôi mua vé vé thang_máy ở đâu ?
能 把 这些 信发 航空 邮件 吗 ？,Bạn có_thể gửi những cái này bằng thư__ không ?
有些 是 ， 有些 不 是 。,"Một_số , có có một không không ."
你 可以 在 这 张 地图 上 的 指出 它 吗 ？,Bạn có_thể chỉ nó chỉ trên bản_đồ này không ?
你 能 演示 一下 吗 ？,Bạn có_thể chỉ_lòng chỉ được không ?
为什么 不 和 我们 一起 吃 午餐 呢 ？,Tại_sao không không ăn trưa với chúng_ta ăn trưa với chúng_tôi không ?
他 总是 在 庞德街 买 东西 。,Anh ấy luôn mua đồ_sắm trong đồ_sắm .
试工 时间 的 薪酬 两百万 ， 好 吗 ？,Mặc_gian__ 2 chạy 500 20000 .
你 想要 喝 点 什么 ？,Bạn muốn uống gì ?
请 你 在 地图 上 给 我 指路 。,Xin vui_lòng chỉ cho tôi đường trên bản_đồ nhé .
我 想 让 你 去 看 个 专科 医生 。,Tôi muốn bạn đi bác_sĩ khám__sĩ .
你 业余 时间 干 些 什么 ？,Bạn sẽ làm gì để làm gì ?
您 显得 年轻 多 了 。,ông hết_ trẻ hẳn hơn .
小 刘 觉得 这 是 个 好 主意 。,Tiểu_M Lưu_ đây là ý_tưởng tuyệt_vời .
从 前 到 现在 你 已 去 过 多少 地方 了 ？,Bây_giờ trước giờ giờ đã đi đến bao_nhiêu rồi ?
今天 下午 大概 三点 可以 来 拿,hôm_nay buổi chiều 3 giờ có_thể đến lấy
我 能 把 这个 房间 用到 3：00 吗 ？,Tôi có_thể sử_dụng phòng này được không ?
请 来 同样 的 。,Xin vui_lòng cho một cái .
祝 您 愉快 。,Chúc ông vui_vẻ .
你 没有 更 好 的 吗 ？,Bạn không có gì tốt hơn không ?
考试 后 就 去 工作 。,sau khi đi sẽ đi công_việc .
"我 想 预约 今晚 七点 两 个 人 的 位子 , 谢谢 。",Tôi muốn đặt phòng cho hai người lúc 7 giờ tối nay .
能 给 我 一 份 贵 公司 的 产品 目录 吗 ？,Có_thể cho tôi một bảng calo sản_phẩm của công_ty các ông ?
你 是 谁 ？,Bạn là ai ?
对 不 起 但是 在 签字 之前 我 有 一些 事情 需要 和 我 的 老板 商量 。,"Xin_lỗi , nhưng tôi có một_số ví__ và giữ_chủ của tôi ."
怎么 剪 ？,cắt cắt như thế_nào ?
你 几 岁 ？,mấy tuổi mấy ?
我们 在 六十五 个 国家 有 业务 。,Chúng_tôi có một_vụ ở trong sáu giờ .
他 是 个 强盗 。,Anh ấy là kẻ_cướp .
我 可以 坐 巴士 去 吗 ？,Tôi có_thể đi xe_buýt bằng xe_buýt được không ?
这 是 我 第三 次 来 越南 。,Đây là lần thứ_ tôi đến Việt_Nam .
可能 迫使 我们 住 在 小 房子 里 最 大 的 原因 就 是 密集 的 人口 。,"Điều__thể , chúng_tôi sống ở trong những người__ trong những người của nhà_hàng của_ ."
化妆品 商店 在 哪里 ？,Cửa_hàng bán_phẩm ở đâu ?
来来 ， 我 照 张 吹 蜡烛 的 相片 。,"Nào , nào , tôi chụp hình tấm hình thổi nến ."
我 想 波士顿 有 两 个 康福特 旅馆 ， 你 要 去 哪 一 个 ？,"Tôi nghĩ rằng có_____ver , bạn muốn đi cái nào ?"
你 好 点儿 了 吗 ？,Bạn xong rồi chưa ?
啊 ! 我 还 需要 有 一些 牙膏 。,a ! tôi còn cần một_số răng răng .
你 是 一 个 很 有 前途 的 年轻人 。,Bạn là người trẻ____ .
斯蒂芬妮 还 在 上学 ，,"Stephanie ở học ,"
二月,tháng 2
请 两 位 到 会 客室 。,Làm_ơn cho hai người khách_hàng .
你 还 有 什么 没 办 的 事 ， 我 可以 替 你 办 。,"bạn có việc gì không làm việc , tôi có_thể làm gì bạn ."
"如果 你 斜 击 球 , 它 就 偏离 球道 。","Nếu bạn bị đánh_ , , nó thì sẽ mang nó ."
请 找 一 下 它 好 吗 ？,Bạn có_thể tìm nó nó không ?
好 了 ， 你 别再 喝 了 ， 再 喝 就 会 醉 的 。,"được rồi , anh đừng uống uống nữa , uống nữa sẽ say đấy ."
附近 有 泰国 餐馆 吗 ？,Có nhà_hàng nào gần đây không ?
我 想 取消 我 预定 的 五月 五号 的 航班 改成 五月 九号 的 。,"Tôi muốn hủy bỏ chỗ của tôi cho chuyến bay của tôi vào ngày 5 tháng 5 , ngày 5 tháng 5 ."
但 我 觉得 没 坏 ， 我 可以 修 。,"nhưng tôi cảm_thấy không xấu , tôi có_thể sửa sửa nó ."
他 把 你 要 的 东西 都 带来 了 。,anh ta đưa mang thứ gì bạn đã mang đến .
这里 有 结婚 花车 出租 吗 ？,Có một chiếc xe_hơi nào ở đây không ?
你 最好 在 飞机 起飞 前 一 个 小时 到 机场,bạn tốt nhất ở đây trước khi nào đến_bay đến
招待,khách_đãi
我 知道 。 今天 本来 打算 跟 一 个 朋友 去 购物 商场 的 ，,Tôi biết . hôm_nay tôi sẽ đi vào một_sắm hôm_nay .
我 很 乐趣 。,Tôi rất vui___ .
你 需要 去 看 个 专家 。,Bạn cần đi thăm nhà_đình .
请 你 给 我 拿 些 水 好 吗 ？,Bạn có_thể vui_lòng cho tôi một_ít nước được không ?
我 开始 想 念 米饭 和 味噌 汤 了 。,Tôi bắt_đầu và cơm và và__ .
我 想 去 跳蚤 市场 。,Tôi muốn đi đến chợ .
我 想 刮脸 毛 。,Tôi muốn cạo mặt .
十 张 二十五 美分 的 邮票 谢谢 。,Xin vui_lòng cho mười con tem 50 xu .
北京队 对 广东队 。,Học_hàng đội__ đến quảng_an .
这 是 我 个人 用 的 。,Đây là đồ_dùng cá_nhân của tôi .
这个 有 一 个 裂缝 。,Cái này có một vết .
不 带 浴室 的 单人间 。,Không có phòng đơn phòng đơn phòng tắm .
你们 有 健康 舞 吗 ？,Bạn có các kh khồi_ không ?
你 如果 不 能 参加 ， 一定 跟 办公室 说 一下儿 。,"Nếu bạn không_thể tham_gia , nhất_định làm_việc với văn_phòng ."
请 问 你 叫 什么 名字 ？,Xin hỏi bạn tên là gì ?
以 那 位 背景 照 张相 。,Một người chụp hình_ chụp hình chụp hình .
我 没有 身分证 ， 我 有 居留证 可以 吗 ？,"Tôi không có giấy chứng_minh thư , tôi có thẻ cư_trú được không ?"
两 个 去 范库弗峰 的 。,Hai hai đi đến Man .
我 的 薪水 不 够 用 。,Lương của tôi không đủ dùng .
我 曾经 负责 过 人事部 的 工作 一 段 时间 所以 我 特别 喜欢 与 人 交谈 。,Tôi đã từng__việc chăm_việc chăm_chỉ của tôi đã làm_việc một người làm_việc người người làm_việc .
去 市里 在 哪 坐 车 ？,Tôi đi xe_buýt nào đến thành_phố vậy ?
一 只 熊猫 。,Một con mèo .
你 自己 设置 一 个 唤醒 服务 电话 。,Anh hãy tự_hiện một cuộc gọi điện_thoại ra .
可以 给 我 优惠 到 一百五十 美元 吗 ？,Có_thể cho tôi một trăm đôla đến 50 đô_la không ?
晚上 用 一 杯水 冲服 一 粒 胶囊 。,Một dùng viên thuốc với một ly nước .
是 你 的 。,"Vâng , bạn ."
我 怎样 去 好莱坞 ？,Tôi nên đi đến việc_học ?
我 做 塑料 工业 ， 请 你 多多 关照 。,"tôi làm làm_việc__nghiệp , xin anh đừng quan_tâm ."
我们 会 安排 清扫 您 的 房间 的 。,Chúng_tôi sẽ sắp_xếp cho phòng của bạn .
中性 。,Sấy .
请 避开 以下 几 项 。,Xin vui_lòng đánh_thích những mấy này .
不得不 乘 转接 航班 。,không có_thể đi chuyến bay chuyển_tiếp .
你 认识 他 吗 ？,anh có quen anh ta không ?
日本人 喜欢 团队 合作 。,Người Nhật_Bản thích__ hợp_tác .
就 一 杯水 谢谢 。,Xin vui_lòng cho một ly nước .
一 套 多少 钱 ？,1 bộ bao_nhiêu tiền ?
那个 是 我 的 。,Đó là cái tôi .
比较 好,khá tốt
可 别 忘 了 。,Nó là một_ quên quên .
我 从 不 敢 说 你们 日本 民族 有 多 长 的 历史 ？,Tôi không_thể nói_ các bạn về các câu_v của Nhật_Bản bằng cách nào ?
今天 看 你 有点儿 累 了 。,Hôm_nay nhìn bạn có mệt rồi .
我 中暑 了 。,Tôi đã nghỉ_ .
请 把 房间 弄 暖 和 一点 。,Làm_ơn làm phòng phòng ấm hơn một_chút .
请 问 你 要 买 什么 东西 ?,Xin hỏi bạn muốn mua đồ gì vậy ?
我们 去 第一 洞 。,Chúng_ta đi thăm đầu_tiên .
在 越南 有 哪些 节日 ？,ở Việt_Nam có lễ nào ?
金山 来 在 美国,Kim_ núi ở Mỹ Mỹ
我 想 多 玩 一会 。,Tôi muốn chơi một nhiều .
你 认为 明天 的 野餐 将 会 在 室内 举行 吗 ？,Bạn có nghĩ rằng bạn sẽ_thể vào ngày__ trong suốt ngày_mai không ?
年轻人,trẻ trẻ
谢谢 你 的 好意 但是 我 不 能 接受 。,"Cảm_ơn bạn đã tốt_ , nhưng tôi không_thể chấp_nhận ."
信 已经 写好 了 。,thư_ viết viết xong rồi .
在 车站 的 一 个 厕所 里 。,Trong một trong nhà_vệ_sinh ở nhà_ga .
公园 在 哪 ？,Công_viên ở đâu ?
请 带 我 到 这个 地址 。,Xin chở tôi đến địa_chỉ này .
对 不 起 你 能 帮 我 找到 路 吗 ？,"Xin_lỗi , bạn có_thể giúp tôi được không ?"
现在 我 最 记得 的 是 爱人 的 生日 和 结婚 纪念日 。,Hiện_giờ tôi nhớ nhất là sinh_nhật và chủ_nhật của ngày__niệm .
我 送 你 一 件 礼物 ， 请 收下 。,tôi tặng bạn 1 chút quà . xin xin nhận lại .
明天 下午 怎么样 ？,Còn về chiều mai thì sao ?
不 太 热,không nóng
你 能 来 吗 ？,Bạn có_thể đến được không ?
请 把 那 个 写 在 服务 单 上 。,Xin vui_lòng viết nó trên một một_ .
哪儿 的 东西 很 多 ， 也 很 便宜 。,"đồ_đạc của anh rất nhiều , cũng rất rẻ ."
李月明,tháng gi minh
请 推荐 一 个 饭店 。,Làm_ơn giới_thiệu một khách_sạn .
不 想,không muốn
我们 有 很多 摩登 的 款式 • 。,Chúng_tôi có rất nhiều kiểu__hình rất nhiều .
我们 需要 一 台 扫描仪 。,chúng_tôi cần 1 máy__ .
合适,vừa_vặn
拿 银行 来说 ， 提高 存款率 将 会 吸引 更 多 资金 注入 。,"Lấy ngân_hàng mà nói , đề_cao_____ sẽ sẽ__ hơn nhiều tiền__ ."
我 只 安装 在 卧室 里 。,Tôi chỉ_thể chỉ trong trong phòng ngủ .
能 给 我 拿 张 中转 票 吗 ？,Tôi có_thể mua vé cho tôi được không ?
你 可以 把 这 张 五十 美元 的 钞票 换成 十 张 五 美元 的 吗 ？,Bạn có_thể đổi tờ tờ tờ tờ tờ đô_la này thành tờ tờ năm tờ năm mươi đô_la không ?
哪天 走 ？,đi nào ?
你 要 住 三 个 晚上 吗 ？,Bạn sẽ ở lại trong ba đêm được không ?
你 能 描述 一下 它们 吗 ？,Bạn có_thể mô_tả chúng được không ?
下 一 趟 去 华盛顿 的 列车 什么 时候 走 ？,Chuyến tàu_lửa tiếp_theo đến Washington_theo là khi nào ?
走 这 条 街 能 到 中央 公园 吗 ？,Con đường này có_thể đến công_viên Central không ?
他 尽管 很 忙 ， 可是 还 能 抽出 时间 来 学 华语 。,"Mặc_dù anh ta rất bận , nhưng vẫn có_thể thu_xếp thời_gian để học tiếng hoa ."
我们 还 路 要 走 。,Chúng_tôi sẽ đi đi .
我 睡 得 不 好 。,Tôi không_thể ngủ ngon .
你 为什么 要 申请 这 份 工作 ？ 你 有 海外 工作 经验 吗 ？,Tại_sao bạn muốn làm_việc này làm_việc này có__nghiệm có__nghiệm không ?
请 把 腰部 收紧 三 公分 。,Xin vui_lòng thu_hẹp eo 3 cm .
请 来 个 汉堡 右边 的 那 个 炖菜 和 色拉 。,Xin vui_lòng cho một món ăn và rau_ .
你 能 在 这里 写 下来 吗 ？,Bạn có_thể viết xuống đây không ?
真奇怪 ， 门 怎么 自己 开 了 ？,"thậtằng_ , , làm thế_nào tự_ ?"
你 没 买 表 吗 ？,Bạn không mua mua__hồ không ?
他们 明天 就 能 收到 。,Họ sẽ_thể nhận được một ngày_mai .
她 听 说 学校 的 银行 能 换 ， 就 去 了 。,"Cô ấy nghe nói_hàng của ngân_hàng thì sẽ đi , rồi ."
即 吃饭 ， 又 听 音乐,"cơm ăn cơm , vừa nghe âm_nhạc"
请 一 到 了 就 写 封信 来 。,Hãy đến đến khi đến thư_ .
你 曾经 学 过 英语 吗 ？,Bạn đã từng học tiếng Anh chưa ?
我 想 坐 地铁 ， 请 问 该 怎么 走 ？,"Tôi muốn đi tàu_điện_ngầm , xin hỏi như thế_nào ?"
我 怎么 调节 这个 机器 的 强度 级别 ？,Tôi có_thể chỉnh máy_đ bằng cách nào trong máy_ ?
可以 给 那 个 建筑 拍照 吗 ？,Có_thể chụp một cái đó đó không ?
这 是 水晶 吗 ？,Đây có phải là một_số không ?
她 说 他们 已经 开始 裁员 啦 。,Cô ấy nói họ đã___viên .
洗兩份 要 多 付 多少 钱 ？,Một bộ bao_nhiêu tiền trả bao_nhiêu tiền ?
请 拿 帐单 。,Làm_ơn cho tôi séc .
我们 还 没有 孩子 。,Chúng_tôi chưa có con con .
你 有 多少 香烟 ？,Bạn có bao_nhiêu ?
我 会 错过 最后 的 火车 。,Tôi sẽ đi xe_lửa cuối_cùng .
你 最近 很 忙 吗 ？,Bạn gần đây bận bận không ?
我 的 左耳进 东西 了 。,Tôi đã có một__hàng của tôi .
两 位 尝尝 我们 的 北京 烤鸭 吧 ！,2 người ăn cơm_ vịt quay Bắc_Kinh của__ nhé !
我 得 报告 一起 偷窃 事件 。,Tôi phải báo_cáo về vụ__ vụ trộm_bản .
这 是 你 的 帐单 。,Đây là hóa đơn của bạn .
你 进货 里 有 肥皂 吗 ？,Bạn có xà_phòng trong trong trong hàng_ không ?
附近 有 药房 吗 ？,Có tiệm thuốc gần đây không ?
你 不 要 再 抽烟 了 。,anh không cần hút thuốc nữa .
到新 世界 怎么 走 ？,Tôi có_thể đến thế__nào ?
我 要 用 张道路 交通图 。,Tôi muốn dùng__ bằng đường_cao_tốc .
秋天 也 是 一 个 很 好 的 季节 因为 树叶 都 开始 变色 了 。,"T_ cũng cũng là một trong mùa thu_vì tốt , bởi_vì trong_ ."
要 一 小时 。,Nó một giờ .
请 给 我 拿 些 纸 。,Làm_ơn cho tôi một_ít giấy giấy .
最近 的 书店 在 哪 ？,Cửa_hàng bán gần nhất ở đâu ?
你 呢 鲍 伯 ？,Bạn muốn cạo_m ?
为 我 病 了 ， 所以 我 没 去 上班 。,Bởi_vì tôi bị bệnh cho cho tôi không đi làm .
我们 不 送 任何 礼品 。,Chúng_tôi không muốn bất_cứ quà_phẩm .
有 英文 菜单 吗 ？,Có có thực_đơn tiếng Anh không ?
今天 晚上 七点一 刻 的 。,tối nay giờ 15 phút sáng .
我 姓 陈 。,Tôi họ Trần .
对 那些 完成 了 工作 的 人 来说 是 非常 感谢 的 意思 用 来 表达 你 对 他们 的 感激 之 情 。,Về những người hoàn_thành làm_việc mà nói_việc là_sự rất__________________________ .
你们 决定 了 吗 ？,các bạn quyết_định chưa ?
"我 会 写 一 份 事故 报告 , 所以 请 填写 这个 。","Tôi sẽ viết báo báo_cáo về , vì vậy xin vui_lòng điền vào ."
请 问 ， 远东 饭店 在 哪里 ？,"xin hỏi , ở khách_sạn ở đâu vậy ?"
在 大厅 的 尽头 有 个 酒店 咨询处 。,Có một cái tại khách_sạn của khách_sạn của khách_sạn .
我 在 哪 转车 ？,Tôi có_thể chuyển xe ở đâu ?
请 给 我 来 杯 橙汁 吧 。,Làm_ơn cho tôi nước cam .
请 稍候 片刻 。,Xin vui_lòng gọi một_chút .
你 知道 小王 住 在 哪儿 吗 ？,Bạn có biết ở đâu_ ?
夏天 不 太 热 ， 冬天 不 太 冷 ， 只是 雨季 很 恼人 。,"mùa hè không nóng , mùa đông không lạnh lắm , chỉ chỉ mưa___ rất hấp_"
有些 话 实在 是 不 该 说 出口 。,Một_số người thực_sự không có phải là nói ra .
上 星期 英语系 的 同学 用 英语 唱歌 ， 演 话剧 ，,"Đi_học của bạn học_học tiếng Anh , tiếng , ,_nói ,"
这个 周末 你 有空 吗 ?,Bạn có rãnh bạn vào tuần này không ?
对 不 起 打扰 一下 请 问 邮局 怎么 走 ？,"Xin_lỗi , nhưng vui_lòng cho tôi biết đường__nào ?"
哪 有 售票 代理处 ？,Có__thể mua vé ở đâu ?
这 周围 有 纪念品 商店 吗 ？,Có một__hàng lưu_niệm nào ở đây không ?
请 给 我 接 820 房间 的 Tanaka 先生 。,Xin vui_lòng nối cho tôi một phòng của ông T phòng số 3 .
明天 ？,Ngày_mai ?
给 你 添 麻烦 了 。,Của rắc_rối quá .
晚餐 准备 好 了 吗 ？,Nó sẵn_sàng chưa ?
如果 您 忘 了 您 会 失去 您 的 预订 。,"Nếu ông quên , bạn sẽ sẽ mất bạn đặt trước của bạn ."
你 有 孩子 了 吗 ？,Bạn có con chưa ?
"这 边 跟 着 我 先生 , 我 会 告诉 您 怎么 走 。","bên này_ lo với tôi , tôi sẽ nói cho bạn cách đây ."
两 边 给 我 剪 得 短 一些 。,2 cho tôi cắt ngắn 1 chút .
日本 很 拥挤 而且 房价 很 高 。,Nhật Nhật_Bản rất cao___ cao hơn rất cao .
我 是 个 自由 摄影师 。,Tôi là một__viên chụp_M .
团队 中 除了 阿凤以外 都 是 男生 。,"D__sinh ,__ph đều là sinh_viên ."
我 想 我 要 买 两 个个 便宜 的 。,Tôi nghĩ tôi sẽ mua hai cái .
对 了 ， 请 问 电话 号码 是 多少 ？,"đúng rồi , xin hỏi số điện_thoại là bao_nhiêu ?"
还 有 比较 便宜 的 吗 ？,còn có cái nào rẻ hơn không ?
如果 我 乘 出租 什么 时间 从 这里 出发 ？,Tôi sẽ rời từ đây để rời từ đây từ mấy giờ ?
喂 ， 请 问 是 皇帝 旅馆 吗 ？,"alo , xin hỏi là khách_sạn F phải không ?"
火车 要 开 了 ， 快 上去 把 。,"xe_lửa chạy chạy , nhanh lên , lên ."
你 今年 几 岁 ？,năm nay bạn mấy tuổi ?
停 ！,Chúc !
我 感冒 了 。,Tôi cảm bị cảm .
一 个 男人 把 我 的 钱 拿走 了 。,Một người đàn_ông của tôi lấy lấy số .
他们 把 它 打 了 九折 给 我 。,Họ sẽ gọi nó giảm giá cho tôi .
有 其他 清淡 色彩 的 吗 ？,Bạn có cái nào với màu_ không ?
她 是 银行 的 会计 .,Cô ấy là kế_toán_ ngân_hàng .
有 柿子 吗 ？,Bạn có cái nào không ?
步行 的 话 要 四十多 分钟 。,Cách bộ_hàng sẽ đi bộ .
我 想 要 个 靠 走廊 的 座位 。,Tôi muốn một chỗ ngồi trên đi máy_bay .
有 人 把 我 的 包拆 开 了 。,Có ai đã để túi túi của tôi .
我 会 在 你 身边 帮 你 了 。,Tôi sẽ ở bên cạnh bên cạnh giúp bạn .
房间 号码 是 601 Watanabe 。,Số phòng là 901 .
喝 吗 ？,uống không ?
预订 今晚 的 两 个 座位 谢谢 。,Xin vui_lòng cho hai chỗ ngồi cho tối nay .
你 能 解释 一下 怎么 锁门 吗 ？,Bạn có_thể giải_thích cách__ không ?
我们 买 什么 礼物 送 红海 ？,Chúng_ta mua quà gì tặng cho tặng hồng Hải ?
去 东京 的 024 航班 。,Chuyến bay số đến Tokyo .
她 叫 玛丽 。,Cô ấy tên Mary .
杰克 和 斯蒂芬妮 。,Sa và vàe_ph .
我 想 寄 个 包裹 。,Tôi muốn gửi bưu_kiện .
你们 别 客气 ， 象 在 家 一样,"các bạn đừng khách_sáo , ở nhà ở nhà"
你 有 室友 吗 ？,Bạn có phòng của bạn không ?
它 很 适合 你 。,Nó rất hợp với bạn .
那 好 。,Được rồi .
我 怎么 到 游泳池 ？,Làm_ơn tôi tôi đến hồ_bơi nào ?
当然 认识 。,Chắc_chắn rồi .
你 想要 什么 颜色 的 缎带 粉红 的 还 是 蓝色 的 ？,Bạn thích màu màu nào màu màu hồng màu xanh hay ?
航班 从 二十四 号 月台 离开 。,Chuyến bay từ ngày 20 tháng rời .
你 能 帮 我 叫 一 辆 出租车 赶 6：30 帕丁顿 车站 的 火车 吗 ？,Bạn có_thể gọi cho tôi một chuyến xe_lửa đến P ga2 không ?
额外 收费 。,Nó phụ thêm phí .
请 小心 ， 我 的 皮肤 很 敏感 。,"Xin cẩn_thận , tôi da của tôi rất đau ."
非常 好 可是 如果 去 的 话 必须 在 什么 时候 起床 ？,"Rất tốt , nhưng bạn_học đến khi nào ?"
他们 很 快 会 回来 的 。,Họ sẽ sớm về nó sớm .
您 的 账单 上 是 一百 美元 。,Hóa đơn của bạn là một trăm đô_la .
这 是 今年 夏天 最 流行 的 。,Đó là loại phổ_biến nhất .
我 想 把 九点钟 去 芝加哥 的 机票 换成 十一点 的 。,Tôi muốn đổi__ đến đến__ thứ__ 11 đến 11 giờ .
你 能 在 这 张 地图 上 指出 它们 吗 ？,Bạn có_thể chỉ chúng trên bản_đồ này được không ?
这 部 作品 真的 很 难 解读 。,Bộ phim này quả_thật rất khó__ .
合同 什么 时候 到期 还有 有 可能 更新 合同 吗 ？,Các bạn khi nào có_thể vào vào ngày__ có có_ không ?
你 怎么 不 早点 告诉 我 呢 ？,sao sao bạn sớm hơn__chút tôi sao ?
微笑 是 大家 共同 的 语言 。,Tai_m M__ngữ của__ .
它 代表 碰撞 责任 自动 放弃 。,Nó thay_hành đồng__động cho__động_động_động .
请 给 我 来 一样 的 。,Xin vui_lòng cho tôi cái giống .
冬 死 我 了 。,Anh ấy đã bị tôi .
你 最 喜欢 哪 种 运动 ？,Môn thể_thao ưa_thao nào nhất ?
是 免税 的 吗 ？,Nó có miễn thuế không ?
你 有 没有 手 提 行李 ？,Bạn có hành_lý xách tay không ?
从 哪儿 开始 ？,từ đâu bắt_đầu ở đâu ?
这里 的 樱花 很 有名 。,Manh_trường ở đây rất nổi nổitiếng .
这个 录音机 是 礼物 吗 ？,Máy_ảnh này máy_ quà phải quà phải không ?
我 也 看 过 一 遍 了 。,Tôi cũng từng xem một lần rồi .
明天 我 要 穿 了 。,Ngày_mai tôi sẽ mặc__ .
要 在 中国 学习 汉语,muốn học hán ngữ Trung_Quốc
虽然 有 困难 ， 但是 我 不 会 退缩 。,"Tuy có khó khókhăn , nhưng tôi không trả lại lại ."
"没有 , 我 现在 正在 算 。","Không , tôi đang đang đi bây_giờ ."
她 从 外边 跑 进来,cô ấy từ bên ngoài đi
歌舞伎 是 日本 的 传统 表演 艺术 。,Một_số người___Bản là truyền_thống truyền_thống của Nhật_Bản .
你 的 小孩 几 个 月 大 了 ？,Bạn nhỏ của bạn bị bao_nhiêu tuổi rồi ?
七点兩 位 对 吗 ？,Nó có vị_ vào lúc hai giờ phải không ?
慢慢 吃 ， 小心噎 着 。,"Ăn từ_từ thôi , khéo bị nghẹn đấy ."
到处 都 能 见到 日本 车 。,Tôi có_thể gặp một chiếc xe_buýt Nhật_Bản .
我 只 是 开玩笑 。,Tôi chỉ đùa thôi .
给 我 一 个 海产 火锅 。,Cho tôi một lẩu hải_sản .
请 拨打 九 会 有 人 来 接 你 的 。,"Xin vui_lòng đến đó 9 9 , có ai đến đón bạn ."
你 喜欢 它 吗 ？,Bạn có thích nó không ?
"不 , 如果 我 是 你 , 我 就 避开 它 。","Không , nếu tôi là bạn , tôi sẽ mở nó ."
祝贺 你们 取得 了 好 成绩 。,chúc_mừng các bạn đã được thành_tích .
凡是 学生 都 要 听 老师 的 话,phàm là học_sinh phải nghe lời thầy_giáo
这里 太 宽松 了 。,Ở đây quá rộng__ .
大概 一 个 半 小时,khoảng 1 tiếng rưỡi
右边 是 大哥 两 夫妻 。,Nó là hai vợ_chồng .
这 张 桌子 怎么样 ？,Bàn này này như thế_nào ?
你们 这里 有 什么 肉 ?,Ở đây các anh có thịt gì ?
我 可以 在 这儿 等 吗 ？,Tôi có_thể chờ ở đây không ?
今年 八月 中旬 。,năm nay tháng 8 .
他 是 我 朋友 ， 叫 马小明 。 林大夫 是 我 爸爸 的 朋友 。,"Ông là người bạn , tôi tên là T_Minh_Minh . Tôi là là__ của tôi ."
我 明白 啦 ， 和 别人 说 很 重要 。,Tôi hiểu . và và nói_chuyện với quan_trọng .
我们 到 这里 旅游 。,Chúng_ta hãy đi du_lịch ở đây .
对 了 。,đúng rồi .
姑妈 比 爸爸 大 两 岁 ， 爸爸 比 叔叔 大 三 岁 。,"Bác_trai lớn hơn hai tuổi , ba hơn so với ba tuổi ."
有 多久 了 ？,Bao bao_lâu rồi ?
你 在 等 人 吗 ？,Bạn chờ chờ_đợi không ?
你 应该 去 医院 做 一 个 常规 检查 。,Trước nên đi bệnh_viện làm một nơi nào thường thường .
我 要 禁忌 什么 吗 ？,Tôi có phải gì không_ gì không ?
这 种 水果 叫 什么 ？,loại này dùng này tên gì ?
发烧 吗 ？,Bà có bị sốt không ?
我 准备 明天 走 。,Tôi sẽ đi vào ngày_mai .
还 需要 我 带 点儿 什么 吗 ？,Và tôi cần mang gì đó không ?
有 去 百老汇 的 旅行 吗 。,Có chuyến du_lịch nào đến Broadway có .
酒店 的 客人 可以 不 用 付 服务费 进入 这 家 酒店 的 迪斯科 舞厅 吗 ？,khách khách_sạn khách_sạn nào được trả bằng cách nào___ khách_sạn mà không khách_sạn này không ?
好多 了 。,Được rồi .
今天 天 气冷,hôm_nay ngày lạnh
去 天安门 要 多長 时间 ?,Mất bao_lâu để đến đến Thiên_lâu ?
我 能 拿 一下 番茄酱 吗 ？,Tôi có_thể lấy cà_chua không ?
我们 不 收 一百 美元 的 钞票 。,Chúng_tôi không nhận_giấy đô_la .
两 个 小时 前 ？,2 giờ trước ?
喂 ， 香英 ， 你 可以 把 达 的 电话 号码 来 给 我 吗 ？,"alo , hương_Anh , bạn có số điện_thoại của tôi số điện_thoại cho tôi được không ?"
这 学期 不 太 忙 。,học_kỳ này không bận lắm .
三十七 度 六 ， 你 感冒 了 。,"30 độ 6 , bạn cảm bị cảm ."
一直 驶抵 头 顿 。,Ngày_m con bị nhức đầu .
能 给 我 一 个 日语 导游 吗 ？,Tôi có_thể thuê một hướng_dẫn_viên Nhật Nhật được không ?
你 有 孩子 吗 ？,Bạn có con không ?
饭后 再 吃 这个 药 。,Sau ăn ăn uống thuốc này .
我 有 商业 学 的 博士 学位 。,Tôi có một trường__ học học_tập học .
我 就 回家,tôi về nhà
好 的 ， 收到 了 吗 ？,"Được , nhận được nhận được không ?"
到 格林 公园 有 几 站 ？,Có bao_nhiêu trạm dừng công_viên đến Công_viên ?
不 用 找 了 ， 这 给 你 小费 。,"Không cần tìm được , , đây cho bạn tiền boa ."
我 是 韩国 首尔人 。 你 呢 ， 李 总裁 ？ 你 也 是 韩国人 吧 ？,"tôi là người__Quốc_Quốc . Anh , , tổng_tịch Lưu_tịch Lưu cũng cũng là người Hàn_Quốc phải không ?"
一 个 架子 顶 上 的 那 种 。,Một loại đó trên cái kia trên cái .
对 不 起 打扰 一下 这 趟 列车 在 巴尔的摩 停 吗 ？,"Xin_lỗi , nhưng này có dừng lại ở Balrrore không ?"
我 迷路 了 。,Tôi bị lạc đường .
我 想 订 客车厢 。,Tôi muốn đặt một toa toa toa .
含 税 一共 十 美元 四十 美分 。,"Nó là mười đôla , và mười xu ."
秒钟,giây
裤腿,S
我 是 157 房间 的 客人 。,Tôi là khách trọ ở phòng 157 .
国际台 除了 中国人 以外 还 有 很多 国家 的 外籍 专家 。,Vở_ngoài có người Trung_Quốc còn có nhà___ Quốc_gia quốc_gia .
航空 邮件 还是 普通 邮件 ？,Th thư bằng đường_hàng_không hay bằng đường_hàng_không ?
请 问 怎么 调节 房间 的 温度 ？,Bạn có_thể cho tôi biết cách nào như thế_nào ?
有 什么 副作用 吗 ？,Có cái gì đó không_dụng không ?
这 位 雕塑家 叫 什么 ？,vị này_khắc__ tên là gì ?
"是 的 , 谢谢 。","Vâng , cám_ơn ."
成交 价格 。,Giá thỏa thuận .
快车 在 这个 站 停 吗 ？,Toa dừng lại dừng lại dừng lại dừng ?
请 问 ， 去 百货 商场 怎么 走 ？,"xin hỏi , đi đại_hoá có__ như thế_nào ?"
我 是 第五 孩子 的 。,Tôi là con__ .
你 给 我 让 多少 ？,anh cho tôi bao_nhiêu ?
前边 是 单行道 。,Phía trước là đường một_chiều .
亚伯 先生 现在 外出 。,Am_ ông ông ra ngoài rồi .
要 准备 的 事情 还 很多 呢 ， 需要 什么 就 让 我 来 帮 你 。,"Nếu chuẩn_bị còn rất nhiều , cần cần cần gì để tôi đến giúp bạn ."
真巧 ， 可以 在 这儿 碰到 你 。,"thật may , có_thể ở đây được bạn ."
"如果 有空 房间 , 我们 就 给 你 。","Nếu phòng trống trống , chúng_tôi sẽ đưa cho bạn ."
我 姓 赵 ， 叫 赵经生 。 你 经商 吗 ？,"Tôi họ Triệu , tên là Triệu_Kinh_Sinh . Anh làm kinh_doanh phải không ?"
我 的 遥控器 坏 了 。,Đồ của tôi bị__động hoạt_động của tôi .
我 没 钱 。,Tôi không có tiền .
我们 已经 买 了 ， 不 须 租 房子 住 了 。,"chúng_tôi đã mua rồi , không__ thuê nhà_ ."
请 用 航空 邮件 发 这个 。,Xin vui_lòng gửi cái này bằng đường_hàng_không .
今天 晴天 ， 不 怎么 冷 。,"Hôm_nay trời nắng , không lạnh lắm ."
但 我 不 懂 装配 电子机 。,Nhưng tôi không hiểu máy__ điện_thoại .
你 可以 在 任何 时间 开 帐户 。,Bạn có_thể bắt_đầu vào thời_gian .
我 今晚 10：30 左右 到 饭店 。,Tôi sẽ đến khách_sạn khoảng khoảng giờ 30 sáng nay .
从 这儿 一直 走到 头儿 去 坐 电梯 ， 到 了 一 楼 ， 你 就 会 看到 出口 了 。,"từ đây đi thẳng đi đến đi_máy đi đi , đến lầu , , bạn sẽ thấy nó ra ."
在 谢拉顿 酒店 。,Tại khách_sạn R_lala .
您 想要 什么样 的 餐馆 ？,Bạn muốn loại nhà_hàng nào ?
你 看 这个 药 可以 吗 ？,Bạn có thuốc này được không ?
我 还 没 决定 呢 。,Tôi chưa quyết_định .
"不 , 他 已经 退休 了 .","Không , anh ấy đã nghỉ hưu rồi ."
彩色 幻灯片 。,màu màu_m đèn .
我 有 糖尿病 。,Tôi bị bệnh mớp .
琼斯 先生 在 哪儿 学 的 日语 ？,Bà Smith ở đâu_học ở đâu ?
我 意识 到 我 的 钱包 丢 了 。,Tôi đã làm mất ví tiền của tôi .
哪 个 清淡 一点 ？,Cái nào nào vậy ?
上机 后 我们 会 跟 旁边 客人 商量 换 位置 。,Chúng_tôi sẽ_thể giao_tiếp với người người__tôi đổi người đổi__ .
我 想 住 在 车站 附近 。,Tôi muốn ở lại gần nhà_ga .
对 不 起 ， 我们 这 不 二 价 。,"xin_lỗi , chúng_tôi không có giá ."
我 会 给 你 百分之十 的 折扣 .,Tôi sẽ giảm giá cho bạn giảm giá .
王兰 ， 你 好 点儿 了 吗 ？,"Vương_Lan , bạn khoẻ không ?"
有 日语 报纸 吗 ？,Bạn có tờ báo tiếng Nhật không ?
这个 问题 真 让 我 头痛 ！,cái này vấn_đề này nhức đầu .
我 去 商店 。 再 见 ！,tôi đi cửa_hàng . tạm_biệt !
你 能 推荐 一 个 好 的 芭蕾 舞剧 吗 ？,Bạn có_thể giới_thiệu một___ tốt tốt không ?
剧情,gia_tình
牛郎 织女 的 故事 只 是 个 传说 。,Tai_tuyện của phụ_nữ của những là một__thuyết .
待会儿 我 把 找 的 零钱 给 你 拿来 。,Hãy_lòng cho tôi số tiền_lẻ của bạn cho bạn .
当然 来 ， 你 呢 ？,đương_nhiên . còn bạn ?
你 确定 吗 ？,Bạn có chắc_chắn không ?
环境,Mẫu_trường
你 的 地址 是 什么 ？,Địa_chỉ của bạn là gì ?
新平,tân_Bình
我 想 要 一 个 袖珍 收音机 谢谢 。,Làm_ơn cho tôi máy-đi-ô-ô-ô-ô .
你们 要 吃 点 什么 ？,Bạn ăn món gì cho món ăn ?
日用品 。,ngày_dùng hàng ngày .
请 于 2：10 前 返回 。,Xin vui_lòng mang theo số 8 : 00 .
能 在 我 的 房间 呆 到 下午 两 点 吗 ？,Bạn có_thể ở lại trong phòng của tôi đến phòng giờ chiều được không ?
不 忙,không bận .
我 错 了 ， 真 对 不 起 。,"tôi sai rồi , thật xin_lỗi ."
真好 笑 ！,thật thật cười !
比较 远 ， 离 这里 大概 五 公里 。,"Hơi xa , cách đây khoảng 5 km ."
还 有 如果 你 有 芥末 我 也 想 要 一些 。,"Và bạn có bạn , tôi còn bạn cũng muốn một_số ."
当然 。 我 以前 在 这里 吃 过 牛排 和 龙虾 ， 它们 都 很 好 。,"Được chứ . Tôi đã ăn ở đây vài món ăn tết ở đây , và chúng đều rất tốt ."
劳驾 ， 借 个 电话 。,"Cảm_phiền , mượn điện_thoại một_tí ."
我 是 经理 的 秘书 .,Tôi là thư_ký giám_đốc .
现在 还 可以 ， 已经 不 太 疼 了 。,"bây_giờ vẫn có_thể , đã không đau quá ."
你 住 几 号 房间 ？,Số phòng của bạn là số mấy ?
没 我 喜欢 吃 的 。,Tôi không thích ăn gì .
我 想 要 明天 早上 七点 把 我 起来 。,Tôi muốn tôi vào lúc 7 giờ sáng_mai .
我 会 给 你 我 的 Visa 卡 的 号码 。,Tôi sẽ gọi cho số của bạn là Risa_ .
这个 杂志 已经 停刊 了 。,tạpạp này đã bị tr_ .
你 能 加 干酪 吗 ？,Bạn có_thể làm thêm pho_mát không ?
我们 可以 留下 你 的 酒店 名 和 电话 号码 吗 谢谢 ？,Chúng_tôi có_thể vui_lòng đặt_ khách_sạn của bạn và số điện_thoại của bạn được không ?
"有效期 是 十四 天 , 所以 你 能 用到 二十三 号 。","ngày hết hạn là ngày 14 , cho_nên anh có_thể đến đến số 23 ."
那 是 最 低价 吗 ？,Đó là giá thấp nhất nhất ?
星期六,thứ_bảy
把 它们 放 在 我 妻子 的 车里 。,Đặt đặt chúng trong những chiếc xe của tôi .
有 什么 特色 的 鸡尾 酒 吗 ？,Bạn có rượu_vang nào không ?
我 可以 送 你 回家 吗 ？,Tôi có_thể đưa bạn về nhà không ?
那个 时候 所有 的 位子 都 订 满 了 。,Tất_cả các tất_cả các đặt bàn cho đặt trước .
所有 家人 都 在 这儿 吗 ？,tất_cả mọi người đều ở đây phải không ?
我们 对 自然 历史 感兴趣 。,Chúng_tôi quan_tâm đến lịch_sử .
寄航空 邮件 到 日本 邮资 是 多少 ？,Bưu_phí gửi thư sang Nhật_Bản là bao_nhiêu ?
我 在 市中心 的 一 家 软件 公司 上班 ，,Tôi đi làm ở một_ty__Ho trung_tâm thành_phố .
这 是 老师 的 书包 吗 ?,Đây là sách của thầy_giáo phải không ?
你 是 哪 国人 ？,Bạn là người nước nào ?
我 决心 要 考上 经济 大学 。,Tôi sẽ học trường đại_họcánh__ .
请 你 写 一下儿 钱数,mời bạn viết tiền_
我 想 要 干性 洗 发水 。,Tôi muốn một_ít dầu gội rửa .
现在 我们 照 一 张 合影 吧 。,Bây_giờ chúng_ta chụp hình một_chút .
这 附近 有 旅馆 吗 ？,Có khách_sạn nào gần đây không ?
他 活 在 什么 时期 ？,Anh ấy đang ở trong khi nào ?
我 比较 喜欢 能 叫 外卖 的 地方 。,Tôi thích thích nơi nào có_thể gọi một__ .
大约 在 明天 八点 左右 。,Khoảng khoảng khoảng khoảng giờ sáng ngày_mai .
空手道 是 一 种 主要 是 以 快速 的 击打 和 脚 踢 为主 的 贴身 格斗 。 也 是 日本 武术 的 一 种 。,Trong một_ là một là chính là chính là một____độ để__độ của__độ .__ cũng là__ .
那个 时候 网络 不 挤 ， 速度 比较 高 。,"khi nào cũng không__gian ch cao , cao hơn tương_đối cao ."
靠 过道 的 。,Nó đi vào lối .
我们 没有 您 的 预订 。,Chúng_tôi không đặt trước đặt trước của bạn .
你 为什么 不 明天 再 来 买 呢 ？,Tại_sao bạn không đến ngày_mai nữa vào ngày_mai ?
有 ， 这 是 新 出 的 。,"Vâng , đây là mới mới ."
日本人 很 喜欢 动物 吗 ？,Người Nhật_Bản rất thích thích thích không ?
请 把 钱 交给 收银员 。,Xin_ơn đổi tiền_lẻ cho nhân_viên thu_ngân .
是 吗 ？ 现在 您 在 哪儿 上学 ？,vậy à ? bây_giờ ông đi học ở đâu ?
你 为什么 要 那样 做 ？,Tại_sao bạn muốn làm điều đó ?
请 坐 ， 你 的 牙齿 怎么样 ？,"mời ngồi , răng của ông như thế_nào ?"
你 有 这个 地方 的 观光 手册 吗 ？,Bạn có cái__ánh về tham_quan này ở đây không ?
一 个 在 阿富汗 长大 的 男孩 和 他 的 经历 。,Một cái ông_ông và địa_chỉ của__ và địa_chỉ của anh ấy .
肚 部,bộ_đ
认识 你 ， 很 高兴 。,quen_biết vui được làm_quen với anh .
也 可以,cũng có_thể
你 想用 航空 邮寄 还是 普通 邮寄 ？,Bạn muốn gửi bưu_điện_ bằng đường_hàng_không ?
和 大多数 的 日本 商人 一样 我 喜欢 打 高尔夫球 。,Tôi rất nhiều người Nhật_Bản thì thích chơi đối_với tôi thích chơi .
好 不 好 ？,được không ?
尽管 你 成功 可是 不 要 骄傲,Mặc_dù bạn thành_công không nên được chút
现在 你 是 销售部 的 副经理 ， 干得 不错 。,"bây_giờ bạn là con_lý___ của__ , , làm_ăn tốt ."
让 我 看看 。,Để tôi xem .
他 来 得 很 早 。,anh ta đến sớm sớm sớm .
你 想要 什么 报纸 ？,Bạn muốn dùng loại báo_cáo nào ?
试试 这 件 看合 不 合适 是 普通 的 三十八 码 。,"Trở_ này này không phù_hợp là cỡ , phải không ?"
你们 有 这么 漂亮 的 房子 和 花园 。,Các bạn có nhiều loại_ đẹp và đẹp đẹp .
喔 。,Nó .
里面 有 电池 吗 ？,Có có hồ_bơi trong trong đó không ?
说好 的 ， 我 怎么 能 不 来 呢 。,"Nói tốt , tôi có_thể đến được không_thể ."
我 想 要 一 个 皮带 扣 。,Tôi muốn một chiếc áo_khoác .
真的 不 行 ？,thật không ?
这个 发型 现在 很 流行 的 。,Kiểu này đang rất thịnh_hành hiện_nay .
我 有 急事 ， 要 快 一点 去 。,"Tôi có việc gấp , cần đi nhanh hơn ."
我 在 想 二月 第一 周 。,Tôi muốn ở trong tuần đầu_tiên .
我 可以 看 过 那间 房子 吗 ？,Tôi có_thể xem phòng nhà__ đó không ?
请 你 替 我 洗 我 的 头发,mời bạn_ tôi giặt tóc của tôi
请 等一会 ， 让 我 查 一 查 。,"Xin chờ một lát , để tôi kiểm_tra ."
那 我 要 去 试试 。,Vậy tôi sẽ đi thử .
我 过 会 回来 。,Tôi sẽ trở_lại .
和 一 个 出版商 谈判 。,Một và một______ .
我 听说 你们 有 个 说 日语 的 服务员 。,Tôi nghe nói một nhân_viên nói tiếng Nhật nói tiếng Nhật .
我 有 大约 相当于 二千五百 美元 的 日元 。,Tôi có khoảng hai trăm đô_la trị_giá khoảng hai trăm đô_la .
能 给 我 些 水 吗 ？,Cho tôi một_ít nước được không ?
我 想 寄送 我 的 日常 用品 清单 所以 请 告诉 我 地址 和 负责人 的 姓名 。,"Tôi muốn gửi cho tôi___ngoài , vì vậy xin__lòng cho tôi biết tên và___ của người nhận__ ."
我 想 他 半 小时 内 回来 。,Tôi nghĩ anh ấy sẽ trong nửa giờ .
空调 不 工作 。,Máy điều hòa không làm_việc .
重新 发行 它 哪 站 最近 ？,Bạn có_thể tìm nó ở đâu ?
还 下午 呢 ？,Còn chiều thì sao ?
录音带 和 光碟 要 检查 后 才 能 寄出 。,Trong âm_âm và và__ cần kiểm_tra mới mới có_thể gửi được .
我 在 证券 交易所 工作 。,Tôi làm_việc ở việc__doanh__ .
在 右边 馆 内 的 东头 。,Ở phía đông triển_lãm bên phải .
去 阿比路 多少 钱 ？,Đi đến bao_nhiêu tiền ?
我们 快要 成为 研究生 了 。,chúng_tôi sắp_thành___sinh nghiên_cứu_sinh .
我 曾 在 书 上 读到 岛 上 有 很多 稀有 的 生物 。,Tôi đã trên một con vật có những con ở trong__vực .
但是 在 一些 小 城市 还 有 东京 的 一些 老 商业区 我们 有 一些 独立 的 专门 零售 商店 。,Nhưng một một_số một_số nhỏ_ một_số thứ_ mà chúng_tôi có một_số cửa_hàng bán__ bán hàng___ .
是 ， 小 李 吗 ？,"Vâng , Tiểu_Lý phải không ?"
我 想 预约 烫发 。,Tôi muốn hẹn uốn uốn_tóc .
你 需要 帮助 只 管 问 。,Bạn cần giúp_đỡ một_ .
我 大约 半 个 小时 前 像 这样 把 它 放 在 这儿 了 。,Tôi đã đặt nó trong khoảng ba mươi trước đây khoảng ba mươi .
你 帮 我 找 一下 博物馆 在 哪 好 吗 ？,Bạn có_thể tìm thấy bảo_tàng của tôi được không ?
请 告诉 我 你们 的 设施 情况 ， 行吗 ？,"Xin vui_lòng cho tôi biết các thiết_bị của bạn , được không ?"
告诉 我 到 博物馆 怎么 走 好 吗 ？,Bạn có_thể cho tôi biết đến bảo_tàng được không ?
我 先 介绍 一下 ， 这 是,"tôi xin giới_thiệu một_chút , đây là"
多 长 时间 来 趟 车 ？,thời_gian bao_lâu ?
在 拐角处 右拐 。,Nó ở ở góc phải .
记得 写信 给 我 。,nhớ viết thư cho tôi .
十 美元 能 带 我 去 这个 城市 吗 ？,Tôi có_thể có_thể đến thành_phố này thành_phố này được không ?
请 问 现在 几 点 了 ？,xin hỏi bây_giờ mấy giờ rồi ?
我 认为 你 有 我 的 预订 。,Tôi nghĩ bạn có đặt chỗ của tôi .
你 能 介绍 一些 有意思 的 景点 吗 ？,Bạn có_thể giới_thiệu một_số địa_vị thú_vị không ?
你 能 跟上 吗 ？,Bạn có_thể liên_lạc với không ?
我 能 带 个 信 吗 ？,Tôi có_thể mang theo cái không ?
有 点 忙,có giờ bận
这个 签证 的 有效期 是 多 长 ？,Những chiếc__ của hợp_đồng là bao_lâu ?
有 七 个 ， 爸 妈 ， 姐姐 ， 哥哥 ， 妹妹 ， 弟弟 和 我,"có 7 , ba_ , , chị , anh_trai , em_gái và em_trai và tôi"
我 的 生日 是 五月 二十二 号,sinh_nhật của tôi là 22 tháng 2 .
你 看清 嫌疑犯 的 样子 了 吗 ？,Bạn đã xem__hình___ái không ?
晚饭 准备 好 了 。,Những sẵn sẵn_sàng .
饮 吗 ？,Nó không ?
星期六 .,thứ_bảy .
能 给 些 零 钱 吗 ？,Bạn có_thể đổi một_ít tiền_lẻ nhỏ không ?
你 替 我 安排 一 个 时间 。,Bạn sẽ giúp_xếp cho tôi một thời_gian .
这个 自动 售货机 坏 了 。,máy_ảnh này tự_động hoạtđộng .
在 哪儿 可以 换 钱 ？,Tôi có_thể đổi tiền ở đâu ?
特快 专递 谢谢 。,Xin vui_lòng cho một phần__hành .
是 的 ， 就 是 它 ， 这 是 我 的 钱包 ，,"Vâng , nó là ví , đây là ví của tôi ."
我 能 把 这个 行李 带到 飞机 上 吗 ？,Tôi có_thể mang hành_lý này được không ?
谢谢 你 先生 。,"Cảm_ơn ông , thưa ông ."
"还 有 在 结婚 典礼 , 授奖 仪式 和 葬礼 时 也 穿 。","còn có ở__ , ,_ , và Lửa và và và và cũng_đ và cũng ."
我 来 公司 两 年 半 了 。,Công_ty tôi đến 2 năm rồi .
你 说 得 没 错儿 。 买 礼物 真的 很 难 。,Anh nói không sai . . Tôi đã mua__ .
张嘴 ， 再 大 一点 。,"Trương_ miệng , hơn lớn hơn 1 chút ."
你 知道 怎么 走 吗 ？,Bạn có biết đường đi không ?
请 您 拿好 取衣单 ， 三 天 后 可以 来取 。,"xin ông lấy lấy số đồ , 3 ngày sau sau có_thể đến lấy ."
你 知道 说 日语 的 医生 吗 ？,Bạn có biết bác_sĩ nói tiếng Nhật không ?
去 伦敦塔 要 多少 钱 ？,Mất bao_nhiêu đến đến Luân_Đôn vậy ?
喝 ， 来 一 杯 吧 。,"uống , một một cốc đi ."
你 明白 了 吗 ？,Bạn có hiểu rồi không ?
要是 从 早上 就 注意 怎么样 生活 ， 学习 ， 工作 ，,"nếu phải trở_về_____ , , làm_việc ,"
请 问 公共 汽车站 在 哪 ？,Bạn có_thể cho tôi biết trạm xe_buýt ở đâu ?
你 贵 姓,anh họ
我 想 要 一 条 领带 。,Tôi muốn mua thắt cà_vạt .
我 要 的 牛排 煎 的 老 点 。,Tôi muốn một món ăn cũ của rán .
一 个 半 小时,1 tiếng rưỡi
我 被 一 个 陌生人 抢劫 了 。,Tôi đã bị một người kh__c .
多棒 的 外套 。,Đ áo_khoác của một__vời .
李 老师 教 我 汉语 。,thầy_ dạy dạy dạy tiếng Hoa .
定货 需要 几 天 ？,nhà_hàng cần mấy ngày mấy ?
我们 能 换 个 时间 再 跳舞 吗 ？,Chúng_tôi có_thể đổi thời_gian để_vũ không ?
结账 后 我们 的 房间 还 能 保留 三十 分钟 吗 ？,Chúng_tôi có phòng phòng của chúng_tôi có_thể giữ được ba mươi phút không ?
你 要 经常 工作 到 很 晚 吗 ？,Bạn có thường__việc đến trễ quá không ?
非常 棒 。,Thật tuyệt_vời .
阿姨 的 腰疼 怎么样 了 ？,T_ng của anh bị ra rồi ?
里面 有 值钱 的 东西 吗 ？,Có có gì để đồ_trị không ?
我 完全 不 同意 你 的 想法 。,Tôi hoàn_toàn không đồng_ý với cách của bạn .
我 想 要 些 奶酪 。,Tôi muốn một_ít pho_mát .
我 完全 不 同意 。,Tôi hoàn_toàn phản_đối .
哦 不 。,"Ồ , không ."
六 岁 小孩 可以 读 小学 一 年级,6 tuổi trẻ_em có_thể học lớp 1 lớp
受 飓风 影响 ， 美国 两 大 股市 周一 闭市 。,"Bị ảnh_hưởng của thi_ , , Mỹ hai phần____________thị ."
这 件 衣服 除了 穿不下 以外 ， 还 掉 颜色 。,"Chiếc áo này ngoài mặc quần_áo , còn màu_sắc ."
我 需要 些 治 咳嗽 的 药 。,Tôi cần một_ít thuốc trị ho .
祝 您 旅途 愉快 。,Chúc bạn chuyến đi thăm chuyến đi vui_vẻ .
我们 都 很 好 ， 很 高兴 认识 你 。,"chúng_tôi đều rất khoẻ , rất vui_mừng biết bạn ."
你 可以 抄近路 穿 过 公园 。,Bạn có_thể nhìn thấy một_số công_viên .
我 想 是 个 小 流氓 。,Tôi nghĩ là một__ .
请 来 个 双 人间 。,Làm_ơn cho một phòng đôi .
哦 那 个 不错 。,"Ồ , đó đó ."
我 有 个 肿块 。,Tôi bị sưng tấy .
台风 过 后 经常 是 晴朗 的 秋日 。,Đài_ qua qua một_ là thường là ngày lễ__ của .
我 妈妈 是 家庭 煮妇 。,Mẹ tôi làm nội_trợ ở nhà .
这个 是 给 朋友 的 礼物 。,Đây là một món quà cho bạn_bè của bạn .
只是 看 一些 怎么 学 英语 的 书 。,Chỉ cần xem một_số sách học tiếng Anh .
你 能 为 这个 给 我 开 个 处方 吗 ？,Bạn có_thể vui_lòng cho tôi toa thuốc được không ?
你 好 ， 大卫 。,"Xin chào , David_ ."
沿着 这 条 街 直走 大约 五十 米 。,Đi thẳng xuống con đường này khoảng khoảng .
有 视野 好 一点 的 房间 吗 ？,Bạn có phòng nào quang__ hơn một_chút không ?
InoueINOUE 。,To_Co - d - - - .
茄子 。,Phòng .
我 来 取 衣服 。,Tôi đến lấy quần_áo .
以 自然 景色 而 闻名 。,Các người tự_cảnh màu___ .
一 个 土豆 色拉 带走 。,Một_ xà_lách trộn mang về .
请 问 能 给 她 拿 些 晕机 药 吗 ？,Vui_lòng cho cho tôi một_ít thuốc_ máy_bay không ?
换 电池 。,đổi đổi pin .
大 前天,hôm_kia
不 好意思 我 迟到 啦 。,"Rất tiếc , tôi trễ rồi ."
不饿 ， 为什么 ？,"Không có sao , Tại_sao ?"
您 是 找鲜 橙汁 吗 ？,Bạn có phải là nước_ không ?
我 可以 和 你 照 张 像 吗 ？,Tôi có_thể chụp hình với bạn không ?
离 这 最 近 的 是 什么 地方 ？,Cái này gần nhất là nơi nào ?
我 计划 住 五 天 。,Tôi định ở năm năm ngày .
你 有 你 要 去 的 公司 的 电话 吗 ？,Bạn có điện_thoại của công_ty của bạn không ?
你 的 意思 是 城内 的 ？,Ý bạn nói gì ?
我 的 钱包 在 火车 上 被 偷 了 。,Ví của tôi đã bị mất trên tàu .
我 下 次 试试 。,Tôi sẽ thử lần sau .
我 来 买 票 。,Tôi đến mua vé .
为了 达到 锻炼 的 目的 ， 小 刘 每 天 晚上 跑 5km 。,"Để thành__đích__ của của tôi , , Tiểu_Minh Lưu____ ."
你 可能 还 没 来 得 及 看 通知 吧 。,bạn_thể vẫn chưa đến kịp__tức .
该 办 的 都 已经 办好 了 。,Điều gì đã đều đã làm xong rồi .
他 希望 您 尽快 回 电话 。,anh ấy hy_vọng ông ấy gọi lại .
他 在 骚扰 我 。,Anh ấy ở tôi tôi ở đây .
我 太阳穴 一 跳 一 跳 的 痛 。,Tôi đang đi_m một trong một .
如果 可以 的 话 我 想 要 便宜 的 座位 。,"Nếu có_thể , tôi muốn ngồi một rẻ ."
多 漂亮 的 衣服 啊 。,Thật là một_áo đẹp đẹp .
我 车上 的 电瓶 坏 了 。,Tôi bị bị điện_thoại của tôi bị hư .
三十六 B 一直 向前 在 有 边 靠 走廊 的 座位 。,"Đi theo_ , và phía trước có chỗ ngồi ở phía trước ."
妳有 打字 经验 吗 ？,chị có kinh_nghiệm kinh_nghiệm phải không ?
我 是 马小明 的 姐姐 ， 我 叫 马小清 。,"Tôi là chị_gái của tôi , tôi tên là S__ ."
畏 ， 我 是 阮明心 ， 请 问 王 先生 在 吗 ?,"Alo , tôi là Nguyễn_Minh_Minh_Tâm , xin hỏi ông Vương có ở nhà không ?"
这 趟 火车 在 阿德莱德 停 吗 ？,Xe_lửa này có dừng lại ở A_dore không ?
请 把 刘海儿 垂下来 。,Làm_ơn làm_ xuống ở mặt .
银行 什么 时候 关门 ？,Ngân_hàng đóng_cửa lúc mấy giờ ?
我 去 看 病 两 次 了,tôi đi thăm bệnh_ 2 lần rồi
你 能 给 我 看看 别 的 吗 ？,Bạn có_thể cho tôi xem cái khác khác không ?
你 跟 我 去 玩 好 吗 ？,Bạn đi chơi với tôi được không ?
六点 叫 我 起床 行吗 ？,Tôi có_thể gọi một__ đánh_thức vào ngày_mai được không ?
他 不 回 游泳,anh ta không về nước_
这道 主菜 是 烤 牛肉 和 龙虾 的 组合 。,Nó chính_ chính là thịt bò nướng và thịt .
你 知道 怎么 去 玛瑞阿特 饭店 吗 ？,Bạn có biết cách nào đến khách_sạn Meee không ?
请 您 填写 这 张 表格 ， 好 吗 ？,xin ông điền vào mẫu đơn này được không ?
我 还 想 在 陈述 中 使用 活动 图表 。,Tôi nghĩ tôi muốn có một chiếc đồng_hồ______ .
为了 出国 留学 ， 小 文 昨天 递交 了 签证 材料 。,"Để người_ngoài du_học , Tiểu_Lệ xuất__qua__ tài_liệu tài_liệu ."
你 能 派 人 来 吗 ？,Bạn có_thể cử ai đó đến đó không ?
"抱歉 , 但是 我 认为 这个 数 不 对 。","Xin_lỗi , nhưng tôi nghĩ rằng này có_thể ."
油性 。,Sấy .
你 有 比较 便宜 的 票 吗 ？,Bạn có vé nào rẻ hơn không ?
我 在 哪 能 把 我 的 钱 再 换回 成 日元 呢 ？,Tôi có_thể đổi tiền_mặt của tôi ở Nhật_Bản được không ?
恐怕 我 给 你 添 麻烦 了 。,Tôi e rằng tôi đã làm phiền__ái .
你 是 越南人 吗 ？,Bạn là người Việt_Nam phải không ?
洗 两 件 衬衣 。,rửa 2 cái áo sơmi .
你 有 什么 好 药 吗 ？,Bạn có thuốc gì tốt không ?
请 再 来 一 个 勺子 。,Xin vui_lòng cho một cái muỗng .
你们 的 旅行团 有 多少 人 ？,Đoàn của các anh đi bao_nhiêu ngườiừơi ?
停车场 有空 位置 吗 ？,Liệu có có chỗ trống_ ?
每 个 人 还 好 吧 ？,Mọi người ổn ổn chứ ?
怎么 会 呢 ？,sao thế_nào ?
你 能 告诉 我 费用 吗 ？,Bạn có_thể cho tôi biết chi_phí được không ?
参加 这 届 博览会 的 都 有 哪些 国家 ？,Có những loại___ nào trong những buổi biểu_diễn này ?
找 您 六千 ， 谢谢 。,"thối ông 6 6 , , cám_ơn ."
出 什么 事儿 啦 ？,Có chuyện gì vậy ?
我 想 租 辆 自行车 。,Tôi muốn thuê một chiếc xe_đạp .
肯定 不 会 ， 这 是 一 套 新 西装 。,"Chắc_chắn không , , đây là bộ bộ_phận mới ."
谢谢 。 还 有 这个 单词 ， 怎么 读 呢 ？,"Cảm_ơn . còn có một__ , còn như thế_nào ?"
她 一 回来 我 就 让 她 给 你 打 电话 。,Cô ấy sẽ về cô ấy sẽ gọi cho cô ấy .
小 得 多 ， 他 比 弟弟 小 十 岁 。,"Tiểu_Minh nhiều , anh ta hơn em_trai hơn ."
请 替 我 洗 这 卷片 。,Làm long thay tôi giặt cuộn phim này .
我 十二点 吃午饭 。,Tôi 12 giờ ăn com trưa .
第十五 星期,thứ_ tuần
你 的 名字 信用卡 号码 和 有效 日期 ？,Tên và số thẻ tín_dụng của bạn là ngày ?
有 。,Có .
我 的 电话 号码 0933456579 。,Số điện_thoại của tôi số 346999 .
我 会 再 打 电话 给 他 。,Tôi sẽ gọi anh ta lần nữa .
我 能 在 微波炉 里 用 这个 吗 ？,Tôi có_thể sử cái này trong trong trong không ?
"不 , 他们 有些 纵容 孩子 。","Không , họ có một_số thuốc_lô ."
我 现在 很 忙 。,Bây_giờ tôi bận bận .
你 不 可能 侥幸 成功 。,Bạn không_thể buồn_công thành_công .
在 我 跟 你们 讲话 的 时候 请 安静 。,Tôi sẽ yên_ khi bạn khi nói_chuyện với bạn .
那 很 便宜 。,Nó rất rẻ .
请 出示 机票 和 护照 。,Xin vui_lòng cho tôi xem vé máy_bay và hộ_chiếu .
这 就 对 啦 。,Nó đúng rồi .
那 是 个 好货 。,Đó là một tốt_ .
凯文 ， 你 想 干 什么 ？,"Kelvăn , bạn muốn làm gì ?"
它 说 你 的 护照 已经 办好 啦 ， 你 什么 时候 有空 都 可以 去取 。,"Nó nói hộ_chiếu của bạn đã làm_việc rồi , khi nào bạn có_thể đi lấy lấy ."
我 对 这 份 合同 的 条款 很 满意 。,Tôi rất thích__giá này___ hợp_đồng .
我 打算 在 家 跟 几 个 朋友 组织,tôi dự_định ở nhà__ vài người bạn_bè
女孩 十 岁 男孩 七 岁 。,con_gái 10 tuổi tuổi tuổi . tuổi .
有 马上 能 做好 的 吗 ？,Bạn có_thể làm cho cái đó không ?
可能性 很 小 。,Nó có_thể rất nhỏ .
请 各位 在 荣站 下车 准备 ， 快到 荣站 了,"mời các vị xuống xe_lửa nhanh , sắp đến ga ga ga rồi"
你 几 点 醒 的 ？,Bạn đã gọi mấy ?
在 哪里 我 能 坐 上去 城市 终点站 的 公交车 ？,Tôi có_thể có xe_buýt đến__buýt ở đâu ?
你 最近 有 没 有 看 什么 好 的 电影 ？,Bạn có gì là phim nào tốt của bạn không ?
她 想 吃 冰激淋 ， 现在 不 送去 就 得 喝 冰水 。,"Cô ta muốn ăn tối___ , bây_giờ không uống nước nước_khoáng ."
"不 , 你 不 能 把 它 卖 得 这么 贵 吧 ？","Không , bạn không_thể bán nó như vậy ?"
请 多 来 点 咖啡 。,Làm_ơn cho thêm cà_phê .
王商 觉得 经商 不 太 难 ， 很 容易 。,"Vương_Thương cảm_thấy kinh_doanh không khó lắm , rất dễ_dàng ."
只 需要 写下 你 的 房间号 并 在 这里 签名 。,"Chỉ cần viết số số phòng của bạn ở đây , và bạn ở đây ."
我 喜欢 有 色彩 的 东西 。,Tôi thích đồ có đồ__ .
我 还 没有 女朋友 呢 。,Tôi chưa có bạn_gái .
我 非常 喜欢 这里 的 景色 。,Tôi rất thích màu_cảnh ở đây .
祝 各位 游览 愉快 。,Chúc các bạn đi thăm chuyến_thức chuyến .
你 想要 做 什么 ？,Bạn muốn làm gì ?
你 好 ！ 弗兰克 ， 我 是 帕姆 。,"Chào Jric , tôi là J_T ."
赶快 叫 辆 救护车 。,Chỉ cần gọi xe__thương nhanh_thương .
哪边 到 编辑 部 ？,Đi nào đến Ph__an ?
我 永远 不 会 忘记 那 个 晴朗 的 夏日 我们 在 树下 共同 度过 的 时光 。,Tôi mãi_mãi không quên quên_________diện khi chúng_ta ở trên một_____ .
你 想要 吸烟区 还是 无烟区 的 位子 ？,Bạn muốn thuốc hút thuốc hay không hút thuốc ?
我 最迟 多 晚 登记 ？,Tôi nên đăng_ký trễ nhất ?
这 是 半日游 吗 ？,Đây có phải là nửa ngày nửa ngày không ?
我 不 适合 这 份 工作 。,Tôi không thích làm_việc này .
我 来 办理 登记 手续 。,Tôi đến thủ_tục đăng_ký .
有 带 日语 导游 的 旅游 线路 吗 ？,Có chuyến du_lịch nào có hướng_dẫn_viên nói tiếng Nhật không ?
没什么 事 。,Không có gì gì .
好 . 慢 点儿 走 . 再见 .,Được . từ_từ đi thôi . tạm_biệt .
你 可以 在 售票亭 买票 或者 直接 给 司机 四 美元 五十 美分 也 可以 。,Bạn có_thể mua vé cho các mua__sách giá cho các bạn__ cho các giá_cả các bạn .
我 想 吃 有 熏 猪肉 和 橘子汁 的 早餐 谢谢 。,"Làm_ơn tôi muốn ăn món ăn sáng và kiểu , và và nước cam ."
我 是 琼 。,Tôi là từ_ .
晚安 ！,Chúc ngủ ngon !
号码 是 209551212 。,Số_là 20912 .
我 住 六 号 楼 ， 六二三 号 房间 。,"tôi ở số số 6 , 6 phòng số 6 ."
这 是 快 车 吗 ？,Chiếc xe này nhanh phải không ?
你 想要 小卷 还 是 大卷 。,Bạn muốn một_ít kem hay_là lớn .
这 帮 人 真的 很 难缠 。,Nó này không được thực_sự rất khó .
我 想 要 件 外套 。,Tôi muốn một chiếc áo_khoác .
大家 都 能 休息 得 愉快 。,Mọi người đều có_thể nghỉ_ngơi tốt_đẹp .
大庆 酒店,khách_sạn đệ_nhất
我 希望 你 带 了 许多 钱 。,Tôi hy_vọng bạn đã mang nhiều tiền .
何时 在 哪 能 坐 上车 ？,Tôi có_thể bắt xe_buýt trên nào ở đâu ?
请 叫 人 来 帮忙,xin gọi người người đến giúp_đỡ
公事 重要 还是 你 的 私事 重要 ？,Việc chung quan_trọng hơn hay_là việc quan_trọng hơn ?
这里 堪称 世界 人口 最 稠密 的 地方 。,Ở đây có_thể gọi là nơi__ nơi nhất ở đây .
你 弟弟 做 什么 工作 ？,em_trai bạn làm nghề gì ?
真的 ？ 那 明天 晚上 我们 都 去 跳舞 吧 。,thật sao ? tối mai chúng_ta đều đi đến_vũ vào ngày .
你 能 照看 这个 行李 吗 ？,Bạn có_thể vui hành_lý này không ?
我 的 房间 太 冷 了 。,Phòng của tôi quá lạnh .
我 可以 看看 那 个 包 吗 ？,Tôi có_thể xem cái túi đó không ?
我 想 跟 你 谈谈 旅游 。,Tôi muốn nói_chuyện với bạn .
你 是 澳大利亚人 吗 ？,Bạn là người Úc phải không ?
上 什么 菜 快 一点 ？,Cửa ăn thức_ăn nào lên vậy ?
当地 时间 早晨 七点 。,Nó_gian_gian sớm sáng sớm .
还 有 今后 兩天 的 房 吗 ？,Có phòng nào khác vào ngày hai không ?
我 要 各 种 不同 尺寸 的 硬币 谢谢 。,Làm_ơn cho tôi một món ăn có kích_thước .
四 个 苹果 。,4 cái táo .
我 姓阮,tôi họ Nguyễn .
我 要 去 弗罗里达 。,Tôi sẽ đi Florida .
你 喝 过 土豆 汤 吗 ？,Bạn đã uống__ súp không ?
我 要 参加 这 趟 旅行 。,Tôi sẽ đăng_ký chuyến du_lịch này .
你们 这里 有 什么 肉 ?,Ở đây các anh có thịt gì ?
我 相信 他 根本 不 会 说谎 。,Tôi tin rằng anh ấy không nói nói_dối .
你 父亲 多 大 年纪 了 ?,ba anh bao_nhiêu tuổi ?
替 我 感谢 各位 朋友 。,Hãy giúp tôi cảm_ơn các bạn_bè của tôi .
我们 现在 的 销售额 是 去年 同 时期 的 百分之七十 。,Chúng_ta đang ở__số tài_khoản của năm__ năm_kỳ năm__hạn .
"请 问 , 洗手 间 在 哪 ?","xin hỏi , ở nhà_vệ_sinh ở đâu ?"
我 想 在 中午 到 兩点 之间 到 洛杉矶 。,Tôi muốn đến Los_Angeles vào khoảng hai giờ .
这个 镇里 有 普通 的 出租 商店 吗 ？,Có cửa_hàng nào có mức__ mức trong thị_trấn không ?
有 节目 表演 吗 ？,Có chương_trình chương_trình không ?
我 不 想 在 那 个 价格 买 它 。,Tôi không muốn nó nó ở đó giá .
你 看 ， 多 乱 啊 ！,"xem xem , chùng_ !"
向前 走 大概 二百 米 。,Đi thẳng khoảng khoảng khoảng hai trăm .
我 很 兴奋 。,Tôi rất phấn_khởi .
你 从 冰箱 里 拿 过 什么 吗 ？,Bạn đã từng lấy gì từ tủ_lạnh phải không ?
你 能 给 我 看看 适合 我 穿 的 吗 ？,Bạn có_thể cho tôi xem cái gì đó cho tôi không ?
这 趟 巴士 在 绿色 公园 附近 停 吗 ？,Xe_buýt này có dừng lại gần_Park không ?
你 看 泰坦尼克 吗 ？,Bạn có xem qua không ?
请 把 它 放 在 称 上 。,Xin vui_lòng đặt nó vào trên .
我 失业,tôi thất_nghiệp
这个 星期 我 没有 空 ， 下 个 星期 我们 再 去 看 画展 ， 可以 吗 ？,"tuần này tôi không có rãnh , tuần sau tuần tới chúng_ta đi xem triễn__ , được không ?"
怪不得阿霞 感冒 了 ， 原来 她 穿 得 很 少 。,"Chả_trách bị bị , hóa_đ cô ấy mặc rất ít ."
请 给 我 看些 衬衣 。,Xin cho tôi xem một_số áo sơ_mi .
那 我 能 把 它 换成 别的 东西 吗 ？,Vậy tôi có_thể đổi nó lấy cái khác không ?
"对 不 起 打扰 你 , 你 能 帮 我们 照张 相 吗 ？","Xin_lỗi , bạn có_thể chụp hình với chúng_tôi được không ?"
请 修 下 这 副 假牙 。,Làm_ơn sửa nó vào những thứ này .
我 的 车速 是 五十 英里 每 小时 。,xe của tôi là 50 năm mươi tiếng Anh .
电脑 修好 了 。 来 试试 吧 。,Máy_vi_tính sửa xong rồi . đến thử xem .
是 风疹 。,Nó là bệnh_ .
你 能 把 这个 分成 四 份 吗 ？,Bạn có_thể vui_lòng gửi cái này thành phần phần_ được không ?
我 觉得 是 十一点半 关门 吧 。,Tôi nghĩ là 11 giờ rưỡi đóng_cửa .
有 浴室 和 淋浴 的 房间 。,Có phòng tắm phòng tắm và tắm tắm .
你 真 是 个 好 人 。,Bạn thật là người tốt .
请 找 五 美元 。,Hãy tìm giá năm đô_la .
你 按 这里 的 按键 。,Chỉ cần nhấn_ đây ở đây .
你 看 起来 真 像 我 姐姐 。,Bạn trông trẻ_vẻ như tôi .
根本 没 事 。,Không có vấn_đề .
主要 想 吃 海鲜 。,Chúng_tôi muốn dùng hải_sản hải_sản .
"我 想 要 一 个 香肠 拼盘 , 一 份 色拉 , 一 瓶 红酒 。","Tôi muốn một chiếc____xích , xà_lách trộn , một chai rượu_vang đỏ ."
我 更 喜欢 一 个 红色 的 。,Tôi thích màu màu đỏ .
这 件 青花 瓷瓶 简直 精美 绝伦 。,Chiếc hoa_m này được__giản là hàn_ô .
你们 那儿 呢 ？,chỗ bạn ở đó ?
不 是 ， 没 什么 大 事儿 。,"Không phải , không có gì gì lớn ."
我 会 给 日本 大使馆 打 电话 问问 他们 我 应该 怎么 办 。,"Tôi sẽ gọi cho Đại_sứ_quán Nhật_Bản , tôi nên làm gì ."
邦 的 创可贴 或者 其他 什么 的 。,Muối_th hoặc___ khác với những cái khác .
我 的 钥匙卡 不 好 用 了 。,Chìa khóa của tôi không dùng dùng_ích .
洗 胶卷 要 多少 钱 ？,rửa phim_ bao_nhiêu tiền ?
请 把 这个 拿到 出租 车站 。,Xin vui_lòng mang theo cái này đến tận_ .
我 能 拿 着 它 吗 ？,Tôi có_thể lấy nó không ?
下雪 了 ， 孩子们 有 的 堆雪人 ， 有的 打雪仗 ， 还 有的 溜冰车 。,"mưa_tuyết , con__ con có người___ , có người______l , , có_thể có xe_l ."
今天 天气 很 热 。,Hôm_nay thời_tiết rất nóng .
一 方面 乡长 要 调动 村民 的 积极性 ， 另 一 方面 村民 也 要 充分 发挥 主动 精神 。,"Một mặt_______động ,__động ,_động ,___ , một________viên cũng cần_________ ."
我们 要 等 很 久 吗 ？,Chúng_tôi có phải lâu lâu không ?
什么 牌子 的 ？,nhãn_hiệu gì ?
你 用 什么 洗 发水 ？,Bạn dùng loại dầu gội nào ?
你 有 小孩 吗 ？,Bạn có một trẻ_em không ?
我 要 把 鞋 头 放宽,tôi muốn giày giày tóc
你 想 吃 点 什么 ？,Bạn muốn ăn món gì ?
祝 他们 健康 长寿,chúc họ mạnh__ lâu
我 经商 。,Tôi làm kinh_doanh .
这 附近 有 网球场 吗 ？,Có sân quần_vợt ở đây không ?
你 知道 不 知道 旅游业 的 要求 是 什么 ？,Bạn biết biết nơi nào để yêu_cầu của gì ?
请 给 我 跟 三零一 号 房 接 电话,làm_ơn cho tôi cùng số điện_thoại phòng 3 số điện_thoại
请 告诉 我 在 这个 位置 能 看见 什么 。,Xin_ơn cho tôi biết nơi này có_thể thấy nó trong cái này .
叫 警察 来 。,Tôi sẽ gọi cảnh_sát .
但是 我 想 换 个 时间 。,Nhưng tôi muốn đổi thời_gian .
经商 很 难 。,Kinh_doanh rất khó .
列车 上 有 餐车 吗 ？,Có toa xe trên xe_lửa không ?
你 要 来 根烟 吗 ？,Bạn có muốn thuốc_lá không ?
有 相配 的 皮带 吗 ？,Bạn có băng_khoác nào không ?
我 感觉 很 好 。,Tôi cảm_thấy khỏe .
他 是 我 的 同事 。,Anh ấy là đồng_nghiệp của tôi .
鲁迅 有 一 篇 散文 叫 《 从 百草园 到 三味 书屋 》 。,Lền có một cây__ là tên là là__ và nhà_____ .
我 马上 把 条 给 您 寄去 。,tôi sẽ gửi cho bạn ngay gửi gửi ngay .
你 计划 游览 这个 国家 的 哪些 地方 ？,Bạn thích kế__ đất_nước này đất_nước ?
为了 你 ， 我 现在 是 这样,"vì bạn , tôi hiện_giờ là như vậy"
告诉 他 十点五十 开车 。,nói_ nói anh ấy 10 giờ 50 .
人 用品,người dùng_phẩm
谢谢 ， 这 是 您 的 零钱 。,"Cám_ơn , đây là tiền của bạn ."
你 喜欢 什么样 的 人 ？,Bạn thích người người như thế_nào ?
他们 有 孩子 了 吗 ？,họ có con chưa ?
那 得 看 时间 而 定 。,vậy phải xem thời_gian .
我 要 份 加 土豆泥 和 青豆 的 半生熟 的 牛排 。,"Tôi muốn dùng thịt bò khoai_tây chiên , và khoai_tây chiên ."
二十七 号 。,27 số .
也许 午餐 吃 生 的 东西 不 好 。,Có_lẽ ăn trưa ăn trưa ăn nhẹ_ .
下班 了 ？,tan sở rồi ?
请 早上 早点 叫醒 我 。,Xin vui_lòng gọi tôi dậy lúc sáng giờ sáng_mai .
我 怎么 吃 这些 大 螃蟹 爪 ？,Tôi có_thể những những cái này bằng cách nào ?
路 很 远 ， 您 还是 坐 出租车 去 比较 好 。,"Đi đường rất xa , hay_là đi xe_buýt ."
你们 在 日本 的 公司 员工 的 工作 时间 是 多少 呢 ？,Thời_gian của công_việc của công_ty của công_ty Nhật_Bản là bao_nhiêu ?
我 一会 再 给 她 打 电话 。,Tôi sẽ gọi lại cho cô ấy .
它们 是 干什么 用 的 ？,Chúng làm được làm gì ?
我 希望 明天 能 见到 你 。,Tôi hy_vọng có_thể gặp bạn vào ngày_mai .
你 要 开 哪 一 种 账户 ？,bạn muốn mở loại nào ?
这 是 我 的 护照 。,đây là hộ_chiếu của tôi .
我 知道 ， 电话 在 哪 ?,"Tôi biết , điện_thoại ở đâu ?"
你 的 意见 跟 我 的 一样,bạn_muốn của bạn giống như tôi
您 有 包装 纸 吗 ？,ông có giấy_tờ không ?
我 鼻塞 。,Tôi bị nghẹt mũi .
姐姐 睡 得 没有 比 妹妹 晚 多少 。,Chị_gái ngủ không bao__nhiêu__gái .
我们 订婚 了 。,Chúng_tôi đang đính_hôn .
请 你们 到 这 边 坐 。,mời các bạn đến bên này .
你 现在 就 搬 呀 ？,Bạn sẽ chuyển ngay bây_giờ ?
我 付帐 。,Tôi trả trả tiền .
这个 计划 真 是 再 周密 不过 了 。,kế_hoạch này thật là tuần__ .
我 不 懂,tôi không hiểu
这 周围 有 鲨鱼 吗 ？,Có cá_chép cá_ đây không ?
没有 后遗症 的 。,Không có gì cả cả .
我们 将 提前 三十 分钟 到达 。,Chúng_tôi sẽ đến đó ba mươi phút .
谁 ？ 艾米丽 ？,Ai ? ?
我 要 改造 厨房 。,Tôi muốn thay_đổi trong phòng .
你 有 药 吗 ？,Bạn có thuốc không ?
你 看 上去 也 不错 。,Bạn trông không tệ .
你 看见 那 边 的 饭馆 了 吗 ？,Bạn đã có__hàng ở đằng kia không ?
请 小心 地 包裹 以免 损坏 。,Hãy cẩn_thận vào những tấm__h dưới .
我们 会 开会 在 一 个 星期 内 决定 。,Chúng_tôi sẽ họp trong vòng trong vòng tuần trong tuần .
姐姐,chị_gái
"很 可惜 , 他 那 天 很 忙 。","rất tiếc , anh ấy đang bận rồi ."
你 能 告诉 我 到 游泳池 怎么 走 吗 ？,Bạn có_thể cho tôi biết đường đến hồ_bơi không ?
你 等 会儿 想 吃 点 什么 吗 ？,Bạn có muốn ăn món gì không ?
苏格兰 威士忌 加水 谢谢 。,Xin vui_lòng cho nước Scot .
但是 她 的 老公 很 保守 ， 虽然 也 很 好客 。,"Nhưng ông ấy của cô ấy rất đẹp , nhưng rất__ cũng rất tốt ."
可以 印 这些 胶卷 吗 谢谢 ？,Bạn có_thể vui_lòng phim những bộ phim được không ?
我 要 到 北京 留学 ， 请 问 要 什么 要求 ？,"tôi muốn đến Bắc_Kinh Bắc_Kinh , xin hỏi cần yêu_cầu gì ?"
飞机 晚点 了 。,Chuyến bay bị hoãn .
有 了 空位 请 找 我们 。,Có có_thể tìm được chúng_tôi tìm thấy .
我 买 了 一 只 口红 作为 礼物 。,Tôi đã mua một món quà .
他 去 奶奶 家 ， 我们 就 和 他 一起 来 了 。,"anh ta đi nhà__đình , chúng_tôi sẽ đến cùng với anh ta cùng với anh ta ."
你 要 上学 吗 ？,Bạn có muốn học học không ?
你 所 要 做 的 就 是 按 这个 按钮 。,Bạn sẽ phải làm điều đó là nút nút này .
包括 税收 和 服务 费用 吗 ？,Nó có bao_gồm thuế và phí dịch_vụ không ?
我 就 要 两 瓶 。,tôi sẽ lấy hai chai .
我 可以 知道 你 的 名字 吗 ？,Tôi có_thể biết tên của bạn không ?
我 会 叫 凯特 的 请坐 稍 等一会 。,Tôi sẽ gọi___ vì vì vì___ .
你 太 冷静 了 。,Anh quá bình tỉnh .
有 香粉 吗 ？,Bạn có một_ít phấn không ?
我 去 还 是 你 去 ？,Tôi đi hay_là bạn ?
我 得 去 买 些 票 。,Tôi phải đi mua một_số .
水 太 热 了 。,Nước quá nóng .
你们 有 什么 给 紧张 的 男人 吃 的 药 吗 ？,Bạn có thuốc gì cho cho người uống cho người không ?
我 洗 的 衣物 都 因 这些 雨 干 不 了 。,Tôi đã giặt quần_áo này sạch làm sạch sạch này .
什么 新 任务 ？,T mới_vụ mới nào ?
工友,nhà_máy
比如 首饰 或者是 一 台 新 电脑 ？,tỉ_dụ nào__ hoặc là máy_tính mới ?
"我 迷路 了 , 这 是 什么 路 ?","tôi bị lạc đường , đây là đường gì ?"
我 想 有 。,Tôi nghĩ có .
要 花 多少 时间 ？,Mất bao_nhiêu thời_gian ?
电源 插座 在 哪 ？,Ổ_cắm ở đâu ?
里面 有 吗 ？,Có có không ?
你 有 约 会 吗 ？,Bạn có hẹn_ ?
我们 的 复印纸 不 多 了 。,Đĩa của chúng_tôi đã không_thể nhiều .
这 件 事 以后 再 说 吧 。,Việc này để sau hãy nói đi .
请 你 坐 ， 我们 开始 吧,"mời bạn ngồi , chúng_tôi bắt_đầu nhe"
有时候 很 忙 ， 有 时候 不 太 忙 。 你 呢 ？,"có lúc rất rất bận , có_ không quá bận . Còn bạn ?"
如果 找 不 着 怎么 办 ？,Nếu tìm không tìm được làm thế_nào ?
发 航空 邮件 要 多少 钱 ？,Thư thư bằng đường_hàng_không giá bao_nhiêu ?
两 个 衣袖 太 短 了 。,Hai cái tay_áo quá ngắn .
什么 时候 开船 ？,Khi nào thì bắt_đầu ?
这么 少 ？,Nó như thế_nào ?
当然 。 我 的 手机 号码 是 233 - 288 - 2328,Được chứ . Tôi_thoại của tôi là số 288888
在 附近 有 没有 银行 ?,Gần đây có ngân_hàng nào không ?
我 父母 都 是 大夫,ba_má tôi là bác_sĩ
我 喜欢 远足 、 划独 木舟 和 骑马 。,"Tôi thích xa___ , và__ và và_ ."
肚子 很 疼,đau_lạnh đau
大概 六 个 月 之前,khoảng 6 tháng
是 跟 和 子学 的 吗 ？,Nó có phải với với khâm_ không ?
我 刚 开始 学 .,Tôi mới bắt_đầu học .
它 是 土场 还是 草场 ？,Nó là sân_chơi hay sân_ ?
晚饭 吃 什么 ？,Bạn ăn ăn tối ?
从 这 到 ABC 百货 公司 多少 钱 ？,Giá bao_nhiêu cho đến Công_bay đến ABC bao_nhiêu ?
我 在 哪 能 买到 这 辆 巴士 的 票 ？,Tôi có_thể mua vé xe_buýt ở đâu ?
我 预订 了 靠 窗 座位 。,Tôi đã đặt chỗ gần cửa_sổ .
CNN 一 整 天 都 在 谈 它 。,Một__ trong một ngày đều__ nó .
那 价钱 怎么样 ？,Còn về thì sao ?
我 想 确定 一下 出发 时间 。,Tôi muốn chắc_chắn khởi_hành .
那 也 不 一定 。 如果 我们 买 很多 产品 ， 价格 能 不 能 低 一点儿 ？,Vậy cũng không nhất . Tôi đã mua thêm nhiều sản_phẩm có giá_cả có_thể không được không ?
不 我 对 尺码 比较 模糊 。,"Không , tôi không_thể kích__ kích_cỡ ."
我 下午 六点 下班 。,Tôi chiều giờ 6 giờ tan .
只有 努力 学习 ， 才 会 学好 华语 。,"Chỉ có nổ lực học_tập , mới có_thể học tốt tiếng hoa ."
在 你 还 没 开始 修 之前 估计 一下 费用 好 吗 ？,Bạn vẫn chưa bắt_đầu trước khi bạn được_phí được không ?
请来 一 小 杯 。,Xin vui_lòng cho một ly nước .
检查 护照 的 官员 看来 不 是 很 和蔼 。,Các kiểm_viên bán__ xem hộ__ và rất_ .
这 在 十九 世纪 四十年代 到 四十六 年代 很 流行 。,Đây là nơi phổ_biến trong năm mươi năm thứ ba mươi từ__đại .
这 种 润肤 露 妨碍 排汗 吗 ？,loạiem này có mỉ-lon phải không ?
嗯 中等 的 。,"Ừ , nó đang ."
你 需要 服用 一些 胃药 。,Bạn cần một_ít thuốc đau đau_dày .
我 要 看 医生,tôi muốn gặp bác_sĩ
请 你 到 那边 办 手续,mời bạn đến bên kia làm thủ_tục
何时 何地 能 买 着 ？,Khi nào nào và khi nào ?
我 怎么 打 电话 ？,Tôi có_thể gọi điện_thoại bằng cách nào ?
我 有 很多 事 要 做 。,Tôi có nhiều việc phải làm điều .
外语系,ngoại_ngữ
星期一 。,thứ hai .
那 就 太 好 了 。,Nó thì tốt .
如果 有 出租车 那 就 最 好 了 。,Nếu nó có sẵn_sàng thì tốt .
我 能 步行 到 那 吗 ？,Tôi có_thể đến đó bằng bộ được không ?
我 想 打 个 国际 电话 。,Tôi muốn gọi điện_thoại ra nước_ngoài .
请问 ， 贵 公司 最近 有 哪些 新 产品 ？,"xin hỏi , công_ty các ông có sản_phẩm mới ?"
跟 以前 一样,như vậy
你 可以 去 问 一下 那 边 的 冲浪板 出租 柜台 。,Bạn có_thể đi__sách các cửa_hàng của đằng kia .
我 给 你 带来 了 收录机 ， 你 可以 听听 英语 广播 。,"tôi đưa cho bạn tiền______ , , có_thể nghe thử những người bạn__ ."
我 需要 借用 你 的 电脑 。,Tôi cần mượn máy_tính của bạn .
如果 是 那样 我 无法 给 你 补办 。,"Trong trường_hợp đó , tôi sẽ làm_ bạn cho bạn ."
农民 的 生活 一 天 比 一 天 好 。,Cuộc_sống của nông_dân ngày_càng tốt hơn .
让 我们 看看 您 有 多少 衣物 。,Chúng_tôi xem xem xem có bao_nhiêu quần_áo .
除了 你 现在 才 知道 ， 大家 都 知道 了,"ngoài bạn hiện_giờ mới biết , mọi người đều biết biết rồi"
"当然 , 我 现在 就 叫 。","Được chứ , tôi sẽ gọi là ngay bây_giờ ."
你 今天 准备 干 什么 ？,Bạn sẽ làm gì hôm_nay ?
很多 人 都 舍 不 得 伯父 的 离开 。,Nhiều người nhiều người không_thể rời khỏi vào những người .
我 可以 用 一下 你 的 手机 吗 ？ 我 的 在 车 里 ，,Tôi có_thể sử_dụng điện_thoại của bạn trong xe của tôi .
这 化妆 怎么 在 潮湿 的 环境 顶 得 住 呢 ？,Các trang_điểm ở_sao ở trong những ở nhà__ ở sống ở đâu ?
我 负责 市场 调查 和 开发 。,Tôi phụ_trách nghiên_cứu và uốn_tóc .
你 的 业务 能力 提高 得 这么 快 。,Sở_hình của bạn có_thể nâng_cao nhanh như vậy .
我 正在 学 华语 ， 可能 学期 结束 就去 。,"tôi đang học tiếng hoa , có_thể học khoá_học xong đi ngay ."
已经 满 了 。,Nó quá rồi .
煎 的 谢谢 。,Xin vui_lòng cho cái .
你 认识 他 很 久 了 吗 ？,Bạn có quen anh ta lâu rồi không ?
他们 都 结婚 了 。,họ đều lập gia_đình rồi .
我 结婚 啦 。,Tôi lập gia_đình .
我 也 没有 。,Tôi cũng không có .
这 肯定 是 身份证 也许 。,Đây là là một__dân_nhân .
这个 不 是 我 点 的 。,Cái không phải là món tôi gọi của tôi .
海运 邮件 ？,Bưu_hàng bằng đường biển ?
让 我 查查 还 有 没 有空 的 。,để tôi kiểm_tra còn có rảnh .
美国 快递 可以 吗 ？,Mỹ có được không ?
您 要 租 什么样 的 车子 ？,Bạn muốn thuê loại xe_hơi nào ?
有 好 点 的 酒店 吗 ？,Có khách_sạn nào tốt hơn không ?
你 能 给 我 看下 橱窗 里 那 个 吗 ？,Bạn có_thể cho tôi xem cái cái đó được không ?
哪里 ， 哪里 ！,"Không dám , !"
我 不 需要 搬运工 。,Tôi không cần phải chuyển_ .
彩色,màu màu
你 能 在 一 个 小时 内 改改 它 吗 ？,Bạn có_thể lấy nó tại một trong một giờ không ?
去 机场 往返 我 要 付 转车费 吗 ？,Tôi có phải trả tiền cho tôi đến sân_bay không ?
我 听说 大约 二十 美元 。,Tôi nghe khoảng hai mươi đô_la .
什么 时候 回来 ？,Giờ quay trở_lại là mấy giờ ?
我 没 零 钱 。,Tôi không có tiền_lẻ nào .
我 叫 保安 上去 。,Tôi tên là bảo_vệ_sinh .
赶紧 说 重点 ， 废话 少 说 。,"trong nói_ nói nói_chuyện , nói_chuyện nói_chuyện ."
要 吃 餐点 时 ， 请 您 打到 服务台 。,"muốn ăn ăn tối , , xin ông gọi lại quầy tiếp_tân ."
我们 一共 三 人 。,Có_tôi cho chúng_tôi .
这些 樱树 是 日本 送给 美国 的 。,Những cái này này là tặng tặng là_ Mỹ .
是 的 我们 尽力 使 废物 能够 再 利用 。,"Vâng , chúng_tôi có_thể làm__ có__ích__triển__ ."
"我 要 的 是 无烟区 的 座位 , 但 这 是 吸烟区 的 座位 。","Tôi yêu_cầu một chỗ ngồi_không hút thuốc , nhưng đây là chỗ ngồi hút thuốc_lá ."
你 能 为 我 叫 辆 出租车 吗 ？,Bạn có_thể gọi cho tôi một chiếc xe taxi được không ?
像 他 那么 调皮 的 孩子 不 多见 。,Không giống như anh ấy như thế_ .
那么 我 该 怎么 办 ？,Vậy tôi nên làm gì ?
没 电,không sao
调查 显示 百分之二十 的 人 不 喜欢 这 部 电影 。,Một_số người khác được không_thể ăn phim cho những người phim .
那么 要 是 这样 我 就 换 其它 的 公司 了 。,"Sau đó , như vậy thì tôi đã__ công_ty tôi ."
你 教 什么 学科 ？,bạn dạy môn gì ?
我 今天 一 分 钱 也 没 带 。,Hôm_nay tôi không có tiền_ không .
张强 是 个 好 同志 ， 既 不 贪财 ， 也 不 贪色 。,"Trương_kiện là một đồng_chí tốt , vừa không bùng_l cũng cũng không dám ."
我 需要 看 脊柱 按摩疗法 医生 。,Tôi cần xem một_số bác_sĩ phẫu_thuật .
请 你 快点 办理 手续,mời bạn nhanh__tục làm_tục
降三 美元 。,Nó là ba đô_la .
我 从 北海道 来 。,Tôi đến từ từ Bắc_Kinh .
"哦 , 听 起来 很多 呀 。","Ô , nghe có rất nhiều ."
我 脚扭 了 。,Tôi bị đau__ .
那 位 是,vị đó
我 应该 坐 公共 汽车 还是 坐 出租车 ？,Tôi nên bắt xe_buýt hay bằng xe_buýt ?
到 绿色 公园 后 请 通知 我 。,Xin vui_lòng cho tôi biết khi đến đến_viên .
请 帮 我 做好 点儿 。,Làm_ơn giúp tôi một_ .
说到 房子 杰克 刚好 买 了 栋 新 房子 。,Nói nói đến nhà__ vừa vừa_ mua mua nhà mới .
您 想要 个 与众不同 的 发式 吗 ？,Bạn có muốn gửi một cái nào khác không ?
你 可以 推荐 一些 吗 ？,Bạn có_thể giới_thiệu một_số không ?
是 的 真的 很 不错 而且 他们 给 的 量 还 很多 。,"Vâng , thực_sự rất__ rất nhiều họ rất nhiều ."
烹调 方面 的 书 也 在 二 层 吗 ？,Nhà_ sách của sách ở M tầng hai tầng phải không ?
"如果 你们 供应饭 的 时候 , 我 正 在 睡觉 请 不 要 打扰 我 。","Nếu bạn các bạn ăn cơm , , tôi đang ngủ , tôi không muốn làm phiền tôi ."
我 总 想要 自杀 。,Tôi thích dùng__ .
你 真 是 个 天才 。,Bạn thật là một ngày .
那 个 戴 眼镜 的 人 是 谁 ？,người đàn_ông đó là ai ?
我 昨天 买 了 这个 发现 这里 有 一 个 污点 。,Tôi đã mua cái này và hôm_qua và một vết ở đây .
你 能 把 这个 通知 转交 给 1114 房间 的 Yoshida 女士 吗 ？,Bạn có_thể vui_lòng chuyển_lòng cho tôi một_số loại A ở_la được không ?
今天 有 棒球 比赛 吗 ？,Hôm_nay có thi_đấu bóng_đấu không ?
你 能 在 这里 帮 我 保管 包直 到 4：00 吗 ？,Bạn có_thể giữ hành_lý của tôi đến đến 4 giờ được không ?
拉链 坏 了 。,Nó bị kéo bị hỏng .
早安 ！,chào buổi sáng !
城里 有 迪斯科 舞厅 吗 ？,Có có vũ_trường nào_trường không ?
我 想 坐车 去佩恩 车站 。,Tôi muốn đi xe_buýt đến ga_ble .
下午 我们 去 吊唁 吧 。,buổi chiều chúng_ta đi đi chơi .
您 想 寄 普通 的 还 是 挂号 的 ？,Bạn muốn gửi nó thường hay_là ?
外套,áo_
你 是 哪 国人 ？,Bạn là người nước nào ?
"我 六点钟 下班 , 七点钟 怎么样 ？","tôi 6 giờ 6 giờ , , 7 giờ sáng thì sao ?"
但是 要 交 二百 美元 的 停车费 。,Nhưng nó sẽ trả phí khoản phí đô_la .
你 什么 时候 回来 ？,Khi nào thì bạn trở_về ?
那 不 是 铅笔 ， 那 是 一 支 钢笔 。,"đó không phải bút_ bút , đó là một cây_viết chì ."
这个 适合 消费者 的 视好,cái này vừa tiêu_dùng với người_dùng
这 趟 火车 在 A 站 做 了 一 个 短暂 停留 。,Xe_lửa này có được nghỉ_ngơi trong một trạm .
当 我 开始 上 大学 时 ， 我 是 学 心理学 的 ，,"Khi tôi bắt__học , đại_học tôi học__lý ."
你 到 什么 时候 能 把 它 重新 发行 ？,Bạn có_thể gửi nó khi khi nào ?
大概 一 个 多 月 。,khoảng hơn tháng .
唔 ! 走路 大约 十五 分钟 。,"Vâng , khoảng mười lăm phút đi bộ ."
假日 愉快 ！,Chúc một ngày nghỉ vui vẽ !
不 客气 ， 路 上 辛苦 了 。,"Không có khách , đi đường vất_vả ."
你 是 往返 票 吗 ？,Bạn là vé khứ_hồi phải không ?
你 女儿 叫 什么 名字 ？,Con_gái bạn tên là gì ?
阿强,A
我 想 去 伦敦 。,Tôi muốn đi đến Luân_Đôn .
是 的 当然 可以 。,"Vâng , chắc_chắn ."
你 的 电话 号码 是 多少 ？,Số điện_thoại của bạn là gì ?
我 想 要 个 副本 给 日本 的 医生 谢谢 。,Làm_ơn cho tôi một bác_sĩ cho Nhật_Bản .
听 和 说 比较 难 。,nghe và nói hơi khó .
这 位 艺术家 叫 什么 ？,Tên nhà này tên_ tên là gì ?
要 我 帮 你 找些 特别 的 吗 ？,Tôi sẽ giúp bạn tìm một_số đặc_biệt không ?
波士顿 你 熟 吗 ？,Bạn có biết rõ_ ?
百分之八十 的 羊毛 和 百分之二十 个 的 多元酯 。,"Một_số phần_trăm , và phần_trăm và hai mươi phần_trăm ."
有 其他 颜色 的 吗 ？,Bạn có màu nào khác không ?
出租 车站 在 哪 ？,Trạm xe_buýt ở đâu ?
为 我们 的 友好 合作 干杯 ！,vì tình_bạn của chúng_tôi hợp_đồng của__ !
专业 摄影 受 光线 影响 因素 很多 。,Tay_ảnh của______________ .
请 问 张 教授 在 哪儿 工作 ?,xin hỏi thầy_giáo ở đâu_tác ở đâu ?
这 本 书 多少 张 ？,cuốn sách này bao_nhiêu ?
我 每 隔 六 小时 吃 一 次 这个 药 。,Tôi đã ăn thuốc này một lần một giờ .
我 口渴 了 。,Tôi đã bị kh .
我 希望 将来 能 从事 新闻业 。,Tôi hy_vọng tôi có_thể làm tin_tức từ__ mới .
这个 很 难 。,Cái này rất khó .
哦 ， 没 关系 。,"Ồ , không có gì ."
在 第三 个 拐角 右拐 。,Nó rẽ phải ở góc thứ ba .
你 喜欢 什么 颜色 ？,bạn thích màu gì ?
我 用 英语 说 不 明白 。,Tôi không nói tiếng Anh bằng tiếng Anh .
你 能 给 我 看 左边 第二 个 戒指 吗 ？,Bạn có_thể cho tôi xem cái nhẫn đó được không ?
这 是 谁 的 朋友 ?,Đây là bạn của ai ?
我 姓 小 田 房间 号码 是 1234 。,Tôi họ ở phòng số_ 1234 .
我 的 表快 了 十 分钟 .,Đồng_hồ tôi nhanh hơn mười phút .
你 要 等 一会儿 还是 待会儿 来 取 ？,Bạn muốn đợi 1 lát hay_là ?
每 小时 6 美元 。,Nó là một đô_la .
这 家 餐馆 怎么样 ？,Nhà nhàhàng này như thế_nào ?
纽约 大厦 就 在 这儿 这 条 路 上 。,Nó_ con ở đây trên đường này đây .
您 什么 时候 开始 办 登机 手续 ？,ông khi nào bắt_đầu làm thủ_tục ?
是 的 ， 请 再 说 一 遍 您 找 谁 ， 好 吗 ？,"Vâng , xin vui_lòng nói lại ông tìm được không ?"
不 晚 ， 我 觉得 还 行 。,"Không , tôi nghĩ nghĩ là vẫn còn ."
我 在 银行 工作,tôi làm_việc tại ngân_hàng
二百 美元 全部 怎样 ？,Còn về khoảng đô_la thì sao ?
你 能 推荐 一 个 好 的 喜剧 吗 ？,Bạn có_thể giới_thiệu một___ tốt không ?
我 可以 让 你 说 得 稍 慢 一点 吗 ？,Tôi có_thể nói bạn biết một_chút được không ?
长途 汽车 还是 火车 ？,xe_buýt hay xe_lửa ?
你 正在 哪儿 工作 ？,bạn đang làm công_việc ở đâu ?
请 帮 我 把 它 包 一 下 好 吗 ？,Bạn có_thể vui_lòng gói túi_xách của tôi được không ?
我 站 后面,tôi đứng sau
买到 票 以后 就 告诉 我 吧,sau khi mua được vé thì cho tôi biết nhe
坐 巴士 的 费用 是 一百八十 日元 。,Giá vé xe_buýt là tuyến trăm yên .
是 九月 二十三 号 。,Đó là ngày 20 tháng 9 .
今天 有 什么 电影 ？,Có chiếu gì phim có_nay là gì ?
学生们 认真 地 听 老师 讲课 。,học học họcsinh chăm_chú nghe nghe thầy_giáo .
紧挨 着 博物馆 ， 我们 大概 需要 十 分钟 。,"Ch bên bên bảo_tàng , chúng_tôi khoảng 10 phút 10 phút ."
婚宴 两 星期 前 ， 请 你们 来 挑选 菜式 。,"tiệc cưới 2 tuần trước , mời các bạn đến chọn món ăn ."
你 一直 走 过 两 个 十字 路口 后 到 另 一 个 有 交通 灯 的 十字路 口 。,Bạn đi đi qua hai ngã_tư thứ hai tuần sau khi giao_thông giao_thông .
你 说 得 毫 无 根据 。,Anh nói chẳng có cơ_sở gì cả .
怎么样 才 算是 真正 的 胜利 ？,Qu thế_nào mới có_thể thực_lợi__ ?
不 知道 我们 是否 能 一起 吃 午餐 。,"Không , chúng_ta có_thể ăn trưa với nhau ăn trưa ."
他们 没 给 你 免费 的 牙刷 吗 ？,Họ không có___phí cho bạn không ?
我 想 要 三 张 这 排 中间 的 票 。,"Tôi muốn mua vé cho tôi trên ghế này , ba này ."
小 李 的 书 很 多 ， 有的 是 中文 的 ， 有 的 是 英文 的 。,"sách_việc của Tiểu_Lý rất nhiều , có người là tiếng hoa , có anh ."
给 我 一 份 巧克力 薄片 甜饼 。,Cho tôi một phần sô-cô__la .
现在 是 大减价 。,Bây_giờ là con_hạ_giá .
只是 些 胃药 。,Chỉ cần một_ít thuốc đau đau .
我 的 手肿 了 。,Tôi bị tay_tay của tôi bị sưng .
这个 有 其他 颜色 的 吗 ？,Bạn có màu khác với màu khác không ?
听 起来 不错 ， 我 不 知道 我 能 坚持 做 多久 。,"Nghe_như không tệ , tôi không chắc__thể làm được___ ."
天气 怎么样 ？,Thời_tiết như thế_nào ?
这 趟 车 去 蒙 菲斯 吗 ？,Chiếc xe này đi đến Miceic không ?
诚实 为 上策 。,"S_thực , xin__l ."
大 中午,trưa trưa
我们 什么 时候 去 ？,Khi nào chúng_ta đi ?
五 美元 三十二 美分 。,"Nó là năm mươi xu , ba mươi xu ."
我 需要 一 位 医生 。,Tôi cần một bác_sĩ .
你 故乡 在 哪儿 ？,bạn_học ở đâu ?
我 想 要 一 台 激光 唱机 。,Tôi muốn một máy_ghi âm_ .
坐 N 线 特快 去 运河 路 。,Đi theo tuyến đường_tốc_tốc đến đường đường .
那支 铅笔 的 颜色 跟 这 支 一样 。,Một đó màu màu khác với cây_ kia giống như vậy .
现在 流行 什么 ？,Kiểu nào đang được yêu_thích ?
我们 早上 几 点 起床 ？,Chúng_ta sẽ thức_dậy lúc mấy giờ ?
爸爸 ， 妈妈 ， 姐姐 。,"ba , mẹ , chị chị ."
一 件 笔 多少 钱 ？,1 miếng bao_nhiêu tiền ?
那 个 房间 多少 钱 ？,Giá phòng bao_nhiêu ?
你 觉得 我 能 买到 吗 ？,Bạn có nghĩ tôi có_thể mua được không ?
我 是 Haruko 。,Tôi là Hoku .
“ 同志 ， 要 关门 了 ， 请 回 吧 ！ ” 一 个 在 公园 里 工作 的 同志 叫 我 。,"""_chí , cần đóng_cửa rồi , xin_ơn đi gọi____ công_việc của tôi_tôi ."
我 把 钥匙 忘 在 房间 里 了 。,Tôi đã chìa khóa khóa phòng của tôi trong phòng .
我 今天 不 高兴 。,Tôi không_thể làm_nay .
我 想 要 些 果汁 。,Tôi muốn một_ít nước trái_cây .
好久 不 见 ， 你 生活 怎么样 ？,"đã lâu không gặp , anh_sống như thế_nào ?"
有 五 小时 的 巴士 旅行 吗 ？,Có chuyến xe_buýt nào đến giờ không ?
我 不 知道 那 是 不 是 真 的 ， 我 什么 都 没 听 说 。,Tôi không biết là không biết là gì tôi không nói gì . nghe nói .
有 景色 漂亮 的 滑雪场 吗 ？,Có trượt_tuyết trượt__ đẹp nào không ?
需要 先 存 一 笔 钱 吗 ？,Bạn có cần gửi trước một một_ tiền không ?
一些 不得不 处理 的 事 。,Rất không_thể không bất_cứ điều gì .
每 户 人家 在 新年 时 都 会 准备 叫做 osechityori 的 年饭 。,Mỗi người_sĩ người___ được gọi là một người trong__an trong_buan .
我 要 走,tôi muốn đi
好 了 ， 别再 谈到 我 的 工作 ， 你 怎么样 ？,"được rồi , đừng nói_chuyện với tôi công_việc của anh như thế_nào ?"
那 是 五 匹 马 吗,đó là năm năm phải không ?
我们 是 随团 旅游 的 。,Chúng_tôi có các đoàn du_lịch .
对 ， 好 可爱 。,"Đúng , xin dễ_thương ."
他 出差 了 。,Anh ấy đi công_tác rồi .
我 想 租 一 辆 车 。,Tôi muốn thuê một chiếc xe .hơi .
我 的 书包 在 那儿 。,sách của tôi ở ở đó .
我 是 东京人 。,Tôi là người Tokyo .
我们 等 人 来 帮忙 吧 。,chúng_ta đợi_ người người giúp_đỡ .
你 朋友 呢 ？,bạn bạn ?
两 个 晚上 ， 房价 多少 ？,"2 tối , phòng giá bao_nhiêu ?"
我 想 要 一 种 加快 身体 新陈代谢 的 产品 。,Làm_ơn cho tôi một_số sản_phẩm mới cho__ .
它 的 右边 就 是 。,Nó nằm bên phải phía bên phải .
你 要 等一会 吗 ？,Bạn có muốn chờ_ không ?
生意 兴隆,làm_ăn phát_đạt
这 不 是 我 的 签名 。,Đó không phải là của tôi .
请 告诉 我 我 的 座位 在 什么 地方 。,Xin vui_lòng cho tôi biết chỗ ngồi của tôi ở đâu .
你 可以 送去 给 我 吗 ？,Bạn có_thể đưa tôi không ?
美元 谢谢 。,"Thưa_ơn , ."
你 可以 在 别 的 柜台 试试 赫兹 。,Bạn có_thể mua nó ở quầy__ khác .
这 是 药 。,đây là thuốc .
我 也 是 一 个 学生 。,Tôi cũng là sinh_viên .
请 起筷 ， 吃饱 啊 。,"xin_ơn đi , ăn no ."
哥哥 比 弟弟 大 几 岁 ？,anh_trai lớn hơn em_trai mấy tuổi ?
它 在 这儿 。,Nó ở đây .
永不言不 。,Cháu__ .
怎么 没有 热水 ?,Không có nước nóng nóng không ?
你 有 盒子 吗 ？,Bạn có thùng hộp không ?
从 东京 来 的 飞机 到 了 吗 ？,Chuyến bay đến từ đến đến chưa ?
你 觉得 澳大利亚 怎么样 ？,Bạn cảm_thấy như thế_nào ?
早上 还是 晴天 ， 中午 居然 下起 雨 来 。,"Buổi sáng hay_là ngày , buổi sáng , chuyến đi đến mưa mưa ."
我 失业 了 。,tôi bị thất_nghiệp .
哪 趟 巴士 去 会馆 ？,Xe_buýt nào đi đến Guild_Hall vậy ?
我 会 在 17 号 回来 。,Tôi sẽ trở_lại vào ngày thứ .
雨季 有时 整天 下雨 ， 天气 很 湿润 。,"mưa mưa__ mưa mưa mưa , thời_tiết rất đẹp ."
这 件 不 大 也 不 小 。,cái này không lớn cũng không nhỏ .
你 认识 好 点 的 妇科 医生 吗 ？,Bạn có bác_sĩ với__ không ?
我 也 二十八 。,tôi cũng hai mươi tám .
我 有 三 个 本子 ， 两 本 书 。,"Tôi có ba cái ba , 2 cuốn sách ."
哪儿 疼 ？,đau đau ở đâu ?
这 趟 巴士 是 去 迪斯尼 乐园 的 吗 ？,Chiếc xe_buýt này có đi đến P_He không ?
你 能 带 个 信 吗 ？,Bạn có_thể mang tin_nhắn được không ?
您 看看 这个 行吗 ？,Bạn sẽ xem cái này được không ?
一 个 中 杯 可 乐 。,Một_ơn cho một cô-ca .
镜头,gương_kính
明天 就 考试 了 ， 晚上 要 复习 。,"ngày_mai thi thi rồi , tối tối phải ôn_tập ."
我 要 镶假牙 。,Tôi muốn nghỉ_phép .
哦 ， 我 听 说 那 个 电影 不错 。 什么 时候 开始 ？,"Ô , tôi nghe nói là bộ phim đó . vậy bắt_đầu ?"
我 应该 通知 谁 ？,Tôi nên thông_báo ai ?
你 想 同 我 一起 去 吗 ？,Bạn có muốn đi với tôi không ?
我们 的 友谊 越来越 深 。,Đĩa của chúng_tôi càng_càng ._càng .
能 给 我 再 拿 条 毯子 吗 ？,Bạn có_thể có một cái chăn khác không ?
你 找到 了 吗 ？,Bạn tìm thấy chưa ?
等 一下 。,Chờ một_chút .
会 是 个 好 天 吗 ？,Nó có một ngày tốt không ?
我们 去 商店 。,Chúng_tôi đi cửa_hàng .
我 需要 给 司机 小费 吗 ？,Tôi có cần tiền cho cho người lái xe limousine không ?
你 碰上 交通 堵塞 了 吗 ？,Bạn đã bị kẹt__đẳng phải không ?
"好 的 , 豪华 房间 有 迷你 厨房 免费 的 早餐 和 面对 大海 阳台 。","Được , , trong phòng có phòng_ và và trái__ và địa__biệt và các mặt_hàng lớn ."
请 打完 电话 后 告诉 我 费用 。,Làm_ơn gọi cho tôi sau khi chúng_tôi để trả phí .
我 最 喜欢 是 建设 专业 .,Tôi thích nhất là ngành xây_dựng .
当然 可以 。 那 我们 先 去 买 份 报纸 ， 然后 再 去 图书馆 。,"Được chứ . Tôi sẽ mua_sắm mua trước trước báo sau đó , đi đó đi thư_viện ."
他 又 会 汉语 又 会 英语 。,Anh ta vừa biết tiếng Hoa vừa biết tiếng Anh .
请 问 车站 在 哪儿 ？,xin hỏi nhà_ga ở đâu ?
他 欢送 我 回来 越南,anh ta ta tiễn tôi tôi về lại Việt_Nam
你 能 把 这些 钱 换成 日元 吗 ？,Bạn có_thể đổi những cái này sang đồng yên Nhật không ?
"我 的 皮夹 , 护照 还 有 其他 一些 随身 物品 。","Tôi bị ví da , hộ_chiếu có một_số đồ_đạc ."
我 想 申请 补办 我 的 护照 。,Tôi muốn xin_ hộ_chiếu của tôi .
如果 我 等 的话 有 多 大 的 可能性 能 坐 上 座位 。,Nếu tôi có một_số có_thể có_thể ngồi trên ghế .
这 就 是 价目表 ， 请 您 指教 。,"Đó là giá đồng_hồ , xin chỉ chỉ chogiáo ."
很 久 以前 这里 是 一 座 庙,rất lâu trước đây đây là 1 1 n
我们 还 要 再 付 钱 吗 ？,Chúng_ta có trả trả thêm trả thêm không ?
这 事 太 难 ， 我 肯定 不 行 。,"Việc này không khó , tôi__thể không được ."
你 说 汉语 说 得 怎么样 ？,bạn nói tiếng Hoa như thế_nào ?
大衣,áo_khoác lớn
我们 能 在 两 天 内 给 你 做好 。,Chúng_tôi có_thể làm_ trong vòng trong ngày ngày_tôi .
你 计算机 考 了 多少 分 ？,Bạn đã máy_tính thi__nhiêu năm ?
这 没 问题 。,Không có vấn_đề gì .
你 怎么 了 吗 ？,Bạn có sao ?
我 想 我 要 的 是 一 个 鱼肉 汉堡 但是 我 的 鱼肉 汉堡 里 却 没有 鱼肉 。,"Tôi nghĩ rằng tôi là một món cá_ thịt cá , nhưng cá_ cá , cá_ cá , cá cá , cá cá ."
我 想 在 三 楼 吧 。,Tôi muốn đi trên tầng ba .
是 的 唔很 简陋 水泥 的 。,"Vâng , có một_số loại hàng__ ."
谁,ai
什么 ?,cái gì ?
烤 牛肉 。,Xin vui_lòng nướng thịt bò nướng .
我 能 给 他 个 信 吗 ？,Tôi có_thể tin_nhắn cho anh ấy được không ?
中午 你 几 点 去接 他们 回来 ？,buổiưa mấy giờ chị đi đón cháu về cháu ?
不 ， 理发师 就 来,"không , hớt_tóc_ là đến"
你 喜欢 音乐 吗 ？,Bạn có thích nhạc không ?
邮箱,thùng_thư
我 像 是 感冒 了 。,Tôi đã bị cảm lạnh .
我 叫 WatanabeGoroh 。,Tên tôi là Rano_ho_ho .
肩膀 周围 有点 紧 。,Nó có__ hơi chật hơi chật .
我 大概潜 了 十 次 水 。,Tôi đã bị mất_m lần .
王 先生 ， 你 在 哪儿 工作 ？,"Ông Vương , ông đang làm_việc ở đâu ?"
我 只 是 在 等 人 。,Tôi chỉ chờ chờ_đợi .
小孩子 不 要 在 马路 上 玩儿 。,Con_em không không phải ở trên đường_cao_
"嘿 , 我 现在 想 开车 。","Hê , tôi bây_giờ bây_giờ ."
今天 小心 中暑 。,hôm_nay là ngày nghỉ .
这 相片 我 急 着 要 ， 今天 内 能 洗 好 吗 ？,"C_m này tôi cần phải , hôm_nay có_thể giặt được không ?"
你 去 哪儿 ？,bạn đi đâu ?
有 三 ， 四 个 而已,"có 3 3 , 4 mà thôi"
可以 ， 你 要 发到 哪里 ？,"Được , bạn muốn gửi đi đâu ?"
你 觉得 怎么样 ？,bạn cảm_thấy như thế_nào ?
你 能 告诉 我 关于 条款 的 更 多 信息 吗 ？,Bạn có_thể cho tôi biết thông_tin về lại tiền__ không ?
在 哪 可以 找到 激光 唱碟 ？,Tôi có_thể tìm đĩa đĩa ở đâu ?
我 一直 走 是 吗 ？,Tôi đi thẳng phải không ?
这 不 新鲜 。,Không không tươi_ .
真的 吗 ？,Thật không ?
你 能 填 一下 这个 表 吗 ？,Bạn có_thể điền vào mẫu đơn này không ?
在 下 个 路口 停 。,Nó dừng lại ngã_tư tiếp_theo .
我们 从 车库 启程 。,Chúng_tôi mở_ xe ở phía trước .
没有 便宜 点 的 吗 ？,Bạn không có rẻ hơn không ?
得 贴 多少 钱 的 邮票 ？,Một x con tem_ bao_nhiêu ?
你 的 房间 几号 ?,Phòng của bạn số mấy ?
跳水台 高度 是 多少 ？,Nhiệt_độ cao bao_nhiêu ?
能 给 我 些 胃药 吗 ？,Cho tôi thuốc_ít thuốc_dày được không ?
只要 你 说 得 有 道理 ， 大家 会 同意 的 。,"Chỉ cần bạn có_lý_lý , mọi người sẽ đồng_ý ."
这 是 234 房间 。,Đây là phòng số34 .
有 什么 蔬菜 ？,Bạn có món nào chỉ nào ?
半生 半熟 谢谢 。,Xin vui_lòng nửa nửa nửa nửa .
我 的 毛孔 又 大 又 明显 。,Tôi tôi có mái_tóc và vừa__ .
干杯,cạn li
你 想见 谁 ？,Bạn muốn gặp ai ?
有空 时 ， 你 常 做 什么 ？,"có lúc , bạn thường thường làm gì ?"
请 问 寄 一 封 信 到 中国 花 多少 钱 ？,xin hỏi gửi lá thư gửi bao_nhiêu Trung_Quốc bao_nhiêu ?
不 会 游泳 的 人 应 留 在 浅水区 。,Không có ai___ không ở trong khu_vực .
祝 你 平安 健康 。,chúc bạn bình_an sức_khoẻ .
外面 下雨 你 能 不 能 穿件 外套 出门 ？,Bên_sao bạn có_thể mặc áo_khoác được không ?
今天 几 月 几号 星期几 ?,hôm_nay ngày mấy mấy mấy mấy mấy mấy ?
事情 总会 过去 的 ， 你 要 好好 加油 ！,"sự_____ , bạn phải nghỉ_ngơi xăng !"
里面 有 一些 重要 的 东西 。,bên trong có một_số đồ_trọng .
我们 立即 派 人员 把 你 的 行李 进来 你 的 房间,chúng_tôi lập_ nhân nhân_viên nhân_viên hành_lý của bạn đến phòng của bạn
太 吵 了 ， 你 能 小点 声 吗 ？,"Ồn_ào quá , anh có`thể nói_nhỏ được không ?"
我 想 挂 个 叫人 电话 。,Tôi muốn lấy một cuộc gọi người__ .
车 牌号 是 0211 。,xe số số là 0361 .
我 想 吃 海鲜 。,Tôi muốn dùng hải_sản .
母亲,mẹ
能 拿 些 小碟子 来 吗 ？,Bạn có_thể vui_lòng một_số đĩa nhỏ được không ?
我们 先 看 本市 全 景 吧,chúng_tôi xem xem__bộ__ toàn_cảnh
我 可以 看看 这个 耳环 吗 ？,Tôi có_thể xem chiếc bông_tai này không ?
请 问 在 这儿 可以 换 钱 吗 ？,xin hỏi ở đây có_thể đổi tiền không ?
一直 往前 走兩 个 街区 。,Đi thẳng phía trước hai khối nhà .
快到 了,sắp rồi
是 的 对 公众 开放 。,"Vâng , xin vui_lòng mở_cửa ."
我 预约 和 主席 在 十点钟 见面 。,Tôi đặt chỗ và gặp_mặt và gặp giờ 00 giờ .
行吗,được_
它 的 费用 是 多少 ？,Phí tính nó là bao_nhiêu ?
请 给 我 看看 。,Xin vui_lòng cho tôi xem .
我们 的 菜 还 没 上 。,Món ăn cơm của chúng_tôi chưa có .
我 扭伤 了 手腕 。,Tôi bị đau mắt_tay .
我 感觉 好 点 了 。,Tôi cảm_thấy tốt hơn .
我 要 给 你 发些 东西 。,Tôi sẽ gửi một cái gì đó cho bạn .
请 问 最近 的 银行 在 哪 ？,Bạn có_thể cho tôi biết ngân_hàng gần nhất ở đâu ?
认识 你 ， 很 高兴 。,quen_biết vui được làm_quen với anh .
有 没 有 ？,có không ?
这 附近 哪 个 商店 包 的 种类 比较 多 ？,Cửa_hàng nào gần đây có gần__ ở gần đây ?
您 请坐 。 你 要 剪 什么样 发型 ？,"Mời ông ngồi , ông muốn hớt kiểu nào ?"
一会 能 好 吗 ？,Bạn có_thể tốt một lát được không ?
他 在 踢足球 的 时候 受 了 伤 。,Anh ấy bị bị_thương ở trên cầu_lông .
你 看 ， 坐 在 中间 的 是 祖父母 。,"bạn xem , ngồi ngồi ở giữa giữa__ ở phía bên ."
像 奔驰 那么 好 的 车 维修 费用 很 高 。,Nó giống như xe_hơi to cao hơn một__phí cao .
是 的 ， 我 想 来 点 咖啡 。,"Vâng , tôi muốn một_ít cà_phê ."
在 鬼屋 后面 。,Nó ở phía sau nhà_ .
我 是 个 医生 。,Tôi là bác_sĩ .
请 帮 我 订 一下 好 吗 ？,Bạn có_thể đặt_lòng cho tôi không ?
除了 爱 吃 烤鸭 以外 ， 我 还 爱 吃 炸酱面 。,"ngoài những ăn bánh___ , ra , tôi thích ăn ăn bánh_mì ."
去 中央 公园 的 车站 在 哪儿 ？,Nhà_ga đến công_viên Central ở đâu ?
能 给 我 推荐 一 个 招待所 吗 ？,Tôi có_thể giới_thiệu một____ không ?
尽管 他们 快 消亡 了 。,Mặc_dù họ họ đã bị_ .
你 要 买 什么 ？,bạn muốn mua gì ?
0324856 谢谢 。,Xin vui_lòng cho số C66 .
我 把 我 的 钱包忘 在 你 的 商店 里 了 。,Tôi đã để ví tiền của tôi trong cửa_hàng của bạn .
小姐 ， 卖给 我 一 张 邮票 和 一 封 信,"chị ơi , cho cho tôi 1 con tem và 1 phong_"
你 好 ！ 请 问 史密斯 太太 在 吗 ？,"Chào , bà Smith có bà không ?"
我 想 这 是 日本 特有 的 习惯 。,Tôi nghĩ là là một__ của Nhật_Bản .
给 我 张 邮票 。,Cho tôi một con tem .
他们 会 在 大约 七号 晚上 的 时候 到 这里 。,Họ sẽ đến đây trong khoảng buổi tối vào khoảng bảy giờ .
你 要 什么样 的 鲜花 ？,Bạn muốn loại hoa hoa gì ?
你 把 它 放 在 那儿,bạn để nó ở đó
我 同伴 在 发 高烧 。,Đ tôi bị sốt cao và tôi_ .
这 是 个 机械表 。,Đây là một máy_ảnh .
多少 个 ？,bao_nhiêu ?
你 有 很多 空 的 时间 ， 不 象 我 整 天 忙碌 。,"Chị có nhiều thời_gian rảnh quá , chẳng giống tôi bận_rộn suốt ngày ."
百分之几 ？,Nó_trăm ?
你 可以 开个 止痛药 吗 ？,Bạn có_thể mở thuốc giảm đau không ?
有 适合 初学者 的 斜坡 吗 ？,Có có dốc nào cho người mới bắt_đầu không ?
能 给 我 拿 一百 克 南瓜 沙拉 吗 ？,Tôi có_thể có một cái rau trộn-la được không ?
你 应该 早点儿 预订 。,Bạn nên đặt chỗ trước .
请 于 明早 8：30 叫 我 起床 。,Xin vui_lòng gọi đánh_thức vào lúc sáu giờ sáng_mai .
我 的 名字 叫 Kawada 。,Tên tôi là Kawa .
作天 我 和 他 都 给 你 打 电话 了 。,Tôi thì và tôi và ông ấy với ông ấy .
我 不 知道 美国 尺码 。,Tôi không biết kích_cỡ của Mỹ .
"不 , 请来 苏格兰 威士忌 和 水 。","Không , nó , và__ và C ."
他 可能 有 气 栓塞 。,Có_thể có có khí_hậu .
我 能 带 朋友 来 吗 ？,Tôi có_thể dẫn bạn đến không ?
你 能 借 我 个 千斤顶 吗 ？,Bạn có_thể cho tôi mượn một_ít được không ?
没有 了 。,Không rồi .
她 学习 中文 。,Cô ấy học tiếng Trung .
我 想 刺绘 眼眉 和 嘴唇 。,Tôi muốn một_số phấn và th .
你 昨晚 看 电视 了 吗 ？,Bạn có xem xem ti_qua không ?
我 只 修 甲 ， 不 涂 指甲 油 。,"tôi chỉ sửa sửa , , không phải móng tay ."
"你 有 多少 日元 , 先生 ？","Bạn có bao_nhiêu yên , thưa ông ?"
如果 我 要 换 这个 我 什么 时候 可以 取 ？,Khi nào tôi có_thể lấy cái này khi nào tôi ?
那里 有 六 块 蛋糕,ở đó có 6 bánh
你 想去 哪儿 ？,Bạn muốn đi đâu ?
几 号 门 ？,Cổng mấy ?
你 能 抽出 时间 真 好 。,Bạn có_thể nói thời_gian để__gian tốt .
你 能 给 我 退票 吗 ？,Bạn có_thể trả vé cho tôi không ?
气候 温和 。,khí_ ấm ấm_áp .
最 便宜 的 座位 是 多少 钱 ？,Số ngồi nhất là bao_nhiêu ?
受 天气 影响 ， 你 乘坐 的 飞机 将 延迟 起飞 。,"Bị ảnh_hưởng của__bay , bạn đã đi máy_bay của bạn sẽ rời đi ."
这 文件 改 了 那么 多 次 实在 是 麻烦 你 了 。,Bài điều này bằng sự__ lần này thật là_thật rất nhiều .
有 二百 美元 左右 的 鞋 吗 ？,Bạn có đôi giày nào khoảng hai trăm đô_la không ?
"很 好 , 谢谢 。","rất tốt , cám_ơn ."
我 想 要 这个 。,Tôi muốn cái này .
您 要 做 什么 列车 ？,ông muốn làm gì ?
帮 我 找 一 下 免税 商店 在 哪 好 吗 ？,Tôi có_thể tìm thấy cửa_hàng miễn thuế ở đâu ?
小姐 ， 请 问 罐头 橱窗 在 哪儿,"chị ơi , xin hỏi các nhà_hàng ở đâu"
请 问 能 给 我 再 来 杯 咖啡 吗 ？,Vui_lòng cho tôi cà_phê được không ?
贝蒂 ， 你 和 约翰 还 在 约会 吗 ？,"Ste_ , , và bạn_J với bạn có hẹn không ?"
这样 正好 休假 十 天 。,như vậy thì được nghỉ_phép trong ngày ngày .
由于 糟糕 的 天气 可能 会 推迟 一会 。,Do thời_tiết thời_tiết có_thể sẽ sẽ chậm hơn một_chút .
可以 对 它 治疗 吗 ？,có_thể làm nó cho nó không ?
一 个 旅行 大篷车 的 费用 是 多少 ？,Phí cho một chiếc xe__ lớn bao_nhiêu ?
我 昨天 把 行李 忘 在 你们 餐馆 了 。,Tôi đã để hành_lý của tôi trong nhà_hàng của các bạn .
我 需要 换 衣服 。,Tôi cần thay_đổi quần_áo .
除 此 之外 ， 人口 密度 也 最高 ， 空气 污染 也 排 第一 。,"ngoài_ra , người_nhập_khẩu cũng giống như thế_nào , ,__lây_l cũng cũng nhớ ."
我 被 一片 玻璃 割伤 了 手 。,Tôi bị bị_thương bị đau tay .
哪 个 代理商 有 去 迈阿密 的 旅行 ？,Chuyến nào đi du_lịch nào đi đến Miami ?
九点 发车 。,Nó_ơn gửi bằng xe_ .
哦 星期天 没有 巴士 。,"Ồ , chủ_nhật không có xe_buýt ."
我 想 我们 三十 分钟 内 可以 提供 一 张 桌子 。,Tôi nghĩ chúng_tôi có_thể có bàn trong một phút .
我 知道 了 我 已经 把 你 的 旧 卡 作废 了 。,"Tôi biết rồi , đã của bạn đã bị căng_ ."
这 是 我 的 所有 。,Đây là tất_cả của tôi .
503 房间 的 房间 钥匙 。,Xin vui_lòng phòng phòng phòng phòng 50 .
我们 会 看到 鱼群 吗 ？,Chúng_ta sẽ có cá_hàng cá không ?
在 第一 排 的 中间 。,Nó nằm giữa giữa ở dãy_ .
请 你 替 我 包 起来,mời bạn giúp tôi giữ lại
南,nam
和 子都 写 了 。,hoà tử viết ra .
嗨 ！ 简 ， 你 去取 信件 了 吗 ？,"Hê_y , chị đã đi thư_ng chưa ?"
007 次 航班 晚点 了 。,Chuyến bay số 07 bị hoãn .
能 给 我 收据 吗 ？,Bạn có_thể có_nhận lại cho tôi không ?
我 想 要 些 牛奶 。,Tôi muốn một_ít sữa .
好 的 请 在 这里 等 一下 我 去 检查 检查 。,"Được rồi , hãy chờ tôi ở đây để kiểm_tra kiểm kiểm_tra ."
你 为什么 要 来 英国 旅游 ？,Tại_sao bạn muốn đi du_lịch Anh ?
你 应该 听 我 的 话,bạn nên nghe lời của tôi
起飞 了 吗 ?,Có bay không ?
欢迎 你 回国,hoan_nghênh bạn về nước
"老师 在 他 的 本子 上 写 "" 人 “ 字 ， 他 学会 了 。","thầy_giáo trên con trên con của anh ấy trên con_ , anh ấy học học ."
这 种 味道 对 我 来说 太 浓 了 。,Nó rất vị này đối_với tôi quá .
你 给 我 送 花 了 吗 ？,Bạn có tôi đưa hoa tôi không ?
要 菜单 上 的 二号 和 两 杯 茶奶 。,Làm_ơn cho tôi số hai hai và hai hai trà .
请 别 挂 。,Làm_ơn lấy lấy .
我 不 记得 丢 哪儿 了 。,Tôi không nhớ mất mất .
大概 十 公里 。,khoảng khoảng 10 .
我 老 打喷嚏 。,Tôi đã đánh__ .
我 想 要 一些 泳裤 。,Tôi muốn một_ít quần_l .
列车 什么 时间 到 ？,Chuyến tàu hỏa sẽ tới là mấy giờ ?
你 最 喜欢 是 什么 动物 ？,Bạn thích nhất là con vật gì ?
我 主修 人类学 。,Tôi học chuyên_ngành người học .
那 下午 五点 怎么样 ？,Còn về 5 giờ thì sao ?
要 很 久 吗 ？,Nó lâu lắm không ?
这么 晚 给 您 打 电话 真 不 好意思 。,"Ch như vậy , gọi điện_thoại cho bạn ."
他 是 我 的 朋友 。,Anh ấy là bạn của tôi .
天气 很 暖和 。,thời_tiết rất ấm_áp .
眼镜 也 摔坏 了 。,Mắt kính cũng không bị hỏng .
你 好 ， 那 真 是 件 漂亮 的 衣服 。,"Xin chào , đó là một bộ quần_áo của bạn ."
山 先生 ， 请 你 读 你 的 电话 号码,"ông_sinh , mời bạn số điện_thoại của bạn"
是 的 ， 我 是 朴哲忠,"đúng rồi , tôi là phác triết ."
它 多少 钱 ？,Nó giá bao_nhiêu ?
八十 号 登机门 在 哪 ？,Lối nào đến cổng ?
退休 前,nghỉ hưu hưu
这 车 经过 首尔 大 公园 吗 ？,Xe_buýt này có đi đến công_viên không ?
我 嬴钱 了 。,Tôi đã bị tiền .
请妳 进来 ， 坐 下 吧 ！,"mời chị vào , ngồi ngồi đi !"
我 父亲 让 我 代 他 向 您 问好 。,ba tôi để tôi tôi gửi lời hỏi ông ấy cho ông ấy .
去 波士顿 的 火车 从 哪 启程 ？,Chuyến tàu_ Boston rời đi từ khởi_hành từ đâu ?
我 一 个 人 去,tôi 1 mình đi
这 是 一些 土特产 。,Đây là một_số s_sản .
你 叫 什么 名字 ？,Tên bạn là gì ?
不 要 客气 ， 请进 。,"Không cần khách_sáo , mời vào ."
小李不比 小王胖 多少 。,Tiểu_Lý Tiểu_Hoa Tiểu_Vương__ .
你们 真的 是 男 才 女貌 的 一 对 佳偶 。,Các bạn thực_sự là một một__ trong_____ .
到 那个 地方 还 远 吗 ？,Có nơi nào để đến đó không ?
我 不 能 坐 它 去 转接 航班 。,Tôi không_thể ngồi_lỡ chuyến bay chuyển_tiếp .
时间 不 早 了 。,thời_gian không còn sớm nữa .
这 使 我 想起 了 我 的 兼职 洗碗 工作 。,Tôi này tôi đã bị làm_việc cho buổi__việc của tôi .
一 共 四万 块,1000 đồng000 đồng
我 应该 把 煤气 关掉 。,Tôi nên kiểm_tra nó .
在 十点钟 到达 。,Nó đến đến mười giờ .
我 想 要 一 种 开胃菜 。,Tôi muốn một món khai_vị .
我 想 棕色 的 比较 耐脏,tôi muốn x m bông_b dơ
每 个 帐篷 多少 钱 ？,Giá bao_nhiêu tiền ?
你们 有 没 有 价单 ？,Bạn có có__ không ?
去 波士顿 。,đi Boston Boston .
我 想 要 十 张 寄到 日本 的 明信片 用 的 邮票 。,Tôi muốn mua tem con tem bưu_thiếp đến Nhật_Bản .
我 想 要 一 个 电动 剃须刀 谢谢 。,Làm_ơn cho tôi một con dao d điện_tử .
贾斯廷 ， 你 找到 女 朋友 了 吗 ？,"J_b , bạn tìm thấy bạn_gái chưa ?"
是 的 。 我们 也 希望 这样 。,Vâng . . chúng_tôi cũng hy_vọng như vậy .
他 把 你 当作 一 生 中 最 值得 信赖 的 朋友 。,Anh ấy tặng bạn__ bạn sinh__ của bạn_bè nhất__ .
我 想 要 咖啡 。,Tôi muốn cà_phê .
这 件 行李 得 打开 。,Hành_lý này bị mở .
单程 还是 往返 ？,Một véchiều hay khứ_hồi ?
对 不 起 九十九 天 的 预付款 是 必须 的 。,"Tôi xin_lỗi , nhưng bạn đã trả tiền trong một ngày ."
它们 什么 时候 能 重新 发行 ？,Khi nào chúng_ta có_thể phát_hành lại ?
我 永远 不 忘记 你,tôi mãi_mãi không quên đâu
"护士 , 快来 。","y_tá , mau nhanh đến ."
你 往后 走 ， 到 十字 路口 向右 拐 就 是 了 。,"anh đi thẳng , đến ngã_tư quẹo phải là đến rồi ."
我 教 中文 . 吴 先生 在 哪儿 工作 ?,"tôi dạy trung văn_sinh , làm_việc ở đâu ?"
转 过去 。,chuyển_ .
这个 句子 对 还是 不 对 ？,V này không có hay không ?
这 本 书 不 如 那 本 书 。,sách này không được kia quyển sách kia .
请 妳坐 过 这 边 。,Xin mời ngồi qua qua bên này .
我 喜欢 吃 韩国 菜 。 我 喜欢 吃 辣 的 。,"Tôi thích ăn món Hàn_Quốc , tôi thích ăn cay ."
你 忘 了 我们 的 饮料 了 吗 ？,Bạn quên quên thức uống của chúng_tôi chưa ?
为了 你,vì bạn
也 是 越南 工业 最 发展 的 城市 。,cũng là thành_phố công__nghiệp của công_ty .
巴士 6：00 送 您 回来 。,Những chiếc xe_buýt sẽ trở_lại ông ông .
几 岁 ？,mấy tuổi ?
我 的 护照 被 偷 了 。,Hộ_chiếu của tôi bị mất_cắp .
请 把 你 的 东西 放 在 座位 下面 。,Xin vui_lòng đặt đồ của bạn ở ghế ngồi của bạn .
即使 我 的 成绩 是 全 班 第一 ， 也 不 能 骄傲 。,"Dù__tích của tôi là lớp__ , cũng không_thể gian__ ."
我 得 多 长 时间 吃 一 次 ？,Tôi phải bao_lâu để ăn bao_lâu ?
为什么 人类 喜欢 挑战 极限 ？,Tại_sao người người thích người thích_mốc ?
请 把 这些 破成 一些 面格 小 一点 的 钞票 。,Xin vui_lòng ủi những cái này một_số nhỏ__ nhỏ .
我 买 了 一 条 牛仔裤 。,Tôi đã mua một cái quần_jean .
是 的 ， 她 已经 住 在 那儿 差不多 十 年 啦 。,"Vâng , cô ấy ở trong năm thứ năm rồi ."
禁止 随地 吐痰 。,Nó có_thể quay_mử .
有 电 吗 ？,Có có điện không ?
不 看 。,không .
我 要 买 橙子 。 一 斤 多少 钱 ？,tôi muốn mua cái . . cân cân bao_nhiêu tiền ?
大西洋 航空 公司 四 次 航班 的 行李 在 哪 ？,Số_lý của chuyến bay của hãng hàng_không A ở đâu ?
我 要 回国 了 。,Tôi sẽ về nước .
你 能 订 个 双 人间 吗 ？,Bạn có_thể đặt một phòng đôi không ?
你 能 告诉 我 怎么 操作 这个 吗 ？,Bạn có_thể cho tôi biết cách làm_sao điều này không ?
他们 拿 了 珍珠 项链 和 其他 贵重 物品 逃走 了 。,Họ đã lấy_đ_đ và và__đ với giá_trị của quý_ .
我 回家 后查 一下 ， 然后 打 电话 给 你 。,"Tôi sẽ về nhà sau đó , sau đó gọi điện_thoại cho bạn ."
新年 快乐 ！,Chúc_mừng năm mới .
这 边 的 日落 太 绚烂 了 。,Những chiếc_ của của_ này quá quá__ .
报纸 在 十二月 八日 有时候 会 提醒 读者 历史 上 的 今天 曾经 是 我们 开始 战争 的 日子 。,"Một tờ_ , ,_ một ngày ,_ ngày__nay là một ngày trên__tôi bắt_đầu vào ngày hôm_nay ."
这 附近 有 比较 便宜 的 餐馆 吗 ？,Có nhà_hàng nào rẻ hơn không ?
驾驶 执照 或 护照 或 信用卡 有 你 的 相片 和 签名 ？,Bạn có_thể có giấy_ hoặc có thẻ tín_dụng của bạn và thẻ tín_dụng của bạn ?
没事儿 ， 我 不 想 打扰 你 ，,Không có vấn_đề gì không muốn làm phiền bạn .
你 得 注意 安全 吧,bạn phải chú_ý an_toàn nhe
我 有 晕机 的 毛病 但 我 感觉 还 不错 。,"Tôi có một cái_nghiệm , nhưng tôi cảm_thấy tốt hơn ."
在 收音机 旁边 放上 了 一 瓶 花,ở máy_đường bên cạnh một chai 1 hoa
杯子 打破 了 。,C ly con bị rách .
你 有 咖啡 吗 ？,Bạn có cà_phê không ?
做 得 很糙 。,Nó rất đẹp .
你 能 加 生菜 和 西红柿 吗 ？,Bạn có_thể vui_lòng chỉ_ rau và một_ít cà_chua không ?
你 贵 姓,anh họ
要 什么 牌子 的 先生 ？,Bạn có cái nào là gì ?
我 去 书店 买 笔 。,Tôi đi đến cửa_hàng bán .
下 一 班 去 波士顿 的 列车 什么 时候 走 ？,Chuyến tàu_lửa tiếp_theo đến Boston rời khi nào ?
很 好 先生 。,"Ngon , thưa ông ."
妈妈 说 什么 也 不 同意 小 强 单独 出行 。,Mẹ nói gì cũng không đồng_ý với___ .
去 医院 看 什么 病 ？,đi bệnh_viện khám bệnh gì ?
我 的 钱包 丢 了 。,Tôi bị mất ví tiền của tôi .
有兩 种 类型 这 种 和 这 种 。,Có hai loại loại loại loại loại và loại loại này .
你 得 马上 住院 。,Bạn phải nằm viện ngay .
我们 这儿 有 多 种类 ， 请 你 选,"chúng_tôi có nhiều loại , , mời bạn chọn"
我 能 寄 磁带 吗 ？,Tôi có_thể gửi cái này không ?
你 是 哪 国人 ？,Bạn là người nước nào ?
我 想 在 星期天 去 拜访 你 ， 你 有空 吗 ？,"tôi muốn đi thăm bạn__nhật , bạn có rãnh không ?"
要是 你 有 时间 ， 就 来 我 家 玩 。,"nếu anh có thời_gian , thì đến nhà tôi chơi chơi ."
我 明早 要 早点 走 。,Tôi phải đi sớm hơn một ngày sáng sớm .
"不 , 我 不 介意 。","Không , tôi không quan_tâm ."
我 想 去 看 古典 音乐会 。,Tôi muốn đi đến buổi hòa nhạc cổ_điển .
也 不错 。,cũng không tệ .
请 给 我 照 张 像 。,Làm_ơn chụp ảnh cho tôi .
今天 下午 我 来 拿 ， 可以 吗 ？,"hôm_nay buổi chiều tôi đến lấy , được không ?"
每 席 八十万 ， 包括 冰块 和 香巾 。,"mỗi mươi , , , bao_gồm đá và bữa ăn ."
我们 找到 嫌疑犯 会 和 你 联系 。,Chúng_tôi tìm thấy chúng_tôi có_thể liên_hệ với bạn .
请 向 帕特里克 转告 我 的 哀悼 。,Xin vui_lòng chuyển_t__ria và chuyển_th của tôi .
我 想 去 波士顿 参观 。,Tôi muốn tham_quan Boston Boston . Boston .
有 全 天 的 旅游 线路 吗 ？,Có chuyến du_lịch nào ngày không ?
7：40 起飞 的 怎样 ？,Còn về cái nào thì khởi_hành vào lúc mấy giờ ?
我 有 心脏病 。,Tôi bị bệnh m .
你 能 把 从 饭店 到 你 的 办公室 的 路线 传真 给 我 吗 ？,Bạn có_thể đưa_lòng đưa cho đến nhà_hàng của bạn đến văn_phòng của bạn được không ?
你 要 去 什么 地方 ？,Bạn sẽ đi đâu ?
您 等 一 等 ， 这 是 你 的 存折,"ông đợi 1 chút , đây là sổ tài_khoản của bạn"
看来 很 美 也 很 摩登,xem_ra rất đẹp cũng rất đẹp_
给 我 个 烟斗 。,Hãy cho tôi thuốc thuốc .
你们 有 普通 的 牌子 吗 ？,Bạn có hiệu_hiệu nào_ mức nào không ?
这 人 简直 是 个 疯子 。,Nó là đơn__ này là một người không .
会议室 里 有 活动 图表 吗 ？,Bạn có một__đồ biểu_đồ trong__ trong không ?
该 我 了 ？,tôi nên rồi ?
这 是 你 的 张单 。,Đây là tờ phiếu của bạn .
就 在 我 房间 外面 。,Nó ở bên ngoài phòng của tôi .
我 知道 啦 。,Tôi hiểu .
淋浴 还 要 再 付 钱 吗 ？,Bạn có trả trả tiền trả tiền không ?
记得 还 车前 要 加满 油 。,nhớ còn phải đổ trước khi trả đầy bình .
我们 想 去 看 电影 。,Chúng_tôi muốn đi xem phim .
你 要 换 它 吗 ？,Bạn có đổi nó không ?
请 把 他们 送到 希尔顿 饭店 。,Xin vui_lòng mang chúng vào khách_sạn Hilton .
我 更 喜欢 比 这个 味道 再 清淡 点 的 。,Tôi thích hơn hơn so với món ăn này hơn hơn .
餐厅 在 哪里 ？,Phòng ở đâu ?
请 问 ， 您 正在 哪儿 ？,"xin hỏi , ông đang ở đâu ?"
请 找 Whitcomb 先生 。,Làm_ơn nói với ông Wato_ .
我 会 把 它们 放到 行李箱 里 。,Tôi sẽ đặt chúng vào hành_lý .
你 必须 得 帮 我 安排 一 个 座位 拜托 了 。,Bạn phải phải giúp_xếp cho tôi một chỗ .
请 给 我 看看 你 的 合同 。,Xin vui_lòng cho tôi xem hợp__ hợp của bạn .
我 没有 一点儿 印象 把 它 放 哪儿 了 。,Tôi không có gì___ để để nó nó .
我 想 去 看 摇滚 音乐会 。,Tôi muốn đi đến buổi hòa nhạc hòa nhạc .
做 半生 半熟 。,làm nửa nửa nửa nửa .
再见 ， 我们 明天见 。,"tạm_biệt , chúng_tôi gặp vào ngày_mai ."
"我 明白 , 但是 我 不 知道 怎么 说 。",Tôi hiểu . nhưng tôi không biết nói gì cả .
我 六点 以前 到 。,Tôi sẽ đến đây trước 6 giờ .
你 是 中国人 吗 ？,Bạn là người Trung_Quốc phải không ?
请 在 我 的 头发 上 放些 护发素 。,Làm_ơn hãy tóc tôi vào một_số thuốc_lá của tôi .
还 没有 呢 。,Chưa chưa sao .
昨天 我 去 她 家 的 时候 ， 她 正 在 家 里 练 瑜伽 呢 。,"hôm_qua tôi đi nhà cô ấy , cô ấy đang ở trong nhà_hàng ."
太 迟 了 吗 ？,Nó quá chưa ?
对 啦 ， 你 怎么 知道 ？,"đúng rồi , bạn biết thế_nào ?"
现在 有 商店 正在 进行 售卖 活动 吗 ？,Bây_giờ có cửa_hàng có giảm giá nào không ?
我 真 后悔 啊 ！,tôi thật hối_hận !
请 你 让 我们 检查 行李 。,Xin vui_lòng cho chúng_tôi kiểm_tra hành_lý .
能 给 我 两 张 去 芝加哥 的 二 等 舱 的 票 吗 ？,"Tôi có_thể mua hai vé hạng "" đến "" đến Chicago hai "" được không ?"
沿着 这 条 街 就 有 一 家 不错 的 意大利 餐馆 。,Nó có nhà nhà_hàng nhà_hàng Ý đẹp gần đây .
这个 CD 播放器 坏 了 。,Cồn_hàng này không hoạt_động .
你 今晚 有 计划 吗 ？,Bạn có kế kế_hoạch không tối nay không ?
我 太胖 了 ， 妳有 什么 办法 帮 我 呢 ？,"tôi mập quá , , có_thể làm gì không ?"
我们 去 问问 吧,chúng_ta đi hỏi xem
我 叫 阮律,tôi tên Nguyễn_Luật
"有 30 多 个 国家 美国 ， 日本 ， 法国 , 香港 等 。","Có hơn 30 nước , nước là Mỹ , Nhật , Pháp , Hồng_Kông v... v... ."
用 日元 可以 吗 ？,Bạn có_thể yên Nhật Nhật Nhật không ?
请 给 我 来 个 加 冰激凌 的 派 。,Xin vui_lòng cho tôi một_ít kem đá .
我 去 书店 买 笔 。,Tôi đi đến cửa_hàng bán .
红衣 女郎 是 一 种 以 草莓 鸡尾酒 为 基础 的 香槟酒 还 很 提神 。,Một loại_em của bạn là một phần______________ rất độc__ .
你 会 好 的 。,Bạn sẽ tốt .
我 要 鸡丁 沙拉 和 冰 茶 。,Tôi muốn dùng nước và xà_lách và trà .
我 有 事 ， 得 快点 儿去 。,"tôi có việc , nhanh nhanh hơn đi ."
你 喜欢 什么 ？,Bạn thích gì ?
我们 刚好 错 过去 东京 的 航班 。,Chúng_tôi vừa_lỡ chuyến bay của bạn đến Tokyo .
你好 在 我们 的 记录 里 找 不 到 您 的 名字 。,Bạn không_thể tìm thấy tên của chúng_tôi của bạn trong .
过 那 边 的 桥 你 会 看见 图书馆 在 你 左 手 边 。,"Đi theo cầu_ đó , bạn sẽ thấy bạn_ bên trái của bạn bên tay của bạn ."
空调 是 怎么 开 的 ？,Máy điều hòa mở_cửa như thế_nào ?
大概 要 花 多少 钱 ？,khoảng tốn bao_nhiêu tiền ?
我 真的 舍 不 得 离开 你们 .,Tôi thật không nỡ rời xa các bạn .
我 把 外套 忘 在 这儿 了 。,Tôi đã để quên áo_khoác của tôi ở đây .
是 的 ， 他 午夜 十二点 才 回家 。,"Vâng , nó ấy 12 giờ đêm mới về nhà ."
你 能 带 我 看看 同等 价位 最 好 的 房间 吗 ？,Bạn có_thể vui_lòng cho tôi xem một phòng có loại mức giá_vị tốt nhất ?
这 架 飞机 什么 时候 起飞 ？,Chuyến bay này bay cất_cánh ?
这里 有 取款机 吗 ？,Có máy_rút tiền tự_động ở đây không ?
我 没事 。,Tôi không có việc .
我 晚上 一 个 人 害怕 。,Tôi đã có một ngườimình .
请 推荐 一 家 餐馆 。,Làm_ơn giới_thiệu một nhà_hàng .
女士们 先生们 在 登机 前 我们 要求 你们 关掉 所有 的 电子 装备 包括 个人 电脑 CD 机 便携式 电话 电子 游戏 。,"Thưa quý vị , chúng_tôi đã yêu_cầu các__________ điện_thoại của bạn_tôi đã gọi điện_thoại điện_thoại của bạn ."
上 次 烫 的 发 已经 又 长 又 直 了 。,Tay_ch ngắn trước đã vừa dài lại lại .
我 记 不 清楚 。,Tôi không_thể .
现在 几点钟 了 ？,bây_giờ mấy giờ rồi ?
你 能 再 解释 一 遍 吗 ？,Bạn có_thể giải_thích nó lần nữa không ?
因为 还 爱 她 ， 我 不 能 忘记 她,"vì_yêu yêu cô ấy , tôi không_thể quên được cô ta"
那天 我 打 篮球 时 伤到 它 啦 。,Tôi sẽ chơi nó khi tôi cầu_hiện .__ . .
他 是 法国人 吗 ？,anh ấy là người Pháp phải không ?
她 的 相机 被 偷 了 。,T_ảnh của cô ấy đã bị đánh_cắp .
"在 美国 , 打 国际 长途 要 拨 什么 号码 ？","ở Mỹ Mỹ , gọi điện_thoại quốc_tế gì ?"
当然 上车 。,"Nó_nhiên , xe_nhiên ."
不 我 感觉 很 好 。,"Không , tôi cảm_thấy khỏe hơn ."
把 手 洗 干净 再 吃饭 。,Rửa sạch tay rồiẵngẵng ăn cơm .
王强 从来 不 骑 电动 自行车 。,Vương_Cường từ trước tới nay không chạy xe_đạp điện_đạp .
这 太 大 了 。,Cái này lớn quá .
无论 如何 都,mọi_sao cũng đều đều
太 辣 了 。,Nó quá quá cay .
你 的 头发 又 黑 又 光滑 ， 留 长发 多 好看,"tóc của bạn vừa vừa đẹp , vừa_ lại dài hơn nhiều hơn"
请 稍 等 片刻 ， 我 看 一下 医生 现在 有 没 有空 。,"Xin vui_lòng đợi một_chút , tôi xem bác_sĩ có có rảnh ."
有 供 四 个 人 大约 消费 五十 美元 的 海鲜 餐馆 吗 ？,Có một nhà_hàng nào khoảng bốn mươi đô_la một__la không ?
我 想 要 一 个 油灯 。,Tôi muốn một đèn nháy .
我 可以 看看 您 的 入境 申请表 吗 ？,Tôi có_thể xem đơn xin đơn của bạn đơn của bạn được không ?
你 跑 一 周 花 多 长 时间 ？,Bạn sẽ đi bao_lâu ?
飞机 现在 在 上海 。,Bây_giờ là__Hải Thượng_Hải .
我 该 坐 哪 路 车 ？,Tôi nên xe xe_buýt nào ?
这个 银元 是 稀有 之 物 月亮 和 铃 。,Đ__ này là một trong những cây__ và và và .
我 觉得 有 东西 在 我 的 眼睛 里 。,Tôi nghĩ đồ có_thể có kính trong trong của tôi .
我 也 觉得 不错 。,tôi cũng cảm_thấy rất tốt .
请 和 日本 大使馆 联系 。,Xin vui_lòng liên_hệ với Đại_sứ_quán Nhật_Bản .
这 是 您 填写 您 的 家庭 地址 和 电话 号码 的 地方 。,Đây là nơi bạn bạn và địa_chỉ và số điện_thoại của bạn .
是 什么 引起 的 交通 阻塞 ？,Nó là giao_thông giao_thông là gì ?
要 修理 吗 ？,Tôi có sửa nó không ?
他们 为什么 要 炒 他 鱿鱼 ？,Tại_sao họ muốn dùng cá_sấu anh ?
我 也 饿 了 。,tôi cũng đói rồi .
哀 ， 我 忘 了,"J , tôi quên quên rồi"
附近 有 兑换 商店 吗 ？,Có một cửa_hàng nào gần đây không ?
我 的 朋友 在 浴室 里 滑倒 了 。,Bạn của tôi đã trượt_ trong phòng tắm .
嘿！帕姆 ， 你 好 吗 ？,"Hê_d , bạn bạn không ?"
请 给 我 些 防晒霜 。,Làm_ơn cho tôi một_số kem kem chống_ .
这 是 白金 手链 ， 新 产品 的,"đây là một__thoại__ánh , mới sản_phẩm mới"
请 问 ， 要 向 财务室 打 电话 。 我 要 用 什么 电话 号码,"Xin hỏi , cần gọi__vụ gọi_vụ gọi điện_thoại cho tôi muốn gọi điện_thoại"
这个 号码 是 正确 的 ， 但是 希瑟 现在 不 在 这里 。,"Con_số này là chính_ , nhưng không có_thể không ở đây ."
所有 的 一 年 的 学生 都 要 住 在 校园 ， 三 年 以后 你 可以 自行 讯找 住所,"tất_cả học_sinh của tôi đều ở lại_ 3 , năm 3 năm sau bạn có_thể tự_____"
我 能 带 这 兩 个 行李 吗 ？,Tôi có_thể mang hành_lý này không ?
我 很 荣幸 当 你们 的 导游 。,Tôi rất vinh__dẫn_viên của__ của các bạn .
这 是 您 的 身份证 。,đây là thẻ của ông .
我 不 太 懂 英语 。,Tôi không hiểu tiếng Anh .
走 五 分钟 就 在 你 的 左边 。,Đi năm phút và nằm ở bên trái của bạn .
她 在 流血 。,Cô ấy đang ở trong__ .
我 想 要 带 色彩 的 镜片 。,Tôi muốn một ống_kính có ống_ .
七月 十五 号 。,Ngày 15 tháng 7 .
你 想 买 什么 ？,Bạn muốn mua gì ?
我 下 个 月 有 时间 。,Tôi có rảnh_ tháng vào tháng tới .
我 在 给 你 打听 出租 的 公寓 。,Tôi sẽ gọi cho bạn chung_hộ cho bạn .
这个 电话 号码 打 不 通 。,Điện_thoại này không gọi được .
我 同意,đồng_ý
是 的 ， 但是 它 已经 坏啦 。,"Vâng , nhưng nó không hoạt_động ."
"向右 转向 , 前 一 英里 有 一 个 。","Đi theo hướng_ , phía trước một cái ."
他们 什么 时候 来 ？,khi nào họ đến ?
那 和 黑色 手套 挨 着 的 那件 呢 ？,Còn về màu_tay_tay đó vào cái kia ?
我 可以 给 你 一些 消肿 的 药 。,Tôi có_thể cho bạn một_số thuốc cho bạn .
好 的 可以 给 我 来 个 可 乐 吗 ？,"Được rồi , tôi sẽ dùng một co ?"
这 太 可惜 了 。,Chuyện này thật đáng tiếc .
我 学习 。,Tôi học_tập .
请 赶快 来 。,Hãy đến ngay bây_giờ .
请 剪掉 一点 就 行 了 。,Làm_ơn cắt nó 1 chút là được .
我 决心 要 考上 经济 大学 。,Tôi sẽ học trường đại_họcánh__ .
你 的 东西 收拾 好 了 吗 ？,Bạn_hàng của anh đã được chưa ?
发生 什么 事 了 ？,Đã chuyện gì vậy ?
我 来 向 你 告别 。,Tôi đến để bạn bạn_biệt .
我 想 回 903 房间 。,Tôi muốn quay phòng phòng .
最近 的 服装 店 在 哪 ？,Cửa_hàng quần_áo gần nhất ở đâu ?
我 住 201 房间 。,Tôi ở phòng phòng1 .
沿着 这 条 街 直 着 走 大约 五 个 街区 在 拐角处 有 个 药 店 。,Đi thẳng xuống con đường này khoảng năm dãy nhà và góc thuốc .
妇女节 放假 吗 ？,Người phụ_nữ có_phép không ?
西瓜 再 大 ， 味道 也 不过 如此 。,"Tây_h lớn to , có_vẻ cũng cũng thế thôi ."
越南 的 国庆节 是 九月 二号 。,Quốc_khánh Quốc_khánh quốc_khánh là ngày 2 tháng 9 .
大卫 ， 你 想 吃 点 什么 ？,"David , bạn muốn ăn món gì ?"
去 华盛顿 的 十二 号 航班 走 几号 登机门 ？,Cổng lên máy_bay tới Washington_ đến Washington_ đến Washington là số mấy ?
丈夫,bác_sĩ
参加 这 届 博览会 的 都 有 哪些 国家 ？,Có những loại___ nào trong những buổi biểu_diễn này ?
我 是否 要 支付 一 部分 费用 吗 ？,Tôi có phải trả phí phụ_phí không ?
我 能 一直 呆 到 下午 三点 吗 ？,Tôi có_thể ở lại cho ba giờ chiều chiều không ?
妳要 先 做 洁肤浴 。,chị_ làm_ăn_ da .
中午 他们 在 学校 里 吃饭 ， 下午 四点半 才 放学 。,"buổi trưa họ trong ăn cơm , trường 4 giờ rưỡi mới học mới ."
你 能 帮 我 预订 音乐剧 吗 ？,Bạn có_thể giúp tôi đặt một_ít nhạc_ không ?
换 个 新 鞋跟 怎么样 ？,đổi cái mới thì sao ?
她 住 的 病房 有 四 张 病床 。,Trong_ bệnh của cô ấy có 4_ .
请进,mời vào
请 给 我 拿 个 转 笔 刀 。,Xin vui_lòng cho tôi một cái l .
录音机 是 哪 个 的 ？,máy_ghi âm_ nào ?
我 最初 是 从 京都 来 的 。,Tôi nhất là tôi từ từ đây .
这个 盒子 65 厘米 长 30 厘米 宽 18 厘米 高 。,Chiếc hộp này này rộng_Kx-li-li-li-a-li .
一 美元 兑换 一百三十日 元 。,1 đô_la một trăm yên0 yên .
季节 分明 。,mùa__ phân_Minh .
又 给 你 添 麻烦 了 。,Nó sẽ đưa bạn quá .
近 吗 ？,gần không ?
我 想 跟 Ogawa 先生 说话 。,Tôi muốn nói_chuyện với ông Wata .
我 是 IchiroTanaka 。,Tôi là Tanaka Ichiro_Tanaka .
我 的 腿 摔断 了 。,Chân của tôi bị gãy rồi .
我 想 也 是 这样 。,Tôi nghĩ cũng cũng như vậy .
我 想 在 五号泵 加油 。,Tôi muốn ở lại trong phòng số 5 .
请 给 我 看看 那 只 手镯 。,Làm_ơn cho tôi xem chiếc vòng_tay .
运费 怎么 算 ？,C tính phí thế_nào ?
请 在 那 个 十字 路口 前 停下 。,Xin vui_lòng dừng lại ở ngã_tư đó .
你 学 汉语 多久 了 ？,Bạn_học tiếng hoa bao_lâu rồi ?
今天 最高 气温 是 多少 ？,hôm_độ hôm_nay là bao_nhiêu ?
我 上 游泳 课 。,Tôi học ở đây .
都 有 很多 种 ， 你 要 哪 种 ？,"đều rất nhiều loại , bạn cần loại nào ?"
ES 237 从 哪 个 月 台 发车 ？,Thim số từim từ sân ga từ sân ga nào ?
我 正在 找 美国 的 花 。,Tôi đang tìm hoa hoa .
我 可以 使用 VISA 卡 吗 ？,Tôi có_thể sử_dụng thẻ VISA không ?
住 一 个 晚上 要 多少 钱 ?,100 một bao_nhiêu một đêm ?
我们 坐 一 辆 出租车 怎么样 ？,Chúng_ta sẽ đi xe taxi bằng xe_
累死 了,mệt chết
我 看看 。,tôi xem .
补办 之前 我 该 怎么 办 ？,Tôi nên làm gì nếu tôi nên làm gì ?
你 看 ， 衣柜 放 在 床 旁边 ， 怎么样 ？,"bạn xem , tủ_áo ở bên cạnh , , như thế_nào ?"
你们 到 越南 多久 了 ？,các bạn đến Việt_Nam bao_lâu rồi ?
我 的 脸部 皮肤 只 在 T 形 区域 是 油性 的 。,"Lư của tôi của tôi , R cin của tôi là bị tính ."
加 九十九 英里 就 加 九十九 美元 。,99 đô_la cộng với 99 dặm .
我 能 请 你 跳舞 吗 ？,Tôi có_thể khiêu_vũ_vũ không ?
我 下 星期 给 你 我 的 建议 。,Tôi sẽ gọi lại bạn của tôi sau tuần sau .
你 好 ！ 琳达 。,Chào Rarda .
不管 他 信 不 信 ， 事实 总是 事实 。,"Dù_cho ông ấy có tin không hay , sự_thật vẫn là sự_thật ."
这 垂饰儿 是 什么 质料 的 ？,mặc dây_chuyền này làm bằng chất_liệu gì ?
只 修修 发稍 。,Chỉ cần sửa__ .
你 有 这个 价位 的 住宿 吗 ？,Bạn có địa_chỉ này ở mức giá không ?
修 甲 师,sửa_sư
打算 呆 在 北京 一 个 星期 ， 这样 要 到 下 个 月 初 才 能 回国 。,"dự_ ở ở Bắc_Kinh ở Bắc_Kinh , như vậy tới tháng tới mới có_thể đến được nước_ ."
请 问 ， 我 要 找 这个 地址 怎么 办 ？,"Xin hỏi , tôi muốn tìm địa_chỉ này như thế_nào ?"
我 对 去 一 家 旧式 的 商店 感 兴趣 。,Tôi thích đi đến chương_trình truyền_hàng bán cũ .
从 一九五五年 一直 到 六十 年代 年 增长率 都 要 超过 百分之十 。,Từ năm đến năm 19 năm đến năm mươi năm mươi__ đến_ năm mươi phút .
女人 比 男人 感 容易 受到 压力 的 影响 。,Gian_ông người đàn_ông dễ__thương đến tác_động của_lực củalực_lực .
管弦乐队 。,Hãy ở chỗ ngồi ở đâu .
虽然 时间 不 长 ， 但是 我们 的 友谊 很 深 。,"tuy thời_gian không lâu , nhưng tình_bạn của chúng_ta rất sâu_ậm ."
我 在 哪儿 都 找 不 到 它们 。,Tôi không tìm tìm thấy chúng ở đâu .
它 是 说 下 一 站 是 二十三 大 街 吗 ？,Nó có phải là trạm dừng đại_lộ phải 20 đại_lộ phải không ?
你 介意 我 给 你 和 你 的 出租 车照 张 相 吗 ？,Bạn có phiền nếu tôi chụp hình xe của bạn với bạn không ?
我们 找 座位 吧 。,chúng_ta hãy ngồi .
我 给 你 两 美元 把 它 凑成 二百 美元 。,Tôi sẽ đưa hai đô_la cho bạn hai trăm đô_la .
所有 你 还 有 时间 读 这 本 书 。,Có_cả bạn có thời_gian đọc sách này .
他 告诉 我 你 是 日本 冠饰 的 收藏者 。,Anh ấy nói với tôi là người sưu_tập của__ của Nhật_Bản .
淋浴室 在 哪 ？,Phòng tắm_ ở đâu ?
路 上 车 多 ， 到 了 银行 还 要 排 很 久 的 队 ， 我 怕 来 不 及 。,"trên đường xe_ nhiều , đến ngân_hàng còn chưa đến__ nhà , tôi không sợ không đến kịp ."
我 一会儿 就 到 。,Tôi sẽ đến đó .
都 是 。,đều là tất .
你 要 取 耳垢 ？,Bạn muốn nhận ráy tai_ ?
我 更 喜欢 蓝色 的 。,Tôi thích màu xanh .
听 说 仙泉 旅游区 很 美 ， 是 吗 ？,"Nghe nói về tour du_lịch suối tiên_ đẹp rất đẹp , phải không ?"
"这 是 个 非常 美妙 的 晚上 , 谢谢 你 。","Đây là một buổi tối tuyệt_vời , cảm_ơn bạn ."
那 简单 。,Nó là đơn_giản .
那儿 的 烹饪 技术 真 差 。,Đầu_th đã ở_thuật thật__ .
我们 到 D 大街 的 时候 请 通知 我 。,Xin vui_lòng cho tôi biết khi chúng_tôi đến đến Ph .
我 打算 去 墨 儿本 。,Tôi dự_định đi đến__ .
他 是 我 姐夫 。,anh ấy là anh rễ tôi .
第三 个 。,Cái thứ ba .
你 十几 了 ?,bạn mười mấy rồi ?
对于 失恋 的 人 来说 ， 放下 过去 是 关键 。,"Đối_với người người__ của người_ , ,_lại là quan__ ."
昨天 我 还 到 医院 看 伯父 ， 他 还 很 好 的 。,"hôm_qua tôi còn đến bệnh_viện khám anh ta , còn anh ta rất tốt ."
五月 五号 日本 航空 公司 的 503 次 航班 我 在 东京 预订 过 。,"Chuyến bay của tôi là chuyến bay JAL_0 , tôi đã đặt phòng Tokyo Tokyo ."
几 点 到 米兰 ？,mấy giờ đến đến ?
让 我们 给 你 验 血 。,Chúng_ta hãy đưa cho bạn máu của bạn .
我 想 尝尝 本 地 菜 。,Tôi muốn thử món ăn địa_phương .
你们 是 EijiSato 和 AkiraOgihara ？,"Bạn là R_ga A , và A Ali vàha_liaha ?"
小丽 获奖 这 件 事 大家 都 想 知道 个 究竟 。,Tiểu_Lệ Tiểu_Lệ này việc này đều muốn biết biết biết__quả .
这样 的 房间 这个 价钱 不错 。,Phòng của giá này không tệ .
我 不 明白 我们 为什么 要 把 新 工厂 建 在 新加坡 。,Tôi không_thể_ chúng_ta phải__thể nhận được nhà_máy của chúng_tôi mới .
这 列 火车 在 森林 湖 停 是 吗 ？,Xe_lửa này có dừng lại ở phía phải không ?
我 就 讲 到 这儿 。,Tôi vừa đến đây .
李静 小姐 搞 进出口 贸易 ， 她 很 忙 。,"Lý_Tĩnh cô___nhập_khẩu_khẩu_khẩu , cô ấy rất bận_rộn ."
目前 这个 颜色 比较 流行 。,Nó_ màu này thì tương_biến tương .
你 想 吃 什么 ， 牛肉 鸡肉 还 是 鱼肉 ？,"Bạn muốn ăn gì , thịt thịt gà thịt gà hay cá cá ?"
你 能 在 这里 等 我 吗 ？,Bạn chờ tôi ở đây không ?
我们 会 让 那 个 成为 一 个 惊喜 。,Chúng_tôi sẽ cho người___viên người__ .
我 也 想 去 西藏 看看 。,Tôi cũng muốn đi thăm một_Tự .
真的 很 好 听 ！,thật là rất hay nghe !
我 想 开 一 个 账户,tôi muốn mở 1 tài_khoản
他 在 哪儿 工作 ?,anh ấy công_tác ở đâu ?
什么 东西 可以 吃 ？,đồ gì có_thể ăn ?
你 觉得 我 的 性格 怎么样 ？,Bạn cảm_thấy như thế_nào tôi như thế_nào ?
星期三 晚上 是 谁 演出 ？,buổi tối vào thứ_diễn ?
邮购 可能 比较 好 。,Nó có_thể có_thể tốt hơn .
我 想 要 前排 的 座位 。,Tôi muốn một chỗ ngồi ở ghế trước .
意大利 法国 和 中国 的 食物 也 是 受 欢迎 的 。,Tốc_cách của__ăn của__Quốc cũng phổ_biến của__ .
我 能 在 哪里 买到 威士 忌酒 呢 ？,Tôi có_thể mua các ở đâu ?
有 地铁 吗 ？,Có tàu_điện_ngầm không ?
我们 不 能 自己 解决 这 件 事 吗 ？,Chúng_tôi không_thể giải_quyết việc_quyết này được không ?
与其 等待 好运 ， 不如 创造 机遇 。,"Thà___ thế_nào , không__ chìm__b . ."
我 从来 没有 过 严重 的 健康 问题 。,Tôi chưa bao_giờ có vấn_đề gì nghiêm_trọng .
请 来 一 副 一百六十 厘米 的 雪橇 。,Làm_ơn cho một một_số loại sen .
没法 了,không sao rồi
您 想要 多少 张 ？,ông muốn bao_nhiêu vé ?
这 附近 有 百货 商店 吗 ？,Có cửa_hàng nào gần đây không ?
我 会 教 你 怎么 用 筷子 。,Tôi sẽ dạy bạn sử_dụng bằng cách nào .
有些 日本 家长 不 能 对 孩子 说 不 。,Có một_số Nhật_Bản không_thể không nói với trẻ không ?
事实 上 ， 很多 都 是 脏 的 。,"Thực_ra , rất nhiều đều là dơ ."
请 你 再 说 一 次 。,xin anh lại lần nữa .
这 件 衣服 多少 钱 ？,Chiếc đầm này bao_nhiêu tiền ?
一 件 很 特别 的 生日 礼物 。,Một một món quà sinh_nhật .
我 想 要 一 个 帐篷 。,Tôi muốn một cái máy_ .
您 能 留下 姓名 和 电话 号码 吗 ？,Bạn có_thể vui_lòng lại số điện_thoại và số điện_thoại không ?
我 想 存 三万 美元 的 定期 存款 。,Tôi muốn gửi tiết_kiệm đô_la .
中途 能 去 一下 市场 吗 ？,Tôi có_thể đi chợ thị_ không ?
你 有 星期日 日场 演出 的 票 吗 ？,Bạn có vé vé cho buổi biểu_diễn vào ngày_diễn không ?
你 会 从 今天 开始 用 吗 ？,Bạn sẽ bắt_đầu từ_đầu không ?
我 一边 念书 ， 一边 打工,"tôi vừa đi học , vừa đi"
那 个 电影 不 太 好 ， 我 不 想 看 。,"Người đó đó không không giỏi lắm , tôi không muốn xem ."
用 不 了 四十九 英 里 你 就 可以 游览 到 旧金山 的 所有 风景 。,"Tôi không_thể đưa bạn trong hai mươi dặm , có_thể đi đến bờ___Francisco của bạn ."
我 不 是 很 懂 英语 。,Tôi không biết tiếng Anh .
你 怎么 知道 我 要 来 ？,sao bạn biết tôi tôi đến đến ?
这 种 事 真的 很 难 说 。,Nó chuyện này thực_sự rất khó nói .
你 要 看 我 的 护照 吗 ？,Bạn có xem hộ_chiếu của tôi không ?
是 室内 的 池 还 是 室外 的 池 ？,Nó là trong hồ_bơi hay ngoài trời ?
我 想 要 串 念珠 。,Tôi muốn mua một_tí .
你 是 不 是 越南人 ？,Bạn có người Việt_Nam không ?
试一试 。,Mặc thử một_ .
我 可能 把 它 忘 在 洗手 间 了 。,Có_lẽ tôi đã để nó trong phòng tắm .
这 是 确认号 。,Đây là số xác_nhận .
能 给 我 拿 张 报纸 或者 其他 的 什么 读物 吗 ？,Tôi có_thể có một cái gì cho cho__ không ?
你 认为 你 几 点 可以 到达 ？,Bạn nghĩ bạn mấy giờ có_thể đến ?
你们 这 次 来 主要 想 谈 哪些 方面 的 生意 呀 ？,Các lần này bạn đến__yếu làm_ăn về gì__ ?
这 道 菜 有点儿 咸 ， 要 是 淡 一点儿 就 更 好 了 。,"món ăn này hơi chút chút , phải là một_chút một_chút ."
我 需要 预先 支付 吗 ？,Tôi có cần trả tiền trước không ?
牛郎,ng
红色 的 那 一 个 。,Cái màu đỏ màu đỏ .
"不 , 先生 。","Không , thưa ông ."
但是 我 还 有 一些 双 人间 。,Nhưng tôi còn một phòng đôi đôi .
你 还 记得 我 吗 ？,Bạn có nhớ tôi chứ ?
您 想 把 头发 染成 什么 颜色 ？,Bạn muốn nhuộm tóc màu gì ?
我 想 你 可能 不 来 了,tôi nghĩ bạn có_thể đến được
检查 一下 好 吗 ？,kiểm_tra nó kiểm_tra được không ?
谁 作 最后 的 决定 ？,Ai_ quyết_định của cuối_cùng ?
我 想 开 账户 。,tôi muốn mở tài_khoản .
可惜 有点儿 短 。,đáng tiếc hơi ngắn .
请 来 个 带 浴室 的 单人间 。,Làm_ơn cho một phòng đơn với phòng đơn .
哪 趟 去 迈阿密 ？,đi nào đến Miami ?
先生 请 下来 。,"Ông ông , hãy xuống lại ."
我 昨天 买 的 包 有 点 问题 。,Tôi đã có một_số cái gì đó hôm_qua .
请 给 我 拿 些 花生 。,Làm_ơn cho tôi một_ít__ .
你 可以 告诉 我 最近 的 医生 在 哪里 吗 ？,Bạn có_thể cho tôi biết bác_sĩ ở gần nhất ở đâu không ?
对 不 起 坏 了 。,"Xin_lỗi , tôi bị hư ."
这 家 餐厅 的 桌椅 形状 挺 特别 的 。,Nhà nhà_hàng này bán__ nhà này rất đặc_biệt .
很 高兴,rất vui
星期天,chủ_nhật
不 是 买 的 ， 是 我 做 的 。,"Không phải mua , mà tôi làm làm ."
黄河 的 长度 大约 有 5600 多 米 。,Sông Hoàng_Hà có độ dài hơn 56 .
我 想 吃 羊羔 肉 。,Tôi muốn ăn thịt_ít thịt .
请 用 耳机 听 或者 把 音量 关 小点 。,"Xin vui_lòng sử_dụng hoặc_ hoặc hoặc , và đóng_cửa ."
我 来自 美国 。,Tôi đến từ Mỹ .
你 飞往 旧金山 的 飞机 什么 时候 起飞 ？,Bạn sẽ rời khỏi San_bay lúc mấy giờ ?
什么 时候 开始 的 ?,Bắt_đầu từ lúc nào ?
这 双 正好 。,Những cái này chỉ tốt .
你 推荐 哪 种 感冒药 ？,Bạn đề_nghị loại nào ?
这 是 泰晤士 广场 。,Đây là quảng_trường đối_với .
我 和 朋友 住 在一起 。,Tôi sống ở với bạn của tôi .
我 会 住 三 个 晚上 。,Tôi sẽ ở lại trong đêm .
礼品 店 在 快餐店 的 隔壁 。,Cửa_hàng quà_tặng của bạn__ tại cửa_hàng .
这 是 您 的 行李 吗 ？,Đây là hành_lý của ông phải không ?
我 母亲 两 年 前 就 去世 啦 。,Mẹ tôi đến qua_đời trước năm nay .
卧室,phòng
这些 恐龙 化石 究竟 是 怎么 保存 下来 的 ？,Những cái__ này___ thế này là___ giữ cách nào ?
我 还 没 工作 。,Tôi chưa làm_việc .
我 能 待会 把 这个 货币 再 换回 另 一 个 国家 的 货币 吗 ？,Tôi có_thể có_ cái này sang__ được được không ?
等 他 回来 我 让 他 给 你 回 电话 吗 ？,Khi anh ấy ấy sẽ cho tôi ấy anh ấy gọi lại cho anh ấy không ?
这 附近 有 公用 电话 吗 ？,Có điện_thoại công_cộng nào ở đây không ?
今天 晚上 电影院 演 什么 ？,Tối nay tại rạp_chiếu phim chiếu gì vậy ?
十二 美元 三十 美分 。,Nó là giá đô_la và ba mươi xu .
谢谢 你们 来 参加 我们 新居 落成 的 酒宴 。,Cảm_ơn các bạn đến tham_gia chúng_tôi đến tiệc tiệc của chúng_tôi .
冬天 天气 很 冷 .,Mùa đông thời_tiết rất lạnh .
你 觉得 我 的 钱 有 可能 拿 回来 吗 ？,Bạn có nghĩ rằng tôi có_thể có một_ít không ?
我 流 虚汗 。,Tôi bị mát_hát .
飞往 芝加哥 航班 的 登机门 在 哪 ？,Cổng lên máy_bay ở đâu ?
最近 的 警察局 在 哪 ？,Sở__ gần nhất ở đâu ?
你 觉得 什么 时候 会 找到 它 ？,Bạn nghĩ khi nào sẽ tìm thấy nó ?
过 了 星巴克 咖啡店 的 第四 个 街区 。,Rẽ qua hai mươi_____hàng bán__ .
请 稍 等 片刻 ， 可以 啦 ， 订 几 号 的 ？,"xin_ơn đợi một_chút , có_thể đặt mấy mấy ?"
我 怎么 帮 你 ？,Tôi giúp bạn như thế_nào ?
张 老师 的 爱人 做饭 。,Người_giáo Trương của thầy_ăn nấu cơm .
邮筒 在 哪里 ？,H__ ở đâu ?
请 填写 一 张 存款单 并 把 它 和 钱 一 起 交给 出纳员 。,Làm_ơn điền vào tờ tiền_sách và gửi tiền_mặt cho ông .
按 九 接 外线 然后 按 八十一 打到 日本 三 打到 东京 然后 拨 电话 号码 就 好 了 。,"Theo kết_ngoài và nhấn_ngoài , sau đó đến số 3 đến Tokyo , sau khi gọi số điện_thoại ."
敏感 皮肤 用 什么 牌子 的 好 呢 ？,Còn tốt da___hiệu tốt nào ?
太太 ， 我 可以 帮 你 什么 ？,"thưa bà , tôi có_thể giúp gì cho bạn ?"
水母,nước
你 的 炭烤 汉堡 好 了 后 我们 会 叫 你 的 。,"Bạn đã làm_việc của bạn , sau khi chúng_tôi sẽ gọi bạn bạn sẽ gọi__tôi ."
请 给 我 看看包 。,Xin vui_lòng cho tôi xem túi_xách .
你 的 钱 够 吗 ？,Bạn có đủ tiền không ?
你们 有 电池 卖 吗 ？,Bạn có bán pin ch không ?
我 能 要 一 个 购物袋 吗 ？,Tôi có_thể mua một mua_sắm không ?
冰箱 里 有 一些 苹果 。,Có một_số lỗ__lạnh trong tủ_lạnh .
我 要 同样 的 。,Tôi muốn cùng nhau .
谢谢 。 让 我 代表 公司 对 贵 公司 的 热情 招待 表示 感谢 ！,Cảm_ơn . Tôi đã thay_ công_ty ông_ty của công_ty ông_ty ông__ty .
我 可以 在 那儿 下车 吗 ？,tôi có_thể ở đó xuống xe không ?
豪华 轿车 在 哪 ？,Xe_hơi lớn ở đâu ?
你 能 把 空调 关 了 吗 ？,Bạn có_thể làm điều điều hòa không_khí không ?
我们 动 得 太 快 无法 拍照 。,Chúng_ta sẽ_thể nhanh_______ .
不 明白 。,Không hiểu .
我 来 这里 度 暑假 。,Tôi ở đây để nghỉ_mát .
对 了 ， 你 还 可以 去 参观 一下儿 工业 展览馆 。,"đúng rồi , bạn còn có_thể đi đến_________tàng ._hàng ."
牛肉粉,thịt
天快 要 冷 了 ， 你 应该 买 毛衣 了 。,"Trời sắp_lạnh rồi , anh nên mua áo áo_khoác ."
你 能 不 能 来 ？,Bạn có_thể đến được không ?
不 ， 他 已经 退休 啦 。,"Không , ông ấy đã nghỉ hưu rồi ."
这 是 我 女 朋友 ， 陈明珠 。,"Đây là bạn_gái tôi , Trần_Minh_Minh ."
这个 水 不 热 。,Nước_ không nóng .
祝 你 好运 。,chúc bạn may_mắn .
紧急 情况 。,Nó là một__ .
暂时 不 要 担心 工作 ， 我们 已 安排 了,"L_ không không làm_việc , chúng_tôi đã sắp_xếp rồi"
祝 你 一路 平安,chúc bạn thượng_lộ bình_an
他们 于 一九九九年 十二月 九日 结婚 .,Họ là ngày 1 tháng năm 19 năm 19 năm 19 .
这个 保证书 在 日本 有效 吗 ？,Bạn giữ này này có hiệu_ Nhật_Bản không ?
我 得 给 家里 打 电话 。,Tôi phải gọi điện_thoại cho gia_đình .
我 在 这里 。,Tôi ở đây .
要 大约 一 个 星期 。,Trong khoảng khoảng một tuần .
你 用 什么 洗 发水 ？,Bạn dùng loại dầu gội nào ?
只要 有 决心 ， 你 的 计划 就 可以 实现 的 。,"Chỉ cần có__ nào , kế_hoạch của bạn sẽ được thực_hiện ."
你 知道 了 ， 我 不 想 赶 不 上 它 。,"Bạn biết rồi , tôi không muốn nó không_thể ."
我 想 看 山脉 。,Tôi muốn xem một_số .
我 想 要 一 个 煮锅 。,Tôi muốn một cái chảo .
如果 您 需要 ， 我们 可以 立刻 去 做 ， 但 要 收取 额外 的 费用 。,"nếu bạn cần chúng_ta có_thể đi làm__thể , làm , nhưng sẽ lấy thêm phí phụ_thu ."
请 给 我 留 着 它 。,Xin vui_lòng để lại nó cho tôi .
你 握杆 有点 不 对 。,Anh không_thể hơi chút một_chút .
我 电话 打 得 太 晚 了 吧 ！,tôi gọi điện quá trễ quá !
放 那边 就 行 。,Nó bên ở đó .
你 知道 附近 什么 地方 可以 乘 地铁 ？,Bạn có biết nơi nào tôi có_thể đi tàu_điện_ngầm nào ?
我 希望 我 能 回 日本 并 在 一流 的 银行 里 谋到 一 个 好 职位 。,Tôi hy_vọng tôi có_thể trở_lại một một_số món_ Nhật_Bản trong một ngày .
你 喜欢 去 旅行 吗 ?,Bạn thích đi du_lịch không ?
我 能 在 车上 买 票 吗 ？,Tôi có_thể mua vé xe xe_buýt được không ?
"是 的 , 我 没 去 纽约 。","Vâng , tôi không đi đến New_York ."
你 为什么 不 多 坐 会 呢 ？,Tại_sao bạn không đi bằng__ sao ?
除了 广州 ， 上海 以外 我们 还 要 去 香港 。,"ngoàiãng châuãng , Thượng_Hải ra chúng_ta còn đi hongkong ."
我们 想要 个 能 俯瞰 大海 的 房间 。,Chúng_tôi muốn căn phòng nhìn ra biển .
天 不 是 很 冷 是 吧 ？,Nó không lạnh lắm .
下 星期 可以 出院 了 。,tuần sau có_thể ra viện rồi .
我 能 试试 这 双 轻 舞鞋 吗 ？,Tôi có_thể thử đôi giày này được không ?
在 那 栋 白 楼 左 边 的 第二 栋 楼 。,Nó nằm trên tòa nhà thứ bên trái ở đằng kia .
父母亲 都 退休 了 。,ba_má anh đều nghỉ hưu rồi .
我 想 拿 我 的 手提箱 。,Tôi muốn lấy va_li của tôi .
下面 我们 来 学习 第二 句 ：,Chúng_ta học_ thứ hai thứ_
保修 多久 ？,bảo_ bao bao_lâu ?
是 Tom 的 T 我 的 名字 是 Taro 。,"Đó là T To , và tôi là Tar ."
我 就 是 那 个 打 电话 说 我 会 晚到 的 人 。,Tôi sẽ gọi điện_thoại đó tôi sẽ đến đó .
不 要,không
我 的 刀子 掉 了 。,Tôi đã làm rơi cái nĩa của tôi .
我 今天 没 带 够 钱 。,Hôm_nay tôi không có đủ tiền .
我 写信 ， 你 呢 ？,"tôi viết thư , còn bạn ?"
不 太 够 。,không đủ lắm .
这些 里面 哪 个 是 最 新 的 颜色 ？,Những cái này màu là màu mới nhất ?
能 叫 医生 来 吗 ？,Bạn có_thể gọi bác bác_sĩ được không ?
我 想 要 一 件 围裙 。,Tôi muốn một chiếc váy .
你 能 给 我 拿 些 咖啡 吗 ？,Bạn có_thể cho tôi một_ít cà_phê được không ?
请 于 下午 两 点 叫 一 辆 出租车 来 。,Xin vui_lòng gọi một lúc lúc lúc giờ giờ chiều .
我 想 要 一 间 豪华 的 带 浴室 的 单人间 。,Tôi muốn một phòng đơn cho phòng tắm có bồn_tắm .
拿学 汉语 这 件 事 来说 ， 小 力比 小 强 更 有 天赋 。,"Lấy việc__ tiếng Hoa mà nói , Tiểu_Cường có Tiểu_Cường có_thể có được ngày ."
我 住 在 一 个 月租 八萬 日元 的 公寓 里 。,Tôi sống ở trong một căn_hộ trong một tháng .
"顺便 问 一下 , 我 要 打 领带 吗 ？","Nhân_tiện , tôi muốn gọi cà_vạt cà_vạt không ?"
作者 是 谁 ？,Ai là người_sư ?
让 我们 参观 古 罗马 的 遗迹 。,Chúng_ta hãy tham_quan những khu___ cổ .
你 不 会 喝 酒別 喝 了,bạn không uống uống rượu uống uống rồi
你 不 听 别人 的话 ， 会 后悔 的 。,Anh không nghe lời mọi người thì hối_hận đấy .
我 剧痛 。,Tôi bị đau .
我们 会 做 ， 如果 差别 是 不 重要 。,"Chúng_tôi sẽ làm , nếu nếu không có quan quan quan_trọng ."
你 能 告诉 我 怎样 去 小 东京 吗 ？,Bạn có_thể cho tôi biết làm thế_nào để đến đến Tokyo được không ?
春天 是 一 年 的 开始 ，,tết ngày xuân là bắt_đầu của năm 1 .
是 的 牛肉 味道 美 极 了 。,"Vâng , thịt_tôi có đẹp ."
我 的 自行车 让 被 人 借 走 了 。,xe_đạp của tôi bị bị__ .
这些 东西 不 禁止 带 出去 的,những món đồ này không không mang đi ra ngoài đi
你 认为 那样 容易 导致 肥胖 吗 ？,Bạn có nghĩ rằng dễ_______ không ?
我 预订 了 。,Tôi đã đặt chỗ .
我 不 知道 ， 到 那天 就算,"tôi không biết , đến đó đó là đó"
他 练 了 三 个 星期 了 。,Anh ấy đã luyện ba rồi rồi .
这个 邮件 的 运费 是 多少 ？,Tiềnướcước cho bưu_kiện này là bao_nhiêu ?
卫生间 被 堵住 了 。,Nhà_vệ_sinh bị nghẹt bị nghẹt .
我 能 在 哪里 登记 国际 服务 ？,Tôi có_thể phục_vụ ở đâu ?
你们 有 胡椒粉 吗 ？,Bạn có tiêu tiêu không ?
我 想 在 你 方便 的 时候 尽快 见到 你 。,Tôi nghĩ gặp bạn bạn khi bạn rời__tiện khi bạn thuận_tiện .
请 转告 他 我 在 这里 的 这 段 时间 我 想 见 一下 他 。,Xin vui_lòng chuyển lời cho tôi biết khi tôi nghĩ_ đây trong trường_gian này .
请 把 袖子 卷 起来 。,Xin vui_lòng xắn tay_áo của bạn lên .
请 你 让 我 看 机票 和 护照 。,Xin vui_lòng cho tôi xem vé và hộ_chiếu .
你 可以 把 它们 重新 发行 吗 ？,Bạn có_thể gửi chúng chúng chúng được không ?
我 要 了 。,Tôi sẽ phải .
请 给 我 架子 上 那 个 。,Xin vui_lòng cho tôi cái cái đó .
我 对 女 主角 有些 失望 ， 她 好像 有些 假 。,"Tôi rất hứng_thú với một_số có__ , , nhưng có_vẻ như có một_số ."
后天 中午 我 安排 您 和 李 总 在 大庆 酒店 一起 吃饭 。,ngày_kia tôi ở__ và bạn với cô___ tại khách_sạn .___ .
李丽,Lý_Lệ
你 怎么 计算 ？,Bạn tính_toán như thế_nào ?
听说 有 一 间 郑乐 咖啡馆 刚 开张,nghe nói có một quán cà_phê ở nước__
我 可以 打断 一下 吗 ？,Tôi có_thể gọi lại_ không ?
我 可以 抽烟 吗 ？,Tôi có_thể hút thuốc không ?
胡说,Hồ_
慢走 。,chậm từ_từ đi .
你 能 帮 我 保管 它 吗 ？,Bạn có_thể giữ nó giùm tôi không ?
我 想 去 波士顿 。,Tôi muốn đi đến Boston Boston Boston .
这个 男孩 多 大 了 ？,nam_ này lớn bao_nhiêu tuổi ?
要 毯子 吗 ？,Bạn có muốn không ?
穿 西装 打 领带 ？,mặc áo áo_khoác và cà cà-vạt ?
我 知道 。 但是 我 改变 主意 了 ， 我 太 累 啦 。,"Tôi biết , nhưng tôi thay_đổi ý_kiến . tôi quá ."
在 当天 来回 。,Tôi sẽ trở_lại trong ngày .
25 美元 。 你 觉得 够 吗 ？,2 đô . . Bạn có nghĩ là bạn không ?
我 很 可惜 没 跟 你们 一起 去 香港 。,Tôi rất tiếc khi không đi Hồng_Kông với các bạn .
我们 一起 去 吧 。,chúng_ta cùng đi .
再 来 一 杯 。,Một thêm một ly .
单程 的 和 往返 的 票 分别 是 多少 钱 ？,Giá vé một vé khứ_hồi cho vé khứ_hồi là bao_nhiêu ?
我 想 要 个 电缆 释放器 。,Tôi muốn một cái điện_tử điện_tử .
你 愿意 今天 下午 和 我 一起 去 逛街 吗 ？,Bạn có muốn đi đến một_số đi vào chiều nay không ?
能 再 便宜 点 吗 ？,Bạn có_thể rẻ một_ít nữa không ?
你 能 给 我 拨 一下 它 吗 ？,Bạn có_thể vui_lòng chỉ cho tôi không ?
请 保管 大衣 到 下午 五点 。,Xin vui_lòng giữ đồ_ 5 giờ 5 chiều .
据说 转基因 食品 吃 了 对 人体 有害 。,"Được biết , một_ít ăn__phẩm ăn___ có_thể ."
不 要 放 味精,không cần để ăn
价钱 是 多少 ？,giá tiền là bao_nhiêu ?
有 日文 的 菜单 吗 ？,Bạn có thực_đơn Nhật_Bản không ?
这些 蝴蝶 鱼 的 发源 地 在 哪里 ？,Những phát_âm này cá__ ở đâu vậy ?
有,có
你 介意 坐 在 靠 走廊 的 位置 吗 ？,Bạn có phiền chỗ ngồi trên tầng__ đi không ?
你 在 哪 买 的 ？,Bạn mua mua ở đâu ?
我 想 要 个 染发 香波 。,Tôi muốn một quả__hoa .
是 的 而且 我 想 对方 付费 。,"Vâng , tôi muốn thực_hiện một khoản phí trả tiền ."
这 辆 车 去 西雅图 吗 ？,Chiếc xe này đi đến Seattle không ?
我 认为 我们 应该 去 得 早点 因为 票 可能 会 售完 ，,Tôi nghĩ chúng_ta nên đi sớm một_số nơi nào để xem có_ .
这 是 收据,đây là biên_nhận
那 目前 ， 你 要 学好 英语 和 华语 。,"trước_mắt , bạn phải học học tiếng Anh và tiếng hoa ."
请 给 我 看 一下 您 的 机票 吗 ？,Bạn có_lòng cho tôi xem vé máy_bay của bạn được không ?
我 还 要 去 给 孩子 买 一些 东西 ， 我 先 走 了 。,"tôi còn phải mua_sắm mua cho đồ_đạc , tôi đi trước ."
有 什么 短途 的 旅行 吗 ？,Có chuyến du_lịch nào nào không ?
它 就 挨 着 那 栋 高楼 。,Nó sẽ ở đó cao đó .
波士顿 在 美国 的 东北部 。,Đội Boston ở phía đông_ Mỹ .
小鸭子 已经 游 到 河 对岸 了 。,Tiểu_M đã đã bơi đến đến__ .
它 有 个 名签 。,Nó có một cái tên .
我 想 要 一些 安睡药 。,Tôi muốn một_ít thuốc an_thần .
"哦 , 那 好 。","Ồ , tốt đó ."
你 能 再 给 我 接一下 吗 ？,Bạn có_thể nối_lòng cho tôi thêm một_chút được không ?
我 要 照 一 张 X 光 照片 。,Tôi muốn chụp một bức ảnh hình_
一次兩 粒 胶囊 一 天 兩次 。,Một hai hai hoặc và một ngày .
离 这里 有 多 远 ？,Đi đây có xa không ?
我们 觉得 做 生意 不 太 有 用 。,Chúng_tôi cảm_thấy làm kinh_doanh không có quá .
那 个 房间 还 有 人 住 着 吗 ？,Có phòng có ở đó không ?
这些 衣服 没有 干 。,Những quần_áo này không làm khô .
带进 这个 国家 是 违法 的 抱歉 。,Một__gia này là______ .
您 的 电话 接通 了 。,Điện_thoại của ông đã bị rồi .
这样 宏伟 的 建筑 竟然 只 用 一 年 的 时间 就 完成 了 。,Những cái__ảnh của những con chỉ cần phải trong một trong một năm .
我 一点 十五 分 回来 .,Tôi sẽ quay lạilại_ trở_lại .
请 问 去 地铁站 的 路 怎么 走 ？,Bạn có_thể cho tôi biết đường đến đường đến ga đường_điện_ngầm không ?
我 想 明天 去 看看 装饰品 。,Tôi muốn đi đến_____ .
咱们 赶紧 去 买 东西 。,Chúng_ta hãy đi mua đồ .
你 可以 步行 走 过去 。,Bạn có_thể đi bộ đi .
那 是 哪 种 故事 ？,đó là loại nào ?
他 下定 了 决心 就 一定 做 得 好 ， 做 什么 事 都 使 人 放心 。,"anh ấy đi_định làm_việc nhất nhấtđịnhđịnh làm tốt , việc gì cũng đều có___ ."
这个 座位 有 人 吗 ？,Có ai này có không ?
他 几乎 被 刚才 的 场景 吓 哭 了 。,Anh ấy hầu_như bị bị__cảnh bị bị_ào .
需要 帮助 吗 ？,Tôi có_thể giúp_đỡ không ?
请 尽量 吃 容易 消化 的 东西 。,Làm_ơn hãy cố_cứ thứ gì đó .
请 告诉 我 去 医院 怎么 走 好 吗 ？,Bạn có_thể cho tôi biết làm đến bệnh_viện đi bệnh_viện được không ?
他 是 美国人 吗 ？,anh ấy là người Mỹ phải không ?
火车 为什么 晚点 ？,Tại_sao xe_lửa muộn ?
六月份 和 七月份 是 雨季 。,"6 tháng 6 và tháng 7 , tháng 6 ."
去 拉斯维加斯 怎么 走 ？,Làm_sao đi đến Las_Vegas đi ?
你 可以 下车 走走 舒适 一下 。,Bạn có_thể đi bộ phim này để đi .
就 像 上 次 一样 剪 就 行 了 。,Nó giống như lần trước khi tôi là được .
我 想 要 09：00 开始 的 演出 的 票 。,Cho tôi một vé cho buổi trình_diễn ban_đầu .
为 我们 的 友好 合作 干杯 ！,vì tình_bạn của chúng_tôi hợp_đồng của__ !
我 要 租 辆 小 轿车 。,Tôi muốn thuê một chiếc xe_hơi .
不 是 我 ， 我 孩子 在 发烧,"không phải tôi , con_ tôi đang bị"
我们 和 日本 大多数 的 厂商 都 签 了 合同 。,Chúng_tôi dường_như đã___tôi đã có những người hợp_đồng hợp_đồng .
哦 不 要 客气 。,"Ồ , không khách_sáo ."
你 要 在 下 站下 。,Bạn phải xuống tại trạm tiếp_theo .
你 还 欠 我 一 美元 七十 美分 。,Bạn sẽ phải tôi một đô_la một 7 .
你 点评 得 很 好 。,Bạn đã được một_ít tốt .
你 要 当心 安全 驾驶 。,Bạn phải làm_đ an an_toàn .
我们 想要 张 在 平台 的 桌子 。,Chúng_tôi muốn một bàn ở sân_thượng .
跟 你们 在一起 ， 我 太 高兴 了 .,"Ở cùng với các bạn , tôi thật vui ."
大家 都 知道 。,Mọi mọi người đều biết .
除了 汉语 ， 什么 外语 我 也 不 知道,"ngoài tiếng Hoa , thế_nào tôi cũng không biết"
你 找 什么 ?,bạn tìm cái gì ?
你 能 给 我 换 个 房间 吗 ？,Bạn có_thể đổi phòng cho tôi được không ?
这个 在 哪 买 的 ？ 真 好看 。,Cái này mua ở đâu vậy ? đẹp quá đẹp .
"如果 都 是 免税 的话 , 我 来 一盒 C 。","Nếu đều là miễn thuế , tôi đến một một_ ."
我 有 两 瓶 威士忌 。,Tôi có hai chai rượu whisky .
流水不腐 。,Không có nước_ .
现在 不 能 接通 你 要 呼叫 的 国家 。,Bây_giờ không_thể đón bạn đến đất_nước của bạn .
我 能 订 折叠 躺椅 吗 ？,Tôi có_thể đặt một chỗ ngồi được không ?
你 好 史密斯 先生 。,"Chào J_S , thưa ông ."
全部 是 四十五 美金 五十 美分 。,Tất_cả là 40 là 50 xu__ xu .
要 多少 ？,muốn bao_nhiêu ?
那么 这 双 怎么样 ？,Vậy thế này như thế_nào ?
保姆,ẩm
我 经商 ， 你 也 经商 吗 ？ 经商 难 吗 ？,"Tôi làm kinh_doanh , bạn cũng làm kinh_doanh phải không ? Kinh_doanh khó không ?"
银行 什么 时候 关门 ？,Ngân_hàng đóng_cửa lúc mấy giờ ?
具体 内容 我 也 记 不 太 清楚 了 。,"V__dung , tôi cũng không_thể rõ rõ lắm ."
眉毛 上面 稍微 剪 一点 。,Một chiếc áo cắt cắt một một_chút .
事情 总会 过去 ， 你 需要 更加 努力,"công_việc tổng__ , , cần cần hơn_lực"
咱们 餐厅 见 。,Hãy gặp lại nhà_hàng .
你 愿望 工资 多少 ？,Bạn muốn nhận lương bao_nhiêu ?
"亲爱 的 , 昨晚 你 不 是 有点儿 太 醉 了 吗 ？","Mây , tối_qua bạn không có quá__ăng quá không ?"
一会儿 见 ！,một_chút !
有 什么 好 事 了 ？,có việc gì tốt ?
三 个 十 磅 怎样 ？,Ba mười 10 thì sao ?
这个 城市 美丽 的 夜景 给 我 留下 了 很 深 的 印象 。,Tôi đã_vẻ như những phần__ này rất ấn_tượng sâu_sắc .
他 对 这 家 酒店 的 服务 有点儿 不 满意 。,Anh ấy không hài_vụ về dịch_vụ của khách_sạn này .
我 现在 可以 打开 它 吗 ？,Tôi có_thể mở nó bây_giờ không ?
我 也 很 好 ， 玛丽 好 吗 ？,"tôi cũng rất khoẻ , Mary có tốt không ?"
代我 问 他们 好 .,T_thăm_thăm họ họ .
允许 我 随身 携带 他们 出国 吗 ？,Chụp_ tôi tôi tự_ họ ra nước nước_ngoài không ?
顺便 尝尝 那儿 的 小吃 。,T ăn____ ở đó .
那 是 手工制 的 吗 ？,Cái đó có phải là đồng_hồ phải không ?
你 今天 怎么 有 空儿 来 了 ？,Bạn hôm_nay sao bạn rãnh đến đến vậy ?
邮寄 这 封信 到 日本 的 邮资 是 多少 ？,Bưu_ gửi lá thư này sang Nhật_Bản là bao_nhiêu ?
它们 味道 古怪 。,Chúng_tôi đang ở .
你 能 给 我 推荐 一 家 好 点 的 意大利 餐馆 吗 ？,Bạn có_thể giới_thiệu một nhà_hàng Ý_hàng tốt cho tôi không ?
七 。,Bảy 7 .
你们 有治 肚子痛 的 药 吗 ？,Bạn có thuốc trị đau đầu đau không ?
有 流血 的 地方 吗 ？,Có nơi nào để nghỉ_ không ?
都 在 这儿,đều ở đây
巴士 ？,xe xe_buýt ?
"我 昨天 买 了 这 块 手表 , 但是 我 想 换成 一 个 新 的 。","Tôi mua mua đồng_hồ này hôm_qua , nhưng tôi đổi đổi một cái mới ."
我 只 想要 辣酱 。,Tôi chỉ muốn dùng nước_ .
包括 保险 吗 ？,Nó có bao_gồmgồmgồmgồm không ?
你 还 住 在 老 地方 ？,bạn còn ở chỗ nào ?
小王 的 钱包 被 偷 了 ， 况且 钱包 里 还 有 身份证 。,"tiền_Vương Tiểu Tiểu_Vương bị đánh_cắp , ví_ còn có thẻ tín_dụng ."
我们 已经 很 长 时间 没有 见面 了 。,Chúng_tôi đã gặp thời_gian lâu rồi .
出去 ， 要 不然 我 就 报 警察 了 。,"Đi ngay , nếu không tôi sẽ báo cảnh_sát ."
我 还 没 拿到 我 的 行李 。,Tôi chưa nhận được hành_lý của tôi .
是 的 ， 太 热 了 ， 晚上 都 不 能 睡觉 。,"Vâng , quá nóng , tối buổi tối cũng không_thể ngủ ."
不错 。,tệ tệ .
小姐 ， 我 想 看看 挂 在 上面 的 T 恤 。,"chị ơi , tôi muốn xem một cái áo thun ở trên ghế ."
要 借 钱 ， 我 该 做 甚么 手续 ？,"Để vay tiền , tôi phải cần làm thủ_tục gì ?"
我们 那 天 晚上 一起 去 好 吗 ？,Tối hôm đó chúng_ta cùng đi được không ?
我 来 早 了 能 进去 等 吗 ？,Tôi có_thể có một vào vào sớm không ?
老师 忙 吗 ？,thầy có bận không ?
对 了 。 我 是 你 爸爸 公司 的 人员 。,đúng rồi . Tôi là nhân_viên của công_ty của bạn .
我 可以 借用 一下 这个 吗 ？,Tôi có_thể mượn cái này được không ?
请 帮 我 找 一 下 我 的 行李 。,Làm_ơn tìm tôi tìm hành_lý của tôi .
晚上 我 没事 。,Tôi không có việc .
我 就 喜欢 乘 轿车 去 ， 舒适 ， 不 会 累 。,"tôi thích đi xe_đạp đi , ,__ , không không mệt ."
他 抢 了 我 的 皮夹 而且 逃走 了 。,Anh đã bị gãy da_ da của tôi bị trật .
昨晚 我 梦见 你 了 。,Tối hôm tôi tôi đã gặp bạn bạn .
常 来 打扰 你 ， 很 过意不去 。,"thường đến quấy_rầy , rất áy_náy quá áy_náy ."
小心 这个 口 小心 这个 口快 到 门 了 。,Co cẩn_thận này đến_nỗi trong__ .
已经 结婚 五 年 了 。,đã kết_hôn năm năm năm rồi .
小兰 不 像 小芳 这么 文静 。,Tiểu_Lan không giống như Tiểu__Lý .
我 急 需 。,Tôi cần gấp_ .
我 进 不 去 。,Tôi không_thể đi vào .
我们 大约 要 等 多久 ？,Chúng_ta sẽ đợi trong bao_lâu ?
你 能 稍微 煮 久 一点 吗 ？,Bạn có_thể vui_lòng di_chuyển một xí được không ?
你 会 说 汉语 吗 ？,Bạn biết nói tiếng Hoa không ?
我 要 买 订婚 的 戒指,tôi muốn mua nhẫn đính_hôn .
没事儿 ， 不 太 严重 。,"không có chi , không quá lắm ."
老师 说 ： “ 这 不 是 ” 人 “ 字 吗 ？ 你 怎么 忘 了 ？ ”,"thầy_giáo nói : "" không phải là người__ không ?_nào ? quên quên__nào ?"
是 的 它们 搭配 起来 比较 好 。,"Vâng , chúng_tôi sẽ có khá tốt hơn ."
是 的 ， 我 有 两 个 哥哥 ， 他们 住 在 纽约 ， 还 有 一 个 姐姐 住 在 波士顿 。,"Có , tôi có hai người bạn_trai . họ ở New_York , ở đây một chị_gái ở đây ."
味 很 浓 吗 ？,Nó có_vẻ như vậy ?
你 要 换 多少 ？,bạn muốn đổi bao_nhiêu ?
我 也 很 高兴 .,tôi cũng rất vui .
您 贵 姓 ？,ông họ gì ?
玛丽 ， 我 介绍 一下 ， 这 是 我 哥哥 。,"Mary , tôi giới_thiệu một_chút , đây là anh_trai của tôi ."
布赖恩 ， 你 会 说 英语 吗 ？,Không có nước . Bạn có nói tiếng Anh không ?
餐厅 在 那边 。,Phòng ăn ở đằng kia .
喂 ， 你 要 哪儿 ？,"alo , bạn muốn đi đâu ?"
没有 比 快乐 更 可贵 的 事情 了 。,Không có so với sự_vẻ hơn hơn .
我 正在 找 一 件 球衣 。,Tôi đang tìm một chiếc áo len .
用 纸币 买 东西 很 容易 但是 现在 我 还是 喜欢 用 硬币 。,"Tôi rất giấy_sắm mua đồ_ dễ , nhưng nhưng tôi cũng có_thể dùng_dụng ."
行政 管理 。 我 打算 读 文书 管理,Được hành_lýlý . tôi dự_định học__lý học_lý
你 会 游泳 吗 ？,Bạn biết bơi_lội không ?
我 确定 把 它 放 在 我 的 公文包 了 。,Tôi chắc rằng tôi đã để nó trong túi của tôi .
我 把 我 的 钥匙 忘 在 房间 里 了 。,Tôi đã để quên chìa khóa của tôi trong phòng của tôi .
我 想 要 这 种 。,Tôi muốn loại loại này .
你 能 按 这个 按钮 吗 ？,Bạn có_thể làm nút nút này không ?
我 在 Waimanalo 海滩 遭 抢劫 了 。,Tôi đã bịa_ha_ch Beaa .
我 一向 很 好 。,Tôi sẽ_ một cái tốt .
请 把 邮包 打开 让 我 看看,làm_ơn mở__ ra để tôi xem
银行 谢谢 。,Xin vui_lòng cho ngân_hàng .
只有 三 个 月 暑假 。,Chỉ có ba nghỉ_mát .
这 间 学校 是 小学 还是 中学 ？,trường này là tiểu_học hay_là trung_học ?
请 问 你 的 姓名 和 电话 号码 是 多少 ？,Xin vui_lòng cho tôi biết tên của bạn và số điện_thoại của bạn không ?
请 你 把 门 关上 。,Bạn làm_ơn đóng_cửa lại .
NBA 总 决赛 在 什么 时候 ？,W_A_A_M ở đâu vậy ?
周五 不 好 。,Thứ_ tuần không không_thể .
杭州 西湖 有 许多 美丽 的 传说 ， 其中 《 白 蛇 传 》 最为 著名 。,"O___âu__ của thành_phố đẹp ,__ , ,__luyến__tiếng nổi_tiếng ."
这些 相机 使 我 自己 用 的 。,Những những những cái này làm tự làm cho tôi tự_ tự .
只有 日常 用品 。,Chỉ có ấn_dùng hàng_ .
最近 的 日本 银行 在 哪里 ？,Ngân_hàng Nhật_Bản gần nhất ở đâu ?
小 白,Tiểu_ trắng
我 能 租鞍 和 头盔 吗 ？,Tôi có_thể thuê một_ít và đồ_ không ?
请 给 我 拿给 枕头 。,Làm_ơn cho tôi một cho tôi .
请 接 国际 长途 。,Xin vui_lòng gọi điện_thoại quốc_tế .
今天 我 打算 把 这 本 书 读完,hôm_nay tôi dự_định quyển sách này .
上午 九点整 从 饭店 出发 。,buổi sáng_ 9 giờ từ__ từ khách_sạn .
这 正好 是 我 的 尺寸 。,Đó là một__ của tôi .
快 下雨 了,sắp mưa rồi
它 有 多少 年 了 ？,Nó bao_nhiêu năm rồi ?
给 我 吹吹 吧 。,Hãy cho tôi một chiếc . .
离 渔人 码头 有 多 远 ？,Từ cách nào có_ xa có xa không ?
我 正在 靠近 岬角 海湾 的 一 条 高速 公路 上 。,Tôi đang ở trên đường_cao_tốc cao_cao_tốc .
我 是 工人 。,Tôi là người_nhân .
张玲 很 喜欢 读书 ， 于是 她 办 了 张图书 卡 。,"Trương_m rất thích đọc sách , có_thể làm cô ấy__ ."
为什么 你 买 花 ？ 你 打算 给 谁 ？,tại_sao bạn mua hoa ? ?
我 又 错误 的 要 了 杯 咖啡 。,Tôi đã có một tách cà_phê .
请 贴 五 块 钱 的 邮票,Xin dán tem 5 đồng .
好 ， 我 相信 你 ， 但 你 不 能 说 了 话 不 算数 .,"Rồi , tôi tin anh , nhưng anh không_thể nói rồi thôi ."
您 想 吃 点 什么 ？,Bạn muốn ăn gì ?
到 日本 的 电话 费用 是 多少 钱 ？,Cuộc điện_thoại của Nhật_Bản là bao_nhiêu ?
这 是 我 女儿 。,đây là con_gái tôi .
我 想 这 是 我们 想 进口 的 类型 。,Tôi nghĩ đây là một loại________ .
包括 税 这个 多少 钱 ？,Cái bao_gồm thuế giá bao_nhiêu ?
我 能 听 下 这个 磁带 吗 ？,Tôi có_thể nghe cái này được không ?
这 是 亚麻布 的 吗 ？,Cái này bằng vải lanh phải không ?
在 哪 能 坐 进城 的 巴士 ？,Tôi có_thể bắt xe_buýt ở đâu ở đâu ?
我 觉得 你 搞 企划 ， 可能 更 能 发挥 你 的 才干 。,"Tôi nghĩ bạn bị_nh , có_thể có_thể phát_hiện mới của bạn ."
那 有 一 个 漂亮 的 建筑 。,Có một tòa nhà đẹp đẹp .
这个 有效期 是 几 天 ？,hiệu_ hạn này mấy ngày mấy ?
这 是 二十 美元 。,Đây là hai mươi đô_la .
说 吧,nói đi
我 带 你 到 那 。,Tôi sẽ đưa bạn đến đó .
我 的 包 丢 了 。,Tôi bị mất túi_xách của tôi .
你 汉语 说 得 太 好 了 ， 我 以为 你 是 中国人 。,Bạn nói tiếng Hoa tốt quá khiến tôi cứ nghĩỡ bạn là người Trung_Quốc .
我 可以 先 来 点 雪利酒 吗 ？,Tôi có_thể dùng rượu_ít rượu nâu được không ?
这 几 天 一直 下雨 。,Mấy hôm nay trời cứ mưa mãi .
大概 三 公里 。,Khoảng 3 km .
我们 想 申请 上 一 所 潜水 学校 。,Chúng_tôi muốn xin__ học lặn .
对 不 起 ， 我 不 能 回答 你,"xin_lỗi , tôi không_thể trả_lời bạn"
我 想 买 一 台 二十九 吋 的 彩电 。,Tôi muốn mua một chiếc màu_ .
那么 我 要 先 到 芽庄,thế tôi phải trước trước đến đến
何时 开放 何时 关闭 ？,Khi nào thì bắt_đầu lúc mấy giờ ?
"你 说话 像 个 诗人 伊塔 , 先生 。","Bạn nói nói_chuyện với ông , , thưa ông ."
是 的 ， 他 已经 结婚 啦 。,"Vâng , nó đã lập gia_đình rồi ."
但 有 足够 的 时间 给 你 去 做 吗 ？,Nhưng thời_gian có đủ cho anh đi làm không ?
您 是 ？,ông là ?
过去 的 四 年 中 我们 最 畅销 的 产品 是 AX 450 型号 的 复印机 。,Trong 4 4 năm của chúng_tôi đã là__ những ngày__ là A_S____s vào phòng của trẻ_ .
最近 的 沃尔玛 在 哪儿 ？,Cửa_hàng gần nhất ở đâu ?
假期 过 的 真 快 。,Gi nghỉ_ thật là quá qua .
我 家 离 银行 很 近 。,Nhà tôi cách gần đây . ngân_hàng .
你 大点声 说 好 吗 ？,Bạn có nói_chuyện với bạn không ?
"我 想 跟 501 房间 的 Nomoto 女士 , 说话 。","Tôi muốn nói_chuyện với phòng số phòng của phòng , phòng nói , nói_chuyện ."
光 有 迷人 的 外表 还 不 够 ， 还 得 有 深刻 的 内涵 。,"Chỉ có một__ngoài thương__ còn chưa đủ , mà cần phải có nội__dung ."
你 想 先 洗头 吗 ？,Bạn muốn gội đầu không ?
电视 里 的 商业 广告 太 多 了 。,Các sự__ trong__cáo quá nhiều quá nhiều .
在 第二 个 拐角 左 拐 。,Rẽ trái tại góc thứ hai .
我 到 这里 已经 两 天 了 。,Tôi ở đây trong hai ngày rồi .
今年 七月 总公司 举行 培训 活动 。,năm nay_ tháng 7 nay___ vào lúc huấn_luyện vào ngày__ .
Takeuchi 。,Ter_su .
这 附近 有 潜水 的 地方 吗 ？,Có một chỗ nào ở đây không ?
二姐 还 没有 孩子 。,"Không , không có chưa con con ."
有 多 大 呢 ？,có cỡ nào ?
今天 演 什么 ？,Hôm_nay chiếu gì vậy ?
你 比 我 更 像是 一 个 日本人 。,Bạn nhỏ hơn tôi sẽ hơn một người Nhật_Bản .
能 给 我 一 个 传真 发送 护板 吗 ？,Bạn có_thể gửi một chiếc kẹp tóc không ?
一 张 四千 块 钱 。,1 tờ000 đồng .
可以 把 十 美元 换成 十 个 一 美元 吗 ？,Bạn có_thể đổi mười đô_la mười thành mười đô_la một đô_la không ?
您 能 像 其它 的 供应商 一样 分担 第一 年 一半 的 促销 成本 吗 ？,Bạn có_thể làm__ những loại cùng với những__đồng__ cho năm__ cùng với một_số bông_chí không ?
请 告诉 他们 我 已 顺利 下车 了 。,Hãy nói cho họ biết tôi đã bị__r . .
我 就 去 坐 331 路 汽车 。,Tôi sẽ đi xe_buýt số 3 .
心 一 如焚,theo 1 tấm
我 想 要 些 香水 。,Tôi muốn một_ít nước_hoa .
我 觉得 这个 非常 优雅 。,Tôi nghĩ cái này rất đẹp .
所以 你 得 在 房间 里 呆 几 天 。,"Vì vậy , bạn ở trong trong phòng trong phòng của bạn trong ngày ."
闭嘴 。,miệng miệng .
还没 ， 可是 他们 认为 不 严重,"còn nữa , nhưng họ có họ không khôngthể"
刘经 和 王兰 都 是 中国人 。,Lưu_Kinh và Vương_Lan đều là người Trung_Quốc .
我 听说 Ringisho 在 日本 应用 很 广泛 。,Tôi nghe nói Rnio_ra tại___ Nhật_Bản .
我 要 一 个 汉堡 和 一 个 奶酪 汉堡 。,"Tôi muốn một bánh hamburger , và một bánh_mì pho_mát ."
今晚 你 有 空房 吗 ？,Bạn có chỗ trống trống tối nay không ?
下 个 周末 你 有 什么 事 吗 ？,Có tuần sau bạn có việc gì không ?
明天 早上 我 再 打 电话 问问 您 的 情况 。,sáng_mai tôi sẽ gọi lại cho bạn_mai .
他 在 睡房 里 。,Anh ấy ở trong phòng ngủ .
我 请求 过 帮助 。,Tôi đã giúp_đỡ giúp giúp_đỡ .
今天 的 比赛 会 因 下雨 取消 吗 ？,Trận_đấu hôm_nay trời mưa có hủy bỏ không ?
我 喜欢 那里 的 衣服 。,Tôi thích quần_áo của tôi .
我 想 要 条 裤子 。,Tôi muốn váy cái quần .
请问 ， 在 哪儿 打 电话 ？,"xin hỏi , ở đâu gọi điện_thoại ?"
马桶 不 冲水 。,Không có nước_hoa .
你 想 对 接线员 做 解释 吗 ？,Bạn có muốn giải_thích điều___ điều__ không ?
手续 很 简单 。,thủ_tục rất đơn_giản .
几 点 关门 ？,Mấy giờ đóng đóng_cửa ?
很 少 下雪 。,rất ít tuyết rơi .
你 有 准备 好 的 菜单 吗 ？,Bạn có thực_đơn thực_đơn nào không ?
大概 可以 保持 六 个 月 。,Khoảng có_thể giữ được một tháng 6 .
天气 预报 说明 天下 大 雪 ， 于是 学校 只 能 宣布 停课 一 天 。,"Dự_báo thời_tiết cho hai ngày_tuyết lớn ,_ trường_ chỉ có_thể__thể được__ ngày ngày ."
周六 怎么样 ？,Còn về việc_ thì sao ?
我 要 两 个 成人 的 一 个 儿童 的 。,Tôi muốn hai hai người trẻ_em cho người_lớn .
我们 上车 吧 。,chúng_ta đi xe .
我 怎么 可以 忘记 你 ， 一定 见面 。,"Làm_sao tôi có_thể quên bạn__ , nhất_định gặp_định ."
您 要 换 多少 啊 ？,ông muốn đổi bao_nhiêu ?
我 想 把 鞋 跟 修 一下 。,Tôi muốn sửa nó trong một_chút .
请 问 你们 可以 送 过去 吗 ？,Bạn có_thể đưa tôi đến đó không ?
那么 在 那儿 见面 怎么样 ？,thế đó như thế_nào ?
请 你 吃饭,mời bạn ăn cơm
你们 有治 头痛 的 药 吗 ？,Bạn có thuốc trị đau đầu không ?
请 带 我 去 看 医生 好 吗 ？,Bạn có_thể vui_lòng đến bác_sĩ được không ?
这个 还 有效 吗 ？,Bạn còn có hiệu_quả không ?
当然 ， 一直 沿 着 这 条 街 向 南 走 ， 它 在 街 的 左边 。,"Được chứ , , đường đi đường này đi phố này , nó ở bên trái ."
我们 想 饭后 要 咖啡 谢谢 。,Xin vui_lòng cho chúng_tôi muốn dùng cà_phê .
一些 小 事情 使 我 很 生气 。,Một_số nhỏ làm_việc tôi tôi rất tức_giận .
有 三 个 人 的 桌子 吗 ？,Có bàn cho ba người không ?
这 咬 one 口 。,Cái này có .
请 问 最近 的 自动 取款机 在 哪儿 ？,xin hỏi máy ATM gần nhất ở đâu ?
联合 航空 公司 。,Hãng hàng_không United .
"不 , 我 不 感 兴趣 , 谢谢 你 。","Không , tôi không cảm_tâm . Cảm_ơn bạn ."
早 知道 这样 我 就 不 来 了 。,Nếu biết trước như vậy thì tôi không đến .
我 穿 六 码 的 。,Tôi đã 6 6 .
"是 的 , 在 下 一 个 门 。","Vâng , nó ở cổng tiếp_theo ."
其实 并不 好 ， 我 能 读 ， 但是 我 说 得 不 好 ，,"Thật_ra cũng không tốt , tôi có_thể nói , tôi nói không tốt ."
慢走 ， 保重 身体 。,"Ăn từ_ , bảo_gìn sức_khoẻ ."
要是 你 有 时间 ， 就 来 我 家 玩 。,"nếu anh có thời_gian , thì đến nhà tôi chơi chơi ."
把 你 的 联系 地址 写 一下 。,Hãy ghi_chỉ liên_lạc của bạn .
阿雄 果真 要 搬家 了 ， 我 真 有点 舍 不 得 。,"Lừa__thương anh đi nhà nhà , thật__ tôi hơi__ không nỡ ."
我 的 行李 包括 在 自助游 里 吗 ？,Hành_lý của tôi có bao_gồm trong chuyến bay không ?
我 比较 喜欢 素食 餐馆 。,Tôi thích một nhà_hàng ăn_chay .
"当然 , 这 是 芥末 。","Vâng , đây là một tạc ."
我 正在 找 礼物 。,Tôi đang tìm một món quà .
老师 会 发疯 的 。,thầy_giáo sẽ phát_hành .
是 ， 明天 他 回来,"phải , ngày_mai anh ấy về lại"
它 一 碰 就 痛 。,Nó sưng đau .
我 要 报告 重要 文件 丢失 。,Tôi muốn báo_cáo một__lạc_bản .
学习 汉语,tiếng Hoa
你 的 航班号 是 多少 ？,Số chuyến bay của bạn là bao_nhiêu ?
你 可以 在 这里 等一会儿 吗 ？,Bạn có_thể chờ ở đây một_chút được không ?
能 给 我 一 瓶 健康 可乐 吗 ？,Bạn có_thể xin một một_ít nước_ ?
爷爷,con_
味道 怎么样 ？,Nó như thế_nào ?
在 这 卖 电话卡 吗 ？,Bạn có thẻ thẻ điện_thoại không ?
"我 要 出去 了 , 所以 我 来 取 它 。","Tôi phải đi ra ngoài , cho_nên tôi đến lấy nó ."
嗨 ! Kenji 。,"R , Kjiji ."
我 想 要 一 张 行军床 。,Tôi muốn mua một giường ngủ .
就 门 前 这 颗 柿子 树 来说 ， 这 间 民宅 至少 有 50 年 历史 。,"Theo ở ngay trước này , mà nói , mà này có hiệu__tích lịch_sử ."
不用 ， 吃 两 天 药 就 会 好 的 。,"Không , nó , hai hai thì sẽ sẽ tốt ."
请 发 紧急 电报 。,Xin vui_lòng gửi bức điện_tín khẩn_cấp .
太 好 了 ， 我们 都 是 商人 。,"Tốt quá rồi , chúng_tôi đều là người_ ."
广州,châu
我 是 B 型 血 。,Tôi là máu_B .
什么 时间 段 营业 ？,Thời_gian đóng_cửa lúc mấy giờ ?
我 很 渴 。,Tôi rất khát quá .
你 住 在 第几 楼 ?,Bạn ở lầu mấy ?
我 被 司机宰 了 。,Tôi bị mất tài_xế .
一 周 不 买 都 可以 了 。,Một tuần không không mua được nữa được không .
这 趟 列车 要 在 这里 停 多久 ？,Chuyến tàu này dừng lại ở đây bao_lâu ?
你 带 什么 珠宝 了 吗 ？,Bạn có mang theo__ không ?
在 地铁 里 我 的 钱包 被 偷 了 。,Tôi đã cướp ví tiền của ví trong xe_điện_ngầm .
张海迪 身残 志坚 ， 堪称 楷模 。,"Trương_Tam của__sĩ ,__ , ,_long_nhong ."
这个 邮件 我 想 寄到 台湾 。,Tôi__ này tôi muốn gửi đến đài_ .
"如果 你 看到 VACANCY 的 标志 那 说明 这 是 辆 空车 , 如果 看到 ENGAGED 的 标志 则 说明 这 辆 车 有 人 了 。","Nếu bạn thấy thấy ""___ "" , bạn__ "" , "" ,_ đó ,_ "" ,___ , , "" , nhưng "" có_______________________ ."
您 有 现金 信用卡 还是 支票 付 ？,Bạn có thẻ tiền_mặt hay thẻ tín_dụng ?
你 一定 会 运送 它们 的 对 吧 ？,Bạn nhất_định sẽ làm gì đúng không ?
我 会 再 来 。,Tôi sẽ trở_lại .
这个 期星 六 是 小 红 的 生日 ， 你 去 她 家 吗 ？,"Thứ_bảy này là sinh_nhật của tiểu Hồng Hồng , bạn đến nhà cô ấy không ?"
青菜 好吃,món ăn ngon
他 住 在 第四 层 。,anh ấy sống ở tầng thứ 4 .
我 知道 我 该 为 你 做 什么 。,Tôi biết tôi nên làm gì bạn cho bạn .
这个 有 小点 尺寸 的 吗 ？,Bạn có cái này cỡ nhỏ hơn không ?
我 在 平安 里 坐 汽车 。,Tôi đón xe_buýt tại sân_bay .
今天 十月 八号 星期日 。,hôm_nay ngày ngày tháng 10 ngày ngày .
再见 ， 明天见 。,"tạm_biệt , ngày_mai gặp ."
我 已经 付 钱 了 。,Tôi đã trả phí .
如果 我们 找到 你 的 行李 要 送到 什么 地方 呢 ？,Chúng_tôi sẽ_thể tìm hành_lý của bạn tìm thấy chúng_tôi tìm thấy ?
哦 这个 真 漂亮 。,"Ồ , nó thực_sự đẹp ."
雪后 开车 要 分外 小心 。,T_ơn hãy cẩn_thận ra ngoài .
我 比 他 大 十 岁 。,tôi cao hơn anh ấy tuổi .
哎呀 ， 累死 了 ！,"ái_chà , mệt quá đi !"
我 晚点 到 但是 请 保留 我 的 预约 。,Tôi sẽ đến nhưng nhưng nhưng tôi giữ_ đặt chỗ đặt trước của tôi .
这 家 百货 公司 什么 时候 不 售 卖 东西 了 ？,Nhà_hàng này bán bán bán không bán bán hàng_không ?
我们 觉得 做 生意 太 难 。,Chúng_tôi cảm_thấy làm kinh_doanh rất khó .
我 的 珠宝 被 偷 了 。,L của tôi bị bị mất_cắp .
他 的 钥匙 找到 了 吗 ？,Bạn có chìa khóa của anh ta chưa ?
你 试 一下儿 吧,bạn thử một_chút đi
你 能 夜 查查 电池 吗 ？,Bạn có_thể kiểm_tra pin pin được không ?
演出 结束 了 吗 ？,Bạn đã có kết_thúc không ?
联合 航空 公司 828 次 航班 是 在 这个 门 吗 ？,Đây có phải cổng cổng cho chuyến bay UA_82 không ?
你 毕业 后 会 回 加利福尼亚 吗 ？,Bạn sẽ tốt_nghiệp tới California chưa ?
对 不 起 打扰 一下 请 问 有 到 市区 的 巴士 吗 ？,"Xin_lỗi , nhưng có_thể xe_buýt đến__ trung_tâm thành_phố không ?"
城墙 在 哪 ？,C__ đâu ?
要 笔 吗 ？,Tôi có phải không ?
是 啊 ， 我 觉得 发音 有点儿 难 。,"Vâng à , tôi cảm_thấy phát__âm hơi ."
我们 能 确保 在 收到 你们 的 订单 后兩 星期 内 让 你们 收到 全部 货品 。,Chúng_tôi có_thể xác_nhận các bạn đặt_hàng của các bạn đặt các bạn_bộ đến các bạn_hàng_bộ đến__hàng .
请 加上 一 丁 点 芥末 。,Làm_ơn cho một t mù_tạt .
那 太 好 了 ， 我们 几 个 人 都 喜欢 昌 卡拉 。 。,"Thế tốt quá rồi , chúng_tôi hầu_ người đều thích ."
你 能 帮 我 找 一 下 吗 ？,Bạn có_thể tìm cho tôi một không ?
你 来 面试 如果 达到 他们 的 要求 就 行 了,"bạn đến phỏng_vấn , bạn đã đến_lại là_ là được rồi"
我 的 眼睛 里 有 东西 。,Mắt của tôi có đồ có .
您 得 重 感冒 了 。,ông bị cảm cảm cảm .
"我 喜欢 仁厚 ， 乐观 , 勤快 的 人 。","Tôi thích người sống hiền_hậu , lạc_hậu , siêng_năng ."
之所以 大家 这样 说 ， 是 因为 要 想 对 你 好 而已,"Trong___ mọi người nói thế , vì vì muốn muốn muốn nói bạn tốt mà bạn"
我 喜欢 自然 生态 。,Tôi thích tự_nhiên__ .
祝你 和 家人 幸福 ， 再见 了 .,"Chúc bạn và người_nhà hạnh_phúc hạnh_phúc , tạm_biệt đây ."
晕船,thuyền
你 好 ！ 我 想 看 医生 。,"Chào , tôi muốn gặp bác_sĩ ."
把 你 自己 的 衣服 洗 干净 。,Hãy giặt sạch quần_áo của bạn sạch sạch .
你 的 论文 很 有 独创性 。,Bài luận_văn của bạn rất có tính_tạo .
去 动物园 哪 条 路 近 ？,đi đến đường nào đến đường_ ?
自己 用 的 。,Nó sử_dụng nó .
不 包括 早餐 和 正餐 。,Không có bao_gồm ăn sáng và bữa ăn .
浴缸 的 塞子 坏 了 。,Nút bồn_tắm bị hỏng .
请 稍 等 我 整 一下 。,Xin vui_lòng chờ tôi tôi .
一 晚 。,Một đêm .
请 打开 你 的 包 。,Hãy mở_lòng giữ hành_lý của bạn .
这些 是 日本 饼干 。,Đó là những cái__ Nhật_Bản .
一 天 。,Một ngày .
您 能 帮 我 检查 一下 轮胎 吗 ？,ông có_thể kiểm_tra kỹ xe được không ?
航空 邮件 谢谢 。,Làm_ơn bằng đường_hàng_không .
今天 的 温度 是 二十五 到 三十 度 。,Nhiệt_độ hôm_nay là 25 độ 30 độ .
就 餐前 你 要 喝 一 杯 吗 ？,Bạn có muốn uống gì nếu bạn uống không ?
有 长 一点 的 吗 ？,có cái nào hơn 1 chút không ?
有别 的 选择 吗 ？,Có có nào khác không ?
书包 被 孩子 背 走 了 。,Quyển sách lên bị bị con con rồi .
可是 我 忘 了 你 的 电话 号码 .,Nhưng tôi quên số điện_thoại của bạn rồi .
从 长远 来 看 ， 我 建议 你 制定 长期 有效 的 锻炼 计划 。,"Từ từ_từ đến thăm , tôi đề_nghị bạn có kế_hoạch kế_hoạch của bạn trong thành_phố ."
你 想 在 哪里 见面 ？,Bạn muốn gặp ở đâu ?
那 现在 我 先 替 您 洗头 吹干 ， 下 星期 您 再 来 烫发 吧 。,"hiện_giờ tôi hiện__ giặt đầu_tiên rồi , tuần sau ông lại lại nhe ."
请进 ， 请 过 这 席 坐 。,"mời vào , mời qua đây này ."
谁 先 来 ？,ai đến trước ?
今年 夏天 你 打算 出外 旅游 ， 是 吗 ？,"năm nay bạn dự_định đi du_lịch , đúng không ?"
请 问 ， 你 在 美国 什么 公司 工作 ？,"Xin hỏi , anh làm_công ở công_ty Mỹ nào ?"
但是 这 不 会 很 贵 吧 ？,"Nhưng , không biết không đắt lắm ."
请 给 我 说 一下 我们 什么 时候 到 波士顿 。,Xin vui_lòng cho tôi biết khi chúng_tôi đến Boston .
太 吵 了 。,Ồ quá ồnàoào .
市场 升价 了,chợ thị_giá_
你 怀孕 了 ？,anh bị đánh_ ?
我 对 牛仔裤 和 套装 裤子 感 兴趣 。,Tôi thích quần_jean và một bộ__ quần_áo .
哦 我 想 晚上 七点 左右 吧 。,"Ồ , tôi muốn khoảng 7 giờ tối ."
请 来 些 零 钱 。,Làm_ơn cho một_ít tiền_lẻ nhỏ .
我 感觉 冷 恶心 。,Tôi cảm_thấy ớn lạnh .
隔壁 太 吵 。,Họ kế_ào quá ồn_ào .
我 希望 天 会 变 好 。,Tôi hy_vọng trời sẽ sẽ tốt hơn .
特快 的 票 只 能 用 在 你 预订 的 车上 。,Vé__năng có_thể dùng lên xe của bạn đặt trước một bạn đặt trước .
编剧,vở_kịch
请进 ， 等 一下儿 吧 ， 我 爸爸 去 外面 了 。,"mời vào , đợi một_chút , tôi tôi đi ra ngoài rồi ."
"好 的 , 不 知道 电影 的 内容 非常 难以 决定 。","Được , không biết một__dung__ có rất nhiều ."
如果 你们 找到 了 请 把 它 寄到 日本 。,"Nếu bạn tìm thấy nó , bạn đến Nhật_Bản , bạn đi gửi nó đến Nhật_Bản ."
开始 演 节目 了 。,Bắt_đầu đã bị_ .
最好 有 一些 微风 。,"Có , có một_số gió__ ."
班机 什么 时候 到 罗马 ？,Khi nào chuyến bay đến Ronon ?
你 换 多少 ？,Chị đổi bao_nhiêu ?
这 是 小费 。,Đây là tiền boa .
我 现在 还 可以 ， 但是 今天 上午 我 出 了 场 车祸 。,"Bây_giờ tôi có_thể , nhưng hôm_nay tôi đã bị__nạn ."
好 舒服 ， 很 感 谢你,"được_ , , rất cám_ơn"
你 可以 打 电话 给 我 ， 我 去接 你 。,"Bạn có_thể gọi điện cho tôi , tôi đi đón bạn ."
谁 ？,ai ?
你 有 预约 吗 ？,Bạn có đặt chỗ không ?
我 不 能 喝 任何 含糖 的 饮料 。,Tôi không uống bất_cứ thứ gì có .
门锁 不 好 。,cửa_ cửa_ không tốt .
我 每 周 上 二十七 节 课,tôi mỗi tuần học tiết_
"尽力 尝试 , 如果 你 不 试试 怎么 能 确定 没有 票 。","Mặc_dù tốt_thông , , không không_thể không___ không_thể không được vé ."
空气 格外 清新 ， 天空 格外 湛蓝 。,"Máy_khí___ ,_ , ngày______ chán ."
房子 用 kadomatsu 和 okazari 装饰 起来 虽然 这样 做 已经 有些 过时 了 。,"Ngôi_ "" ""__ , và đã được làm__ trong cuộc gọiy ."
那 明天 晚上 怎么样 ？,Tối mai thì sao ?
你 迟到 ， 他 走 了,"bạn đến , , anh ta đi rồi"
我们 坐 什么 交通 工具 ？,Chúng_ta sẽ_______phẩm nào ?
哦 ， 我 明白 啦 。,"Ồ , tôi hiểu rồi ."
请 打 一一九 电话 求助 。,Làm_ơn gọi một số điện_thoại .
我 有 五 盒 烟 。,Tôi có năm hộp .
高点 的 镜子 在 哪 ？,Phòng ăn ở đâu ?
听说离 这儿 不 远 有 银行 可以 换 钱,nghe nói tiếng Hoa không xa có ngân_hàng có tiền tiền đổi tiền
我 今年 三十五 岁 。,Tôi năm nay 35 tuổi .
这 是 什么 ？,đây là cái gì ?
你 打开 盒子 看看 。,Bạn mở cửa_ hộp .
请 问 ， 去 第十五 号 病房 怎么 走 ？,"Xin hỏi , đi đến phòng sốbệnh có số__nào ?"
墙 上 挂 着 几 张 父母 结婚 时 的 照片 。,Nó nằm kế bên trong những người bạn__ .
请 问,xin hỏi
大约 三十 美元 吗 ？,Khoảng khoảng ba mươi đô_la phải không ?
不 是 ， 下 个 星期 我 才 去,"không phải , tuần sau tôi mới đi"
我 想 去 波士顿 城市 博物馆 。,Tôi muốn đi đến Bảo_tàng thành_phố .
有 人 会 弹 钢琴 吗 ？,Có ai nào chơi đàn_-n không ?
你 每 天 几 点 去 上班 ?,mỗi ngày bạn đi làm đi làm mấy giờ ?
是 个 大 的 皮革 包 。,Đó là một túi da lớn da lớn .
我 在 这里 度假 。,Tôi nghỉ nghỉ_việc ở đây .
你 能 告诉 我 你 都 经营 什么 类型 的 商店 吗 ？,Bạn có_thể cho tôi biết những cửa_hàng nào_ bạn không ?
我 走 了 ， 谢谢 你 的 招待 。,"tôi đi rồi , cám_ơn của bạn ."
我 想 要 件 长大衣 。,Tôi muốn một chiếc áo len dài dài .
如果 你 找到 我 的 行李 请 送到 这个 地址 。,Xin vui_lòng gửi hành_lý của tôi đến khi bạn đến lấy hành_lý này .
我们 给 你 带来 一些 吃 的 。,Chúng_tôi sẽ mang một_số món ăn .
姐姐 既 不 是 医生 又 不 是 护士 。,Chị_gái không không phải không bác_sĩ phải .
前台 的 号码 是 什么 ？,Số quầy tiếp_tân là gì ?
能 给 我 优惠票 吗 ？,Bạn có_thể giảm vé cho tôi không ?
长途 汽车 后面 是 吸烟室 。,Nhà_xe phía sau là phòng__ .
我 已经 走 过 很多 次 了 。,Tôi đã đi nhiều lần rồi .
据说 豆腐 起源于 二千 年 前 的 中国 。,"Được biết ,___ Trung_Quốc cũng hai năm trong năm ."
有 我 的 包裹 吗 ？,Có gói của tôi không ?
这 是 你 的 钱,đây là tiền của bạn
没有 迷你 酒吧 。,Không có rượu_vang rượu .
你 家 的 电脑 联网 了 吗 ？,Nhà_hàng bạn đã có một__ không ?
我 有时 晚上 十一点 睡 ， 有时 十一点半 睡 。,"Tôi lúc 11 giờ giờ sáng , lúc 11 giờ 30 sáng ."
先生 ， 你 要 帮忙 吗 ？,"tiên_sinh , bạn cần giúp gì không ?"
请 挂断 我 会 给 你 回 电话 。,Xin vui_lòng giữ lại cho tôi .
我 老公 也 这样 说 。,Ông_xã tôi cũng nói như thế .
我 要 在 总站 下 。,Tôi sẽ ở lại trong xe_buýt .
你 要 留话 还是 稍后 再 打来 ？,Bạn muốn để lại hay hay sau sau ?
号码 是 4223175 。,Số_là 425 .
恐怕 我 今晚 没有 时间 。,E rằng tối nay tôi kg rảnh kg .
快车 在 圣地亚哥 停 吗 ？,Nó có dừng lại ở San_Diego phải không ?
那么 ， 你 试打 给 我 看,"vậy , bạn thử đánh cho tôi xem"
请 给 我 拿 本 相簿 。,Làm_ơn cho tôi một cuốn sách .
你 说 自由 女神像 值得 一 看 吗 ？,Bạn có biết rằng bạn_gái có__ xem xem xem xem không ?
我们 能 要 两 个 一起 的 座位 吗 ？,Chúng_tôi có_thể đặt hai chỗ ngồi cùng nhau được không ?
你 愿意 等一会 吗 ？,Bạn có muốn chờ lúc không ?
你 公司 在 哪儿 ？,công_ty của bạn ở đâu ?
你 有 特殊 技能 吗 ？,Bạn có kỹ_năng đặc_biệt nào không ?
他们 俩 青梅 竹马 以后 一定 会 幸福 的 。,Họ họ__định sẽ nhất_định sẽ nhất_định sẽ hạnh_phúc .
有 衣帽 间 吗 ？,Có nhà_vệ_sinh không ?
我 能 再 看下 这 本 书 吗 ？,Tôi có_thể xem cuốn sách này được không ?
你 向来 好 吗 ？,Bạn có_thể đến được không ?
11 号 的 票 卖 完 了 .,Vé ngày 11 đã bán hết rồi .
去 海滨 在 哪 下车 ？,Tôi nên xuống ở đâu để đi đến vậy ?
让 我 看看 你 的 票 。,Hãy tôi xem xem vé của bạn .
他 出去 休息 了 。,Anh ấy ra ngoài nghỉ_ngơi .
明天 要 是 下雨 ， 我 就 不 去 了 。,"Nếu ngày_mai mưa , tôi sẽ không đi ."
像 你 这样 的 前卫 人士 一定 会 喜欢 嬉皮士 的 绘画 和 街头 音乐 。,Bạn đã__hợp với bạn___ bạn thích nhất_____________ và phương_ngo .
请 打 领带 好 吗 ？,Bạn có_thể đeo cà_vạt và cà_vạt được không ?
好 的 ， 待会儿 聊 。,"Được , một__ ."
这个 价格 包括 午餐 吗 ？,Giá này có bao_gồm ăn trưa không ?
没 问题 。,Không có vấn_đề gì .
积雪 盖 顶 的 那 座 山 叫 什么 名字 ？,Tên của núi_ đó của tên là gì ?
离 下 个 聚会 还 有 两 个 多 星期 ，,"Đi cách và một_ còn hai tuần sau , tuần ,"
我 喉咙痛 得 厉害 。,Tôi bị đau cổ_họng .
这个 是 给 我 未婚妻 的 一 个 生日 礼物 。,Đây là một món quà cho một món quà của tôi .
这个 太 大 了 。,Cái này lớn quá .
这个 地方 到处 都 是 人 不 是 吗 ？,Nơi này nơi này đều là nơi_ phải phải không ?
你 能 从 后面 帮 我 把 带子 绑紧 吗 ？,Bạn có_thể mang_lòng mang theo tôi tôi ở lại sau được không ?
我们 要 准备 什么 呢 ？,Chúng_tôi sẽ chuẩn_bị gì ?
旅行 还 是 一 种 学习 汉语 的 好 方法 。,Séc du_lịch là một loại cách tốt nhất để học tiếng Hoa .
那 我 要 两 件 。,vậy tôi tôi 2 2 cái .
两百十万 。,20000 .
这 趟 列车 每 站 都 停 吗 ？,Chuyến tàu này có dừng lại ở ga nào ?
怎么 ？,sao thế_nào ?
我 经常 等 着 拿到 我 父母 家 里 洗 。,Tôi thường chờ_ vào những ba_má tôi ba_má .
请 注意 。,Xin chú_ý .
我 要 一 块 。,tôi muốn 1 đồng .
这个 项目 很 复杂 我 想 回 日本 后 再 想想 。,"Kán này này rất hoạt_động , tôi muốn về nó về Nhật_Bản ."
这个 模型 可以 做 得 更加 便于 使用 。,K_ này này có_thể làm được sử_dụng .
你 今天 要 做 头 吗 ？,Bạn có muốn làm đầu_ không ?
他 是 一 个 性格 很 好 的 人 。,Anh ấy là một người có tính_cách tốt .
请 不 要 折 这 封信 因为 里边 有 相片 。,Xin_ơn đừng giảm giá này trong trong__ này .
水路 谢谢 。,Xin vui_lòng cho một_ít .
你 怎么 了 ？,sao bạn sao ?
是 不 是 他 忘 了 ？,có phải anh ta quên rồi ?
你 有 今晚 或 明天 的 散座 位 。,Bạn có một người___mát vào ngày_mai .
大厅 后面 有 一 个 。,Có một cái ở phía sau phía sau .
苏珊 。,Susan .
我 想 我们 有 。,Tôi nghĩ chúng_tôi có .
我们 必须 点 on 道 完整 的 菜 吗 ？,Chúng_ta phải đặt món ăn món đồ__ món món ăn .
我 想 喝 杯 啤酒 ， 你 呢 ？,"tôi muốn uống bia bia , còn bạn ?"
我 好 羡慕 你 啊 ！,Tôi rất ngưỡng_mộ anh !
从 某 种 角度 来说 ， 这 次 的 消防 演习 还是 有 必要 的 。,"Từ loại_t mà nói , mà , những cái này có_vẻ như vậy____ ."
你 觉得 他们 的 性格 怎么样 ？,Bạn thấy tính_cách họ như thế_nào ?
你 填好 后 下 周 交上 来 。,Bạn điền vào sau khi tuần sau khi nộp nộp tuần tới .
你 是 加拿大 什么 地方 的 人 ？,Bạn đến từ nơi nào của bạn ?
工作 怎么样 ？,công_việc như thế_nào ?
那 有 一 个 港口 博物馆 和 一 个 购物 中心 。,Có một cái__tàng_tàng và một khu_sắm mua_sắm .
我们 马上 去 洗 ， 将 在 明天 下午 洗 好 。,"Chúng_ta sẽ đi ngay bây_giờ , sẽ ở vào buổi chiều ."
我 不 懂 这个 。,Tôi không_thể_ cái này .
我 也 不 忙 。,tôi cũng không bận .
好 家伙 这里 的 选择 可 真的 很多 。,"Được rồi , sự lựa_chọn của thật đáng rất nhiều ."
你 记得 是 怎么回事 吗 ？,Bạn có nhớ gì___ việc gì không ?
你 姓 什么 ?,Họ họ gì ?
头发 长 了 很多 。,tóc dài dài rồi rất nhiều .
挂 在 窗子 旁边 吧 。,treo kế bên cửa_sổ đi .
你 去 看看 通知 吧 。,bạn đi xem thông_báo đi .
你 要 选 哪 种类 ？ 白色 的 还 是 黑色 的 ？,Bạn muốn chọn loại nào ? màu trắng hay_là màu đen ?
寺院 在 哪 ？,Nhàiếu_viện nằm ở đâu ?
我 的 体重 大概 是 一百五十 磅 左右 。,Con_ nặng của tôi là khoảng năm mươi phút .
你 可能 关心 的 是 这 种 微机 。,Có_lẽ bạn đã có loại là loại___ .
请假 休息 到 星期二 并且 别 吃 太 多 。,Hãy nghỉ_ngơi cho đến thứ ba và bữa ăn tối .
103 号 房间 。,Phòng số phòng .
将来,thứ
我 母亲 明天 会 出院 了 ， 多谢 您 治好 了 她 的 病 。,"Ngày_mai mẹ tôi sẽ xuất_viện , cảm_ơn anh đã trị bệnh bệnh cho bà ."
我 想 要 些 零 钱 。,Tôi muốn một_ít thay_đổi .
你 几 点 吃午饭 ？,mấy giờ ăn trưa trưa ?
你 推荐 哪 种 运动 竞赛 ？,Bạn khuyên loại thể_thao nào nào ?
这 是 我 票 的 一 个 复印件 。,Đây là một__ vé của tôi .
这 份 牛排 我 吃 起来 太 硬 了 。,Tôi rất thích món ăn này và tôi__ .
"就 一 句 话 , 我 喜欢 你 。","Chỉ một lời . Tôi , tôi thích bạn ."
多 长 时间 把 这些 衬衫 弄好 ？,thời_gian bao_lâu để ủi sơ_mi này ?
我 真的 不 知道 要 做 什么 。,Tôi thực_sự không biết làm gì .
我 能 请 你 喝 杯 饮料 吗 ？,Tôi có_thể uống đồ uống uống không ?
我 有 一 个 金属 的 骨丁 。,Tôi có một người__viên .
我 想 要 杯 橘子汁 。,Tôi muốn một ly nước cam .
6：30 之前 必须 到 。,Chính_xác là 11 giờ 30 .
Shodo 是 书法 的 一 种 艺术 形式 。,Saio_o_ là một loại loại___ của__ .
我 想 取 我 的 贵重 物品 。,Tôi muốn rút_giá đồ quý_giá của tôi .
谢谢 你 。,Cảm_ơn bạn .
我 会 把 它 给 你 放 在 行李 架上 。,Tôi sẽ mang nó cho bạn trong hành_lý .
能 取消 我 往东 京挂 的 电话 吗 ？,Tôi có_thể có số điện_thoại của tôi_ không ?
这 两 道 题 用 的 是 同样 的 计算 公式 。,Hai đường này dùng loại bằng cách nào là tính_ .
如果 明天 可以 去 玩 真 喜欢,nếu ngày_mai có_thể đi chơi một_chút
你 能 马上 把 它 重新 发行 吗 ？,Bạn có_thể gửi nó ngay bây_giờ không ?
请 你 节哀 。,xin ông_lòng cho bạn .
吃喝 时 发出 响声 是 不 礼貌 的 。,Các ăn_không phát______hiện không__thể .
这 是 什么 公园 ？,Đây là công_viên là gì ?
去 维多利亚 车站 坐 哪 辆 巴士 ？,Tôi xe_buýt nào đến đến bến_gae_Ce ?
能 另外 给 我 拿 个 碟子 吗 ？,Bạn có_thể mang cho tôi một cái đĩa không ?
你 要 打到 哪儿 ？,bạn muốn gọi đến đâu ?
结婚 花车,xe hoa
你 能 为 我 预定 一 个 九月 十八 号 晚上 的 房间 吗 ？,Bạn có_thể đặt chỗ cho tôi một phòng vào ngày mười tháng 10 vào ngày mười tháng 10 được không ?
事实 上 我 正在 来 例假 。,"Thực_ra , tôi đang đi nghỉ_việc ."
你 有 轻 一 点 的 吗 ？,Bạn có cái nào hơn hơn không ?
有 几 个 包 ？,có mấy túi bao_nhiêu ?
请 问 你 能 说 的 稍微 慢 点 吗 ？,Bạn có_thể vui_lòng nói chậm hơn một_chút được không ?
他 经常 不 按时 吃饭 ， 因此 得 了 胃病,"anh ta thường không không vừa ăn cơm , ,__ bị bệnh bị đau"
在 座位 底下 。,Nó ngồi ở dưới .
谢谢 你 的 帮助 。,Cảm_ơn sự giúp_đỡ của bạn .
这 是 二十 美元 请 找 我 两 美元 。,"Đây là hai mươi đô_la , và hai tôi ."
到 车站 要 多 长 时间 ？,Mất bao_lâu để đến nhà_ga ?
你 可以 给 我 量量 吗 谢谢 ？,Bạn có_thể vui_lòng đưa tôi được không ?
九十五 美分 。,Một xulăm xu .
能 给 我 个 螺丝 起子 吗 ？,Tôi có_thể có một chiếc gối không ?
请 问 ， 你 在 英特尔 什么 部门 工作 ？,"Xin hỏi , anh đang làm_việc ở nhà__ ?"
你 太 客气 了 。,Bạn quá khách_sáo .
我 喜欢 享受 海风 。,Tôi thích tận_hưởng gió biển .
为什么 这么 问 我 ？,Tại_sao bạn hỏi như vậy ?
我 应该 什么 时候 到 车站 ？,Tôi nên đến nhà_ga lúc mấy giờ ?
听到 这个 消息 ， 我 就 放心 了 。,Nghe tin này tôi yên_tâm rồi .
去 芝加哥 的 列车 是 从 第五 月 台 发车 吗 ？,Đây có phải là xe_lửa đến từ ga từ ga từ ga_ ga không ?
这里 太 湿 了 ， 我 可以 换 舱 吗 ？,"Ở đây quá quá , tôi có_thể đổi v không ?"
那边 。,Có đằng kia .
你 能 给 我 把 这个 打包 吗 ？,Bạn có_thể làm cái này cho tôi được không ?
你 家 有 什么 人 ？,nhà bạn có người người ?
几点,mấy giờ ?
你 能 告诉 我 游客 信息处 在 哪 吗 ？,Bạn có_thể cho tôi biết nơi tôi có_thể tìm thấy ở đâu ?
夫人 这 是 洗衣 服务 。,"Bà , nó là dịch_vụ giặt ủi của bạn ."
麻烦 你 给 我 看别 的 。,Xin vui_lòng cho tôi xem cái khác .
我 想 干洗 这些 衣服 。,Tôi muốn giặt sạch quần_áo này .
这 是 一 个 适合 给 你 的 家人 买 礼物 的 地方 。,Đây là nơi nào tốt cho bạn_trai của bạn .
哦 他 留 了 。,"Ồ , nó đã để nó ."
我 想 八点 结账 。,Tôi muốn trả phòng .
我们 今天 有 蔬菜 通心粉 汤 芦笋 乳酪 汤 和 蔬菜汤 。,"Chúng_tôi có một_số món_mon , và__chua và rau_ và rau cải ."
没有 特别 的 宗教学 说 。,Không có một__giáo nói__biệt .
我 找 不 到 我 想 要 的 东西 。,Tôi không_thể tìm thấy thứ gì tôi muốn .
有 ， 你 所 要 做 的 就 是 洗头 和 吹风 。,"có , bạn mà cần làm điều_kiện và và ."
你 那么 忙 ， 不 用 送 我 了 。,"Anh bận như thế , không cần tiễn tôi ."
我 想 尝尝 这个 城市 的 特色菜 。,Tôi muốn thử món ăn của thành_phố này .
我 没 要 这个 菜 。,Tôi không muốn món món này .
那里 的 工作 人员 可以 帮 你 。,Công_việc ở đó có_thể giúp bạn .
你 这里 有 分期 付款 吗 ？,Bạn có trả tiền__óp không ?
我们 家 那条 胡同 比 这 条 窄,nhà chúng_tôi h ở đó kia với cái kia
认识 您 ， 我 也 很 高兴 。,"quen_biết bạn , tôi cũng rất vui ."
你 怎么 来 了 ？,sao bạn đến đây ?
这 条 路 去 哪 ？,Con đường này đi đến đâu ?
抓 小 偷 。,Tiểu_cắp nhỏ .
在 这里 。,Ở đây .
这 件 事情 ， 起先 我 有些 不 通 ， 后来 才 懂,"việc_việc này , có_thể tôi tôi không có , sau đó , sau đó mới hiểu"
我 可以 要 些 果酱 吗 ？,Tôi có_thể xin một_ít nước trái_cây được không ?
三 个 月 定期 的 利息 是 百分之零点六 。,"Lãi_suất là 0 , 6% cho định_kỳ 3 tháng ."
可是 月薪 也 不错,nhưng tháng_ cũng cũng tệ tệ
船进港 后 我 能 去 观光 吗 ？,Tôi có_thể đi tham_quan đến khi tham_quan được không ?
你 能 帮 我 按 停止 按钮 吗 ？,Bạn có_thể giúp tôi dừng lại lời không ?
你 结婚 了 没有 ？,bạn kết_hôn chưa ?
你 看好 不 好 ， 很 适合 你 。,"Chị coi được không , rất hợp với chị ."
苹果 一 块 钱 一 斤 。,táo 1 đồng tiền 1 cân .
她 是 谁 ？,Cô ấy là ai ?
别 担心 ， 我 不 会 把 它 摔到 的 。 哇 ！,Đừng lo . Tôi sẽ không nó nó . .
有 人 招待 你 吗 ？,Có ai nào đó không ?
我 要 寄快递 。,Tôi muốn gửi thư__hành .
我 想 和 306 房间 的 Gojo 先生 说话 。,Tôi muốn nói_chuyện với ông Wati__ .
真 不 好意思 ， 今天 我 的 脚 疼 了,"thật áy_náy , hôm_nay tôi bị đau rồi"
最近 忙 什么 ？,Điều gì bận_rộn ?
除了 你 以外 ， 大家 不 会 做饭,"ngoài bạn ra , , mọi người không biết nấu_ăn"
你 有 半 瓶 红 酒 吗 ？,Bạn có rượu_vang đỏ không ?
请 说明 一下 。,Xin vui_lòng giải_thích nó .
我 想 再 来 一 杯 茶 。,Tôi muốn thêm một tách trà .
在 平盛郡 第七 坊黎 直 街 十二 号 巷 二十一 号 。,"ở số 397 số_lộ số số 4 số 25 , số số 25 ."
这 双 皮鞋 多少 钱 ？,đôi giày này bao_nhiêu tiền ?
Giant 行程 难 吗 ？,Mai có được không_C_l phải không ?
想 吃 什么 就 给 她 送去 。,muốn ăn gì sẽ cho cô ấy sau cô ấy .
请 你 自便 。,xin bạn tự_nhiên .
我 完全 明白 了 。,Tôi hoàn_toàn hiểu .
很 好 ， 足够 地 答应 大学生 的 生活,"rất tốt , cho__tôi rất__sống sinh_sống"
你 能 这么 想 我 真的 很 欣慰 。,Bạn nghĩ nghĩ như vậy tôi nghĩ là rất buồn_
从 这儿 一直 走 ， 能 到 富润 吗 ？,"từ đây đi thẳng , có_thể đến nhà__ không ?"
是 的 。 第一 次 。,"Vâng , . lần đầu_tiên ."
它 现在 已经 扎根 在 日本 的 饮食 习惯 中 了 。,Bây_giờ đã đã được đặt_hàng Nhật_Bản ở Nhật_Bản .
这个 出租车 可以 吗 ？,Xe này có được không ?
欢迎 你们 来 参加 我们 的 今天 会议,hoan_nghênh các bạn đến tham_dự hôm_nay của chúng_tôi
多谢 你们,cám_ơn các bạn nhiều
"是 的 , 我 认为 适合 你 。","Vâng , tôi nghĩ vậy bạn ."
你 要 想 清楚 在 说 。,Bạn nên nghĩ kĩ trước khi nói .
最 好 的 方法 是 住 在 国外 。,Cách tốt nhất là cách đây là ở nước .
我 不 知道 澳洲 的 尺码 。,Tôi không biết kích_thước của các kích_ .
"沿 这 条 路 走 下去 , 在 第二 个 信号 灯 左转 。","Đi xuống con đường này , rẽ trái tại nhà_hàng thứ hai ."
我 在 哪儿 可以 发 这 封信 ？,tôi có_thể gửi lá thư này ở đâu ?
你 的 专业 是 什么 ?,chuyên_ngành của bạn là gì ?
那么 哪 条 路 可以 去 ？,Vậy đường nào đó có_thể đi ?
我们 大约 三十 分钟 后 再 来 。,Chúng_tôi sẽ khoảng ba mươi phút sau khoảng ba mươi phút .
费用 是 八 美元 。,Giá vé là 8 đô_la .
我 有 很多 朋友 ， 有的 是 公司 职员 。 有的 当 老师 ， 有的 是 工人 。,"Tôi có rất nhiều bạn , có người là nhân_viên của công_ty . có người làm giáo_viên , có người làm công_nhân ."
卖给 我 五 量,bán cho tôi 5 5
我 想 去 看 职业 英式 足球 比赛 。,Tôi muốn xem một trận bóng_đá__ .
好 的 先 要 个 河 虾 沙拉 。,"Được rồi , sẽ dùng một món ăn ."
我 会 等 您 的 电话 。,Tôi sẽ chờ_hiện cuộc gọi của bạn .
拿 这 凭单 来 这儿 ， 就 可以 取 衣服 了 。,"Lấy này_đ này đến đây , có_thể rút quần_áo ."
戏院 的 优点 在于 我们 可以 看见 整个 舞台 。,"Một_cả hành_viện , chúng_tôi có_thể thấy một_số người ăn_hàng ."
我 是 Sato 。,Tôi là Sato .
第一 场 在 什么 时候 ？,Trận_ đầu_tiên ở đâu khi nào ?
在 哪 个 部门 ？,Nó có_thể ở đâu ?
如果 阿霞 爱 吃 巧克力 ， 我 就 多 买 几 盒 送给 她 。,"Nếu tôi thích ăn thích_cô_la , tôi sẽ mua vài vài nhiều tặng ."
可以 把 二十 美元 换成 一 美元 的 吗 ？,Bạn có_thể đổi hai đô_la thành một đô_la một đô_la không ?
请 给 我 拿 些 胡椒 好 吗 ？,Làm_ơn cho tôi một_ít tiêu không ?
"不 , 我 没 什么 需要 申报 的 。","Không , tôi không có gì gì khai_báo ."
毕加索 最 伟大 的 杰作 。,Đấu__ đang là con_trai của .
我 要 一 杯 JackDaniels 。,Tôi sẽ dùng một lypelelkel .
"嗨 , 我们 好像 是 邻居 。","H , chúng_ta dường_như là là__ ."
我 可以 知道 你 的 电话 号码 吗 以防万一 ？,Tôi có_thể biết số điện_thoại của bạn để để được không ?
在 越南 ， 要 数 大叻 的 气候 最 好 。,"ở Việt_Nam , phải là những khí_hậu lớn nhất của nhất_ ."
近 吗 ？,gần không ?
您 哪儿 不 舒服 ？,ông đâu không thoải_mái ?
夏 龙湾 是 一 个 被 国际 公认 的 名胜 古迹 。,Một_số bức__ là một danh_lam_thắng_cảnh của quốc_tế ._tế .
我 被 他 气 着 了 。,Tôi bị đau khí_đ .
给 我 五 个 。,Cho tôi cái 5 .
吉姆 ， 我 听 说 你 去 圣地亚哥 旅游 啦 ， 是 真的 吗 ？,"James , tôi nghe nói bạn đi du_lịch tới San_lịch , đúng không ?"
这 是 去 芝加哥 的 列车 吗 ？,Xe_buýt này có đi đến Chicago phải không ?
麻烦 你 替 我 指要 到 这个 地址 我 怎么 走 ？,làm phiền bạn chỉ cho tôi biết địa_chỉ này đến địa_chỉ này tôi như thế_nào ?
这个 不 是 ， 那 个 才 是,"cái này không , phải là mới"
到 北京 饭店 的 时候 ， 七 点 多 了 ， 小王 正在 门口 等 我 。,"khi đến khách_sạn , 7 giờ rưỡi nhiều rồi , Tiểu_Vương đang đợi tôi ."
好 的 ， 请 你 开慢 点 ， 好 吗 ？,"Được , xin vui_lòng cho một_chút được không ?"
是 那 支 吗 ？,Nó có phải là một không ?
指挥 已经 上台 了 。,M__ được đã tiếp_tân .
这个 国家 有 许多 有名 的 地方 。,Quốc_gia này có nhiều nơi nổi_tiếng .
这 是 去 东京 的 列车 吗 ？,Chuyến tàu này có đi đến Tokyo không ?
"噢 , 我 不 这样 认为 。","Ồ , tôi không nghĩ vậy ."
玛丽 写信 祝贺 他们 生活 幸福 ， 新婚 愉快 。,"Mary viết thư_ chúc chúc họ họ hạnh_phúc hạnh_phúc ,__hôn_vẻ ."
我 知道 你 的 意思 。,Tôi hiểu ý bạn .
能 给 我 拿 些 药 吗 ？,Cho tôi một_ít thuốc được không ?
我 想 洗头 和 吹风 。,Tôi muốn gội đầu và sấy .
你 不仅 学 英语 ， 并且 学 汉语,"bạn không phải học tiếng Anh , tiếng_ học tiếng Hoa"
今天 只有 城市 游 了 。,Hôm_nay có chỉ có đi du_lịch .
这 是 一 块 有 古老 文字 的 石头 。,Đây là một_số bán__tin hóa đơn .
我 恨 你 。,Tôi sẽ bạn .
我 十分 感谢 你 。,Tôi sẽ cảm_ơn bạn .
不 是 吧 ！,không phải đi !
请 描述 一下 你 丢 的 东西 。,Xin vui_lòng chỉ__nhận bạn bạn__ của bạn .
哦 ， 是 的 。 你 好 吗 ？,"Ô , vâng . Bạn có khỏe không ?"
我们 去 哪 个 酒吧 ？,Chúng_ta sẽ đi đến quán rượu nào ?
对 不 起 我 想 上 交 偷窃 报告 。,"Xin_lỗi , nhưng tôi muốn nộp báo_cáo về vụ trộm ."
想 吃 意大利 菜 吗 ？,Tôi muốn dùng món ăn Ý_ăn không ?
他 居然 悄悄 地 溜走 了 。,Anh ấy bị_thương trưng_từ .
"听 说 小李 在 路上 出 了 车祸 , 况且 很 严重 。","Nghe nói Tiểu_Lý đã bị kẹt_nạn giao_thông ,___ rất nghiêm_trọng ."
我 公司 通常 在 收到 贵 公司 订单 后 两 周 内 交货 。,Công_ty tôi thường giao hàng trong vòng hai tuần sau khi nhận đặt_hàng của công_ty các ông .
春节 你 打算 去 哪里 玩 ?,Tết bạn dự_định đi đâu chơi ?
你们 国家 有 多少 人 ？,các bạn có bao_nhiêu người ?
这个 很 适合 我 。,Cái này rất hợp với tôi .
早上 ， 公园 里 锻炼 的 人 很 多 ， 跑步 的 ， 打球 的 ， 打 太 极 拳 的 ， 还 有 跳舞 的 。,"Buổi sáng , người tập thể_dục trong công_viên rất đông , người chạy chạy người thì , người thì cầu_cực , người tập thái_cực_quyền , có người khiêu_vũ nữa ."
喂 ， 是 “ 皇帝 ” 酒店 吗 ？,"alo , là khách_sạn ""_ "" phải không ?"
波旁 威士忌 加水 谢谢 。,Làm_ơn cho rượu uýt-xki .
那天 天气 不错 ， 为什么 没 照 上 呢 ？,"Thời_tiết hôm_nay đẹp , tại_sao không không chụp chụp ?"
我 也 很 忙 。,tôi cũng rất bận .
怎么 打 不 通 呢 ?,Sao_sao như vậy sao ?
你 为什么 不 顺便 呆一会 呢 ？,Tại_sao bạn không_thể ở lại__ ?
是 啊 ， 很 面熟 。,"Vâng , đó rất quen ."
这个 小东西 多 可 爱 啊 ！,cái này có_____thương quá !
我 因为 不 明白 才 来 问 你 。,tôi không_thể hiểu được đến để hỏi bạn .
所有 的 乘客 仍然 坐 着 。,Tất_cả hành_lý của__khách .
请 把 它 加到 我 的 房费 里 好 吗 ？,Bạn có_thể vui_lòng tính nó cho phòng của tôi được không ?
然后 走 高速 ， 从 52 出口 出来 。,"sau đó đi đi đường_cao , từ 5 ra ra ngoài ra ."
谢谢 ， 你别 给 我 冲 茶 ， 我 要 喝 的 时候 ， 我 自己 冲 。,"Cảm_ơn , con đừng pha trà cho mẹ , khi nào mẹ uống pha pha ."
电动 吹风机 的 插头 在 哪儿 ？,Ổ_cắm điện máy_bay ở đâu ?
我 真 不 明白 ， 他 怎么 能 这样 ！,"tôi thật không hiểu , anh ấy sao có_thể như thế được ."
请 去 市区 。,Xin vui_lòng đi đến khu_vực trung_tâm thành_phố .
我 可以 看看 房间 吗 ?,Tôi có_thể xem phòng được không ?
到 中国 的 来回票 多少 钱 ?,Vé khứ_hồi đi Trung_Quốc bao_nhiêu tiền ?
城堡 在 哪 ？,Nó sẽ ở đâu ?
我 想 要 一些 护足霜 。,Tôi muốn một_ít kem kem .
所以 我 觉得 或许 我 可以 在 卓越网 上 买到 所有 的 礼物 。,"Vì vậy , tôi nghĩ rằng tôi có_thể mua một món quà từ các___ trên Internet ."
你们 的 时间 是 早上 。,thời_gian của bạn là bạn .
哪 一 件 是 你 的 上衣 ？,Kiểu nào là của bạn lên của bạn ?
为了 看望 战友 ， 老张 特意 从 老家 坐 火车 过来 。,"Để xem__ xem__ , ,______ từ__lửa đi từ__ ."
现在 他 在 中国 北京 。 他 住 在 北京 国际 饭店 。 他 房间 的 电话 号码 是 ： 011-86-10-6589-6798 ， 转 1180 。,"Hiện_giờ ông ấy ở Bắc_Kinh Trung_Quốc . Ông ấy ở Bắc_Kinh ở Bắc_Kinh ở Bắc_Kinh ở Bắc_Kinh ,_____8_I ,8_8 ,8 ."
他 不 是 李 老师 吗 ？,anh ta không phải là thầy_giáo phải không ?
这 种 款式 有 棕色 的 吗 ？,Bạn có kiểu này màu nâu màu nâu không ?
如果 打开 了 包装 ， 就 不 能 退 了 。,"nếu mở_ , không thì không_thể trả lại ."
这 辆 车 的 状态 不 好 。,Chiếc xe_hơi này không chạy bằng tốt .
有 日语 导游 吗 ？,Có hướng_dẫn_viên nói tiếng Nhật không ?
请 你 介绍 介绍 北京 吧 。,xin ông giới_thiệu một__ đi .
这 星期 我 没 空儿 ， 下 星期 我们 再 去 看 画展 ， 可以 吗 ？,"tuần này tôi không rãnh . Tôi tuần chúng_ta đi xem triễn___ , , được không ?"
你 漱口 了 吗 ？,Bạn đã bị chưa ?
这 是 昨天 买 的 。,Cái này mua__qua .
顺便 问 一下 这 是 什么 ？,"Nhân_tiện , hỏi này có cái gì ?"
我 打算 翻译 这 本 书,tôi dự_định dịch_ quyển sách này
它 刺激 皮肤 吗 ？,Nó có một__ da không ?
那 最 好 不过 了 ！,tốt nhất là quá rồi !
你 打算 什么 时候 结婚 ？,Bạn dự_định lập gia_đình ?
现在 几点 ？,bây_giờ mấy giờ ?
出租车 车站 在 哪里 ？,Xe taxi taxi ở đâu ?
我 刚刚 从 酒店 给 你 打 过 电话 。,Tôi vừa gọi điện_thoại từ khách_sạn của bạn .
中国人 通常 管 妻子 叫 老婆 ， 管 丈夫 叫 老公 。,"Người Trung_Quốc gọi gọi là nhạc_sĩ , , quản_ chồng chồng là chồng__ ."
我 想 要 本日 英 字典 。,Tôi muốn một cuốn từ_điển Anh - Anh .
哪 能 买到 桌布 ？,Tôi có_thể mua một chiếc ở đâu ?
它 传染 吗 ？,Nó có truyền_nhiễm không ?
这 是 你 的 ， 总共 一万五 。,"đây là , của bạn tổng ."
你 能 帮 下 我 吗 谢谢 ？,Bạn có_thể giúp tôi không ?
你 能 给 我 拨 芝加哥 123456 吗 谢谢 ？,Bạn có_thể vui_lòng cho tôi số số 1234 được không ?
你们 没有 其他 牌子 的 漱口剂 吗 ？,Bạn không có các loại ăn_tư nào khác không ?
我们 就 要 那个 。,Chúng_tôi sẽ lấy cái đó .
您 有 什么 要 申报 吗 ？,ông có cần khai_báo không ?
在 日本 你们 都 有 什么 节假日 ？,Bạn có lễ ngày lễ nào nghỉ_ Nhật_Bản ?
喂 ， 就 是 我 ， 是 谁 呀 ？,"alo , là là tôi , ai vậy ?"
我 冷 。,Tôi lạnh .
离合器 不 好 用 了 。,Bàn_đạp số có_ không tốt dùng để dùng .
这 风景 美 得 跟 画 一样 。,phong_ này đẹp giống như vậy .
开到 几点 ？,mở đến mấy giờ ?
不 用 啦 ， 我 今天 下午 要 去 修车 。,"Không , tôi sẽ đi xe__ vào lúc 8 giờ ."
请 拿 着 这个 行李 。,Xin vui_lòng giữ hành_lý này .
下楼 沿着 标志 走 。,Đi xuống xuống biển_báo .
你 把 嘴 张开 ， 我 看看 。,"Anh đưa ra tấm , tôi xem ."
我 能 为 您 订 房 吗 ？,Tôi có_thể đặt phòng cho bạn được không ?
现在 上演 的 电影 什么 最 有趣 ？,Bộ phim chiếu_ chiếu phim chiếu trên là gì ?
两 张 去 罗马 的 往返 车票 。,Hai vé khứ_hồi đến Rome .
从 最近 的 公共 汽车站 坐 四十六 路 车 在 第五 站 下车 。,Đi xuống xe_buýt số tuyến xuống tuyến đường_ xuống trạm xuống tại trạm xe_buýt .
这里 有 很多 人 。,Có rất nhiều người ở đây .
我 要 报告 我 的 窗外 有 一 个 陌生人 。,Tôi muốn báo_cáo một_số người__nhân của tôi .
这 事 太 难 ， 我 肯定 不 行 。,"Việc này không khó , tôi__thể không được ."
我 想 叫 辆 出租车 去 机场 。,Tôi muốn gọi xe_buýt đến sân_bay .
你 有 胃口 吗 ？,Bạn có ăn_uống không ?
您 还 需要 在 隔离室 代 几 天 。,ông cần cần cần trong phòng trong_vài trong phòng của bạn trong ngày .
我 该 问 谁 ？,Tôi nên hỏi ai ?
你 吃 生 鱼片 吗 ？,Bạn đã có cá cá_ không ?
浪 是 不 是 太 高 了 ？,Nó có cao quá cao không ?
是 热 的 吗 ？,Nó có phải nóng nóng không ?
你 能 找到 我 的 箱子 吗 ？,Bạn có_thể tìm va_li của tôi không ?
在 这儿 的 时间 你 觉得 怎么样 ？,thời_gian ở đây anh cảm_thấy như thế_nào ?
明早 8：15 到 饭店 大堂 。,8 giờ sáng_mai đến khách_sạn vào lúc 8 giờ sáng_mai .
很 抱歉 ， 那 个 航班 的 机票 已经 售完 啦 。,"rất xin_lỗi , nhưng máy_bay đã được bán hàng rồi ."
有 从 度假 旅馆 发 的 取 行李 的 车 吗 ？,Có xe_hơi hành_lý từ sân_bay từ__ đến từ__ không ?
我 想 有 辆 新 车 。,Tôi nghĩ chiếc xe mới .
有 城市 夜游 吗 ？,Có chuyến du_lịch nào không ?
对 不 起 我 感觉 不 舒服 。,"Xin_lỗi , tôi cảm_thấy mệt_chịu ."
你 的 班 有 多少 学生 ？,Bạn_học của bạn là bao_nhiêu ?
我 想 租 小型车 。,Tôi muốn thuê một chiếc xe nhỏ .
HSK 结果 六百 点 以上 就 行 了,kết_quả hsk 800 điểm trở lên là được
你 能 把 这 封 信邮 了 吗 ？,Bạn có_thể gửi cái này này không ?
离开车 还 有 二十 分钟 ， 我 来 不 及 回去 关窗 户 了 ， 麻烦 你 替 我 关 一下儿 。,"xe_ còn có hai mươi phút , tôi không kịp_________ , làm phiền anh lại một_chút ."
走到 拐角处 在 红 绿 灯 处 左 拐 然后 直 着 往前 走 两 个 街区 。,Đi thẳng xuống tại đèn giao_thông và rẽ trái ở phía trước và hai dãy nhà .
这 附近 你 认识 好 医生 吗 ？,Bạn có bác_sĩ tốt bác_sĩ không ?
谁 是 女 主角 ？,Ai là người_viên vai ?
雨 一 夜 都 没 停 。,mưa một đêm .
你 现在 在 哪儿 上班 ？,bạn hiện_giờ ở đâu làm ?
我们 现在 要 做 水 中 练习 了 。,Bây_giờ chúng_tôi phải làm bài_tập về_ .
你 帮 我 大忙 了 。,Bạn giúp tôi nhiều cho tôi .
我 得 了 什么 病 了 ？,tôi phải bệnh bệnh gì vậy ?
我 以为 它 永远 地 消失 了 。,Tôi nghĩ nó mãi____ .
我 错 了 ， 真 对 不 起 。,"tôi sai rồi , thật xin_lỗi ."
你 好 ！ 特蕾西 ， 你 在 干 什么 ？,"Chào Jim , , bạn làm gì vậy ?"
他们 把 病人 送到 医院 去 了 。,họ đã bệnh_nhân đến bệnh_viện .
父母 都 休息 了,ba_má đều nghỉ_ngơi rồi
请 帮 我 理 整齐 点 ， 但 不 要 太 短 。,"Làm_ơn cắt dùm tôi sửa cái , nhưng nhưng không quá quá ngắn ."
我 想 回 日本 之后 再 修 它 。,Tôi muốn quay trở_lại Nhật_Bản sau khi tôi trở_lại .
你 别 那么 固执 了 。,Anh đừng như vậy .
这个 问题 真 让 我 头痛 ！,cái này vấn_đề này nhức đầu .
他 爸爸 在 商店 工作 。 那 个 商店 离 他 家 很 近 。,cha cha anh ấy làm_việc ở cửa_hàng . cửa_hàng anh ấy rất gần .
他 在 纽约 一 家 电脑 公司 工作 。,Anh ấy ở công_việc tại một công_ty một__việc .
祝 你 一路 顺风 。,chúc bạn thượng_lộ bình_an .
我 怎么 去 迪斯尼 乐园 ？,Tôi có_thể đến vườn_H Waniee ?
下 个 星期六 晚上 你 有空 吗 ？,Bạn sẽ tới bạn vào tối thứ_bảy tới ?
好 的 我 要 杯生 啤酒 作为 开胃酒 。,"Được rồi , tôi sẽ dùng một món khai_vị ."
禁止 抽烟,hút thuốc
"我 愛吃麵條兒 , 餃子 , 米飯 和 炒菜","tôi ăn lâm , , , , hình_H và rau"
我 想 要 一些 滴鼻 药水 。,Tôi muốn một_ít thuốc thuốc chống .
我 想 我 可以 让 你 在 一 小时 之内 参观 完 它们 。,Tôi nghĩ tôi có_thể bạn thấy chúng trong một một trong vòng một giờ .
很 有 可能 ， 他们 有 一些 很 好 的 队员 。,"rất có có_thể , họ có một_số người tốt tốt ."
谢谢 ， 但 愿 如此 。,"Cảm_ơn , nhưng_tôi cũng như vậy ."
它 在 日本 最 北部 。,Nó nằm ở phía_ Nhật_Bản .
我 想 要 一 双 凉鞋 谢谢 。,Làm_ơn cho tôi một đôi giày đế .
寄 普通 ， 总共 多少 钱 ？,"gửi thư , tổng_cộng bao_nhiêu tiền ?"
它 是 个 大号 桔色 塑料 的 Samsonite 皮箱 。,Nó là một phần_m lớn da màu xanh_mi .
好极 了 。,Được quá .
为什么 地球 是 圆 的 ？,Vì_sao s__ là m ?
WWW 代表 环球网 。,K W_l đồng_____ .
就 像 梦 一样 。,Nó giống như giống như vậy .
尝 起来 像 洋葱 。,Nó có_vẻ như một__ .
你 能 让 他们 安静 点 吗 ？,Bạn có_thể vui_lòng yên_lặng một_chút không ?
上午,buổi sáng
请 让 我 下车 。,Làm_ơn hãy cho tôi xuống .
我 怎么 到 航空港 ？,Tôi có_thể đến bằng máy_bay bằng cách nào ?
王刚 收到 了 两 份 入职信 ， 他 要 在 甲 公司 与 乙 公司 之间 做 个 决定 。,"Vương_Cương nhận nhận được hai__chức_ , anh ấy , phải_định làm_việc ở công_ty ông__ ."
不 用 了 ， 多 谢 你,"không cần nữa , cám_ơn anh"
多久,Bao_lâu
指导 免费 吗 ？,Bạn có_thể tìm thấy nó không ?
兩个人 的 桌子 七点钟 谢谢 。,Xin vui_lòng cho một bàn lúc hai người .
我 想 问 您 一下 。,Tôi muốn hỏi ông .
你 要 经过 其它 的 门 去 新 干线 月台 。,Bạn phải đi qua cửa_hàng khác đi đến sân_bay .
我 明天 就 得 离开 了 。,Ngày_mai tôi sẽ rời khỏi vào ngày_mai .
哪里 ， 再 见 。,"Đâu có gì , tạm_biệt ."
请 给 我 说 一 下 一下 总共 多少 钱 。,Xin vui_lòng chỉ cho tôi một_số tổng___ .
那 是 什么 植物 ？,Đó là là gì ?
不 行 ， 有 朋友 来 看 我 。,"không được , có bạn bạn đến thăm tôi ."
就 是 别 开枪 。,Nó là mộtắn .
这 件 衣服 多少 钱 ？,Chiếc đầm này bao_nhiêu tiền ?
希望 你 的 病 快点 好,hy_vọng của bạn giỏi nhanh nhanh
如果 死者 是 佛教徒 就 是 这样 。,Trong trường_hợp đó là là__ là là_ .
看 起来 像 你 要 爆炸 似的 。,Nó trông có_vẻ như bạn một____ .
我 觉得 我 穿 有点 素 了 。,Tôi nghĩ là hơi lò hơi lò .
为什么 你 不 爱 洗澡 ？,tại_sao bạn không thích tắm ?
现在 流行 什么 电影 ？,Kiểu phim nào đang phổ_biến phim gì ?
祝 你 身体 健康 。,chúc bạn sức_khoẻ sức khỏekhoẻ .
哦 就 几 天 。,"Ồ , mấy ngày ."
"是 的 , 能 给 我们 拿 甜点 菜单 吗 ？","Vâng , có_thể cho chúng_tôi một_ít tráng_miệng được không ?"
美丽 吗 ？,đẹp không ?
预计 的 抵达 时间 是 几 点 ？,Thời_gian của__ của mấy giờ ?
我们 需要 带 着 护照 去 娱乐场 吗 ？,Chúng_ta có cần phải đi hộ_chiếu_viên chơi không ?
请 你 到 这 边 班 一下 出境 手续,mời bạn đến đây để làm xuất_cảnh xuất_cảnh .
我 想 要 个 胸针 。,Tôi muốn một cái m-m .
"文化 开始 繁荣 很多 活动 像是 歌舞伎 , 表演 , 浮世绘 , 雕塑 , 文学 , 作品 还 有 陶艺 开始 流行 。","văn_hoá bắt_đầu rất nhiều__đảo______ , ,__ , ,__ , còn__ có___học ."
容易 到 那 吗 ？,dễ dễ đến đó không ?
我 的 车撞 在 一 个 路灯 上 。,xe của tôi ở trên đèn .
一 个 头等舱 的 无烟 的 座位 。,Xin vui_lòng cho một chỗ ngồi hạng__ hạng nhất .
我 去 过 那里 。,Tôi đã ở đó .
包厢 座位 多少 钱 ？,Giá vé ngồi bao bao_nhiêu ?
我 不 经商 。 请 问 你 经商 吗 ？,Tôi không làm kinh_doanh . xin hỏi làm_doanh kinh không ?
一 张 五 美元 和 五 张 一 美元 的 谢谢 。,Xin vui_lòng cho một tờ năm và năm tờ một .
我 觉得 今天 的 会议 本 应 更 有 成效 。,Tôi nghĩ rằng hôm_nay sẽ có một cuộc__ .
几 位 ？,Bao_nhiêu người ?
几 点 ？,mấy giờ ?
售票处 在 哪里 ？,Quầy bán vé ở đâu ?
晚上 打 以下 电话 1223177 我 一直 在 。,buổi gọi là số điện_thoại vào ngày 170 .
你 把 急救箱 拿 过来 。,Bạn đưa nó____ .
我 也 想 了解 一下 农村 生活 ， 你 可以 陪 我 去 乡下 吗 ？,"Tôi cũng muốn hiểu những____ , bạn có_thể đi tôi đến quê_ không ?"
这个 巴士 去 哪 ？,Xe_buýt này đi đi đâu ?
今天 早上 去 图书馆 时 我 还 看到 它 啦 。,Sáng nay tôi đi đến__ hôm_qua và tôi thấy nó .
请 等 一 等 ， 就 有 车去守德 。,"Xin đợi một phút , có xe xe_hơi ."
能 给 我 看看 衣服 吗 ？,Bạn có_thể cho tôi xem một_số quần_áo được không ?
五月 十二 号 JL003 次 航班 。,Số chuyến bay của J_x là số3 .
沿着 这 条 街 一直 走兩 个 街区 然后 往右 拐 。,Đi thẳng xuống con đường này và rẽ trái và rẽ phải .
我 想 找 李 老师 。,tôi muốn tìm giáo_viên Lý .
上午 11：30 可以 吗 ？,11 giờ 30 sáng : 00 sáng không ?
你 想要 哪 种 牛肉 的 还 是 鸡肉 的 ？,Bạn muốn loại thịt bò hay thịt gà hay thịt gà ?
我 能 把 这个 带到 飞机 上 吗 ？,Tôi có_thể mang theo cái này lên máy_bay không ?
你 也 可以 坐 地铁 到 那 。,Bạn cũng có_thể đến đó tàu_điện_ngầm đó .
我 不 会 。,Tôi không_thể .
另 一 家,1 1
如果 你 快点 就 可以 了 。,"Nếu bạn lên , nếu bạn có_thể ."
我 在 四点半 之前 给 你 把 它 配好 。,Tôi sẽ gửi nó cho bạn khi 4 giờ 30 .
这 是 我 的 确认卡 。,Đây là thẻ xác_nhận của tôi .
这 是 您 的 票 和 饭店 的 证明书 。,Đây là thẻ xác_nhận của_nhận của khách_sạn của bạn .
你 要 去 哪 ？,Bạn sẽ đi đâu ?
五月 八号 开始 ， 课程 为 八 周 。,"Ngày_đầu bắt_đầu , ,__ học 8 8 tuần 8 ."
他们 迫切 的 从 电视 和 杂志 上 得知 最 新 的 时尚 信息 。,"Họ họ_ từ__hình của__chí , và_chí của__chí mới nhất ."
哦 ， 我 不 经常 看 电视 。,"Ô , tôi không thường xem truyền_hình ."
我 要 的 是 半生熟 的 不 是 完全 熟 的 。,Tôi đã yêu_cầu không có vấn_đề gì .
你 用 什么样 的 信用卡 ？,Bạn dùng thẻ tín_dụng của bạn như thế_nào ?
上午 十一点 在 谢拉顿 酒店 的 大厅 怎么样 ？,Còn về việc 11 vào lúc 10 giờ sáng__sạn vào lúc 10 giờ ?
这个 剧本 的 作者 是 谁 ？,Ai là người___ảnh này là ai ?
请 接 对方 付费 电话 到 日本 。,Xin vui_lòng gọi cho cuộc gọi người nghe trả tiền đến Nhật_Bản .
我 的 手机 在 这里 信号 总是 很 好 。,Điện_thoại_di_động của tôi ở đây rất tốt ở đây .
幸亏 多方 援助 ， 要 不 将 有 更 多 的 人 受伤 。,"May_mà nhiều anh___ , không cần phải___ người bị_thương ."
我 是 英国人 。,tôi là người anh .
是 的 今天 下午 可能 会 下雨 。,"Vâng , có_thể có chiều nay có mưa chiều ."
除了 这 本 ， 别的 都 是 小明 的 。,"ngoài cuốn này , đừng là là loại_Minh_Minh ."
有 家庭 折扣 吗 ？,Có nhà_hàng nào không ?
很 有意思,rất thú_vị .
我 可以 把 沙拉 换成 凉拌 卷心菜 吗 ？,Tôi có_thể đổi xà_lách trộn thay_vì salad được không ?
这 首 歌 值得 一 听 。,Bài hát này này đáng đáng nghe .
有 黑色 的 吗 ？,Bạn có cái nào màu đen không ?
我 妈妈 不 在 家 ， 她 出去 了,"Mẹ tôi không ở nhà , cô ấy ra ngoài rồi"
我 想 换 个 环境 。,Tôi muốn đổi_đổi môi_trường khác .
王明 的 房间 比 我 的 敞亮 。,Phòng của phòng của Vương_khào của tôi .
我 真 很 喜欢 喝酒 。,Tôi rất thích uống rượu rượu .
今天 虽然 很 累 可是 我 也 上班,hôm_nay tuy rất mệt nhưng tôi cũng làm làm
谢谢 你们 。,cám_ơn các bạn .
妳要 哪 种 款式 的 ？,chị kiểu nào thì sao ?
什么 时候 去 ？,khi nào đi ?
我 开始 喜爱 这个 地方 了 。,Tôi bắt_đầu thích sống ở đây .
你 要 出示 国际 驾照 。,Bạn cần xuất_trình giấy_tế .
你 推荐 什么 纪念品 ？,Bạn đề_nghị quà lưu_niệm nào ?
我们 现在 能 玩 吗 ？,Bây_giờ chúng_ta có_thể chơi được không ?
真的 吗 ？ 后天 ？ 太 快 啦 。,thật sao ? sao ? quá quá quá .
我 没有 钱 了 。,Tôi không có tiền rồi .
你 是 外国人 ， 如果 迷路 你 怎么 办 ？,"Bạn là người nước , , lạc đường_ bạn bạn làm thế_nào ?"
你 也 是 。,Bạn cũng cũng .
它 可 做 一 个 很 棒 的 纪念品 。,Nó có_ lưu_niệm lưu_niệm rất tuyệt_vời .
有 机会 我 一定 再 来 看 你们 .,có cơ_hội tôi nhất_định lại đến các bạn .
送 什么 花 给 父母 好 呢 ？,tặng tặng hoa__ tốt cho ba_má ?
你 真 聪明 。,Bạn thật thông_minh .
多少 盎司 ？,bao_nhiêu người ?
我们 可以 要 兩人份 的 那 个 吗 ？,Chúng_tôi có_thể có hai người khác được không ?
急救 人员 来 之前 做 不 了 什么 。,Không có người người nhân_viên đến làm_việc đó làm gì .
如果 我 找 不 到 工作 的话 ， 我 就 回到 学校 再 攻读 硕士 学位 。,Nếu tôi không tìm được việc_việc tôi sẽ làm_việc tôi sẽ đến trường__học__học .
我 怎么 预约 ？,Tôi có_thể đặt trước như thế_nào ?
你 找 些 什么 吗 ？,Bạn tìm một_ít gì không ?
吃 这 种 药 。,ăn này thuốc .
我们 有 ABC 牌子 的 。,Chúng_tôi có các loại nhãn_hiệu .
今天 雾蒙蒙 。,Hôm_nay trời_mù .
他 朝 哪个 方向 走 了 ？,Anh ấy đã đến theo hướng_dẫn rồi ?
你 第一 次 来 越南 ， 是 吗 ？,"lần đầu lần đến Việt_Nam , đúng không ?"
沿着 这 条 路 指 着 走 就 到 了 。,Đi thẳng xuống con đường này thì đến .
去 迪斯尼 乐园 。,đi đến vườn_Ce .
我 的 大概 一百 ， 只 请 一些 亲戚 和 好 朋友 罢了 。,"T__ tôi của , , xin vui_lòng một_số người__ và bà_bè của bạn ."
我 怎么 拨打 长途 ？,Tôi có_thể gọi điện_thoại đường dài nào ?
我 需要 买 洗发精 。,Tôi cần mua dầu gội .
王兰 ， 刘京都 参加 了 。,"Vương_Lan , Lưu_Kinh đang học_ ."
我 想 要 一 个 电动 牙刷 。,Tôi muốn một chiếc l điện_tử .
你 总是 又 漂亮 又 高贵 。,Nhìn chị lúc nào cũng đẹp và và_trọng .
我 妹妹 是 衣服 店 的 老板 .,Em_gái tôi là chủ_ cửa_iệm quần_áo .
和 子 想 换 钱 。,hoà tử muốn đổi thay_đổi .
我 会 叫 服务员 上去 的 。,Tôi sẽ gọi cho nhân_viên xách .
请 给 我 拿 个 洗发水 。,Xin vui_lòng cho tôi một chai dầu gội đầu .
看见 那 边 的 那 个 黄色 建筑物 了 吗 ？,Cái này có tòa nhà vàng tòa nhà không ?
我 能 再 问 最后 一 个 问题 吗 ？,Tôi có_thể hỏi_ một lần nữa không ?
我 家 在 新平郡 。,Nhà tôi ở quận tân_bình .
"我 要 打听 一 个 人 , 不 知道 他 在 哪儿 啊","tôi muốn gọi 1 người , 1 không biết anh ta đang ở đâu"
我 介绍 一下 . 这 位 是,"tôi giới_thiệu 1 chút , vị này là"
灯 不 亮 了 。,Đèn không không hoạt_động .
我 怎么 去 ？,Tôi đi bằng cách nào ?
怎么 没 去 呀 ， 今天 早上 四点 我 就 起床 了 ，,"Làm_sao không đi , hôm_nay tôi sáng tôi đã đi qua ."
对 不 起 盒子 上面 是 有 一 个 颜色 指示器 。,"Xin_lỗi , nhưng có một cái màu_sắc trong một cái màu ."
货币 兑换处 谢谢 。,Xin_ơn cho hàng__ .
好 了 ， 你 要 寄 普通 还是 寄 快速 ？,"được rồi , anh muốn gửi thư_ hay gửi nhanh ?"
你 想 在 咖啡 里加 奶油 和 糖 吗 ？,Bạn có muốn dùng kem và cà_phê không ?
当然 是 我 自己 用 的 。,"Chắc_chắn , tôi tự làm gì đó ."
兩张 头等舱 的 票 。,Làm_ơn cho hai vé hạng nhất .
我 喜欢 浮潜 。,tôi thích loạip .
光 有 聪明 的 头脑 还 不 够 ， 还 得 勤学 苦练 。,"Chỉ có đầu_đ đầu___ chưa còn chưa đủ , mà phải có________ ."
我 不 明白 你 想 问 什么 。,Tôi không_thể nghe lời hỏi bạn muốn .
你 真 是 我 家 的 恩人,bạn thật là người gia_đình của tôi .
今晚 不 知 怎么 搞 的 我 想 吃 日本 菜 。,"Tôi không_thể ăn món ăn tối , tôi muốn ăn món ăn Nhật_Bản ."
这 辆 是 谁 的 ？ 看来 很 好看,chiếc này là của của_ rất đẹp
我 想 买 些 袜子 。,Tôi muốn mua một_số đôi vớ .
你 来 吗 ？,bạn đến không ?
有 尺 ， 纸 ， 笔 ， 胶带 ， 本子,"có việc , giấy , , viết , , đeo ,"
海鲜 。,Đ hải_sản .
请 替 我 秤 一下 这 封 信 ， 看看 邮费 是 多少 钱 ？,"làm_ơn giúp tôi cân thư này , bao_nhiêu tiền là bao_nhiêu tiền ?"
我 渴望 能 痛饮 啤酒 。,Tôi mong_muốn có_thể làm bia .
到 哪里 看 电影 ？,Nó đến xem phim ở đâu ?
尽快 把 他们 放 在 冰箱 。,C_ càng nên họ vào nó vào tủ_lạnh .
你 有 没 有 减价 卡 ？,Bạn có giảm giá nào ?
马丁 ， 你 准备 给 谁 投票 ？,"Mã_tin , bạn chuẩn_bị cho phiếu vé ?"
"谢谢 你 , 请 报 一下 这些 商品 的 最低价 。","Cảm_ơn ông , xin vui_lòng báo_giá thấp nhất của sản_phẩm này_phẩm này ."
去 艺术 博物馆 。,đi viện_tàng nghệ_thuật .
好 的 可以 。,Được rồi .
从 那里 开始 你 就 要 自己 把 它 拿到 酒店 了 。,"Từ đó , từ đó sẽ phải đưa nó đến khách_sạn của bạn ."
我 能 看 节目 列表 和 价格 吗 ？,Tôi có_thể xem các đồng_hồ và giá giá không ?
我 要 香波 。,Tôi muốn dùng__ .
我 在 这 条 路 上 被 偷 的 。,Tôi đã đánh_cắp trên đường này .
这里 烟 太 重 了 。,Nó quá nặng ở đây .
好 的 ， 我 可以 用 一下 你 的 电话 吗 ？,"Được , tôi có_thể sử_dụng điện_thoại của bạn không ?"
你 能 催催 定单 吗 ？,Bạn có_thể đặt_ít thuốc không ?
这个 。,cái này .
一 楼 的 位子 谢谢 。,Xin vui_lòng cho một bàn trên tầng .
怎么 不 记得 ， 上 次 跟 小王 一起 来 的 。,"Làm_sao không nhớ , lần trước cùng với Tiểu_Vương với Tiểu_Vương ."
你 太 冷漠 了 。,Anh thờ_ơ quá .
您 是 谁 啊 ？,ông là ai ?
你 的 鞋子 。,Chày của bạn .
你 有 这样 的 信心 吗 ？,Bạn có thư_kỳ nào không ?
有 包装 纸 吗 ？,Bạn có giấy_tờ không ?
请 打 领带 。,Làm_ơn đeo cà cà_vạt .
是 礼物 吗 ？,Đó có phải là món quà phải không ?
我 感觉 隐隐 的 疼 。,Tôi cảm_thấy đau với đau__ . .
谢谢 你 ， 这 就 够 了,"cám_ơn bạn , đây là đủ rồi"
我 要 发 这 转诊 到 京都 公司,tôi muốn gửi chuyển sang này đến công_ty Kinh_Đô
就 给 我 来 个 有 鱼 的 菜 还 要 请 你 帮 我 挑选 一下 蔬菜 和 面包 。,"Chỉ cho tôi một món ăn có món khác , vì vậy bạn muốn dùng một_ít bánh_mì và rau_mì ."
拿 你 右边 第二 个 。,Lấy lấy thứ thứ bạn .
手表 被 他 藏 在 枕头 底下 了 。,B đồng_hồ được anh ấy đã bị dưới dưới dưới .
""" laptop """,g_lảo_liền
没有 便宜 点 的 房间 吗 ？,Có không phòng nào rẻ hơn không ?
那 是 最 大 的 。,Đó là lớn nhất .
老板,ông_chủ
在 哪 能 买 些 纪念品 ？,Tôi có_thể mua một_số quà lưu_niệm ở đâu ?
粉红色 可以 吗 ？,màu màu có được không ?
这 条 鱼 煮 的 有点 过久 了 。,Món cá này hơi hơi một_chút .
请 问 你 能 和 我 一起 来 吗 ？,Bạn có_thể vui_lòng với tôi với tôi không ?
我 想 电报 汇款 。,tôi muốn điện__ tiền .
"你 想 吃 哪 个 , 鱼肉 还 是 鸡肉 ？","Bạn muốn dùng gì , thịt cá hay thịt gà hay thịt gà ?"
他们 今年 打 得 真的 很 不错 ， 不 是 吗 ？,"họ nay họ thật rất ngon , thật không ?"
如果 是 那样 请 带上 你 的 行李 票 到 行李 办公室 。,"Trong trường_hợp đó , và hành_lý của bạn đến lấy hành_lý của bạn đến văn_phòng ."
最近 你 脸色 看 起来 相当 不错 呀 。,Dạo này bạn màu xanh_ trông hợp_vẻ hợp_ .
真 没 发现 这 种草 有 这么 强 的 生命力 。,Thật không ngờ có những loại__hợp_nét .
昨天 我 把 存折 丢 了 ， 我 来 报失 。,"Hôm_qua tôi bị mất__ mất mất , tôi đến đến__ ."
请 拿 一 包 那 个 红 的 。,Xin vui_lòng cho một cái màu đỏ .
爵士乐 最 好 的 夜总会 是 哪 家 ？,Câu_th tốt nhất của tốt nhất là là gì ?
预约 谢谢 。,Xin vui_lòng cho một phòng .
都 很 好 。,đều rất khoẻ .
这 是 Sato 先生 。,Đây là Satoto .
今晚 你 想 熬夜 看 电视 吗 ？,Bạn nay bạn muốn xem ti_vi_ đêm không ?
有 什么 水果 ？,Có loại trái_cây nào ?
想 喝 茶 还 是 咖啡 ？,muốn uống trà hay cà_phê ?
请 再 来 点 咖啡 。,Làm_ơn cho thêm cà_phê .
我 原 以为 这 排队 能 快点 。,Tôi đã có_thể có_thể nhanh lên này .
不 用 洗发水 不 用 剃胡子 就 理发 谢谢 。,"Không , nước_ không gội nước không không bằng bố_n_ ."
你 知道 你 朋友 在 衣服 方面 的 口味 吗 ？,Bạn có biết bạn_vị của bạn tại một_____áo không ?
你 闲暇 时 通常 做 什么 ？,bạn thường làm gì thường thường làm gì ?
任何 时候 。,Nó có bất_kỳ .
这 辆 车 去 芝加哥 吗 ？,Chiếc xe này đi đến Chicago phải không ?
我 有 两 年 没 回 老家 了 。,Tôi có hai năm không có___ .
单程 的 卧铺舱 多少 钱 ？,Giá vé giường ngủ giá bao_nhiêu tiền ?
祝 你 在 新 的 一 年 生意兴隆 ， 合家 健康 幸福 ！,"chúc bạn đang ở nhà________đình , gia_đình sức_khoẻ hạnh_phúc ."
我 帮 您 接通 。,tôi sẽ nối máy cho bạn .
你们 中 有 人 会 说 日本 话 吗 ？,Có ai trong các bạn nói nói Nhật Nhật_Bản không ?
安静 。,Nó yên_tĩnh .
你 有 大 的 信封 吗 ？,Bạn có phong_bì lớn không ?
我 的 手机 没 存款 了 ， 在 这 没有 人 卖 电话卡 。,"Điện_thoại của tôi hết tiền rồi , ở đây không có ai bán thẻ ."
怎么 发电报 ？,Bạn phát_hành bức điện_tín ?
放 在 平杯 里 还 是 锥形杯 里 ？,Để đặt trong trong hay_là hay__ô ?
波浪 不 要 太 大 。,Nó không_thể không quá lớn .
这里 有 美容院 吗 ？,Có tiệm_hàng nào ở đây không ?
三万五千五 元 。,3000 đồng .
直 走 三 个 街区 。,Đi thẳng ba khối nhà .
对 不 起 我 想 坐 巴士 去 酒店 。,"Xin_lỗi , tôi muốn đi xe_buýt đến khách_sạn ."
给 你 钥匙 。,Xin đưa chìa cho bạn .
这 件 大 衣 有 大号 的 吗 ？,Cái này có lớn cỡ lớn hơn không ?
去 伦敦 是 在 这个 站台 吗 ？,Đây có phải là ga_ga cho chuyến đi đến ga_ga không ?
多久 才 洗 好 ？,bao_lâu mới giặt xong ?
怎么样 做 生意 才 能 赚 钱 ？,Còn về làm_ăn mới có_thể trả tiền ?
我 所以 没 告诉 你 ， 是 怕 你 着急 。,Tôi sở_dĩ không nói với bạn vì sợ sợ bạn lo_lắng .
没 什么 ， 有点儿 咳嗽 。,"Không có gì , hơi bị ho ."
我 可以 要 些 眼药水 吗 ？,Tôi có_thể có một_ít thuốc_ít thuốc được không ?
学费 贵 吗 ？,học_phí mắc không ?
我 可以 看 一下 吗 ？,Tôi có_thể xem một_số được không ?
眼睛 象玉 一般 明亮,Mắt_phưng_biều_b
先生 你 呢 ？,Thưa ông còn ông ?
这 是 近道 吗 ？,Đây có phải là đường không ?
祝贺 你 落成 迁居 在 一 座 华丽 的 新居 。,chúc_mừng bạn đã đặt_nh kế_hoạch mới của bạn .
我们 公司 去年 在 全球 的 总 收入 是 两 点 五十六亿 美元 。,Tổng_ty chúng_tôi đang ở_________ hai mươi đô_la cho hai mươi đô_la .
最 贵 是 北京 的,mắc nhất là là Bắc_Kinh
今天 打扰 你 了 。,Hôm_nay đã làm phiền bạn .
这里 是 国际 接线员 。,Đây là nhân_viên tổng_đài nước_ngoài .
祝贺 你 了 ！,chúc_mừng bạn !
我 会 去 检查 。,Tôi sẽ kiểm_tra kiểm_tra .
这 是 我 的 发送 地址 。,Đây là địa_chỉ của tôi .
那 是 设 在 大 城市 外面 的 一 种 大型 的 超市 。,Đó là siêu_thị lớn ở thành_phố lớn ở bên ngoài .
如果 我们 能 找到 合适 的 人选 我 觉得 提议 不错 。,"Nếu chúng_tôi có_thể tìm thấy một người có_thể , tôi cảm_thấy có_thể tốt_nghị ."
午餐 好 了 。,Nó được bữa trưa .
我 咳嗽 ， 我 的 眼睛 真的 很 干 。,Tôi ho bị mắt mắt của tôi rất khô .
我们 酒店 的 隔壁 是 花 店 吗 ？,Chúng_ta có khách_hàng hàng__ trong cửa_hàng không ?
今天 早上 更 冷 。,sáng nay lạnh hơn sáng nay .
你 现在 在 哪 工作 ？,bạn hiện_giờ ở công_việc ở đâu ?
世界 贸易 中心 是 个 好 地方 。,Thế__ Trung_tâm Thương_mại tốt là nơi tốt .
也 可能 什么 事 ， 不 能 来 了 。,"cũng có_thể xảy_ra , không_thể đến được ."
我 把 那 本 汉 越 词典 买 了 。,tôi đã mua một chiếc từ_điển từ .
红酒 ？,Nó đỏ đỏ_ ?
请 给 我 来 个 硬 的 水煮蛋 。,Làm_ơn cho tôi một trứng nước__ .
对 公司 ， 这 事情 很 重要 呢 。,"công_ty công_ty , đây là rất quan_trọng ."
这 是 我们 的 特色菜 烤 多佛 鳎鱼 。,"Đây là món__ của của chúng_tôi , cá_hồi nướng ."
我们 坐 在 同 一 个 桌子 边 ， 然后 他 问 我 借 钢笔 。,"Chúng_ta đang ở cùng bàn bàn , và anh ta hỏi một cây__máy ."
很 高兴 认识 你 。,Tôi rất vui được làm_quen với bạn .
这些 是 给 我 朋友 的 礼物 。,Đây là một món quà cho bạn_bè của tôi .
唔拨 9 和 011 然后 拨 国家 代码 和 电话 号码 。,"Vâng , và và và và số và và số điện_thoại và số điện_thoại ."
那 座 火山 叫 什么 ？,Tên của núi_ đó đó là gì ?
我 想 要 一 个 按 钉 。,Tôi muốn một cái b_ .
我 不 懂 你 的 说明 。,Tôi không_thể hiểu bạn nói của bạn .
你 好 ！ 凯瑞 。 你 看起来 很 焦虑 ， 怎么 啦 ？,"Chào Jel . Bạn xem nhìn ra , còn__ như vậy ?"
你 儿子 在 这里 吗 ？,Bạn có con ở đây không ?
没事儿 ， 那 我 就 来 一 杯 水 吧 。,Không có gì . Tôi sẽ đến một nước .
你 怎么 支付 这个 的 费用 ？,Bạn trả tiền vé này như thế_nào ?
我 听说 下 龙湾 很 美,tôi nghe nóiịnh__ long rất đẹp
所以 我 没 看清 他们 的 脸 。,"Vì vậy , tôi không thấy những mặt_ họ ."
我 想 我 把 它 忘 在 窗户 旁边 的 桌子 上 了 。,Tôi nghĩ tôi đã để nó trên bàn gần cửa_sổ .
蝌蚪 长大 后 变成 了 青蛙 。,Váy_ đã bị trở_thành thành__ .
我 每 天 下午 写 作业 。,Tôi mỗi ngày làm bài_tập mỗi ngày .
我 可以 要 张返税 申请表 吗 ？,Tôi có_thể có một bản_đồ đơn_quan được không ?
她 住 在 雪松 大街 五号 。,Cô ấy sống ở đại_lộ số 5_
快点 。,Nhanh lên .
我 在 那 可以 买到 比较 便宜 CD 。,Tôi có_thể mua một_số rẻ hơn ở đó .
虽然 他 是 老外 ， 但是 汉语 说 的 跟 中国人 同样 好 。,"tuy ấy là ông_sĩ , nhưng nhưng tiếng Hoa nói_chuyện với người Trung_Quốc ."
"好 的 , 我 会 把 它 忘 了 。","Được , tôi sẽ quên nó nó ."
看 你 有点儿 累 了 。,Trông bạn có chút mệt .
就 在 你 的 前面,ở ngay phía trước bạn
这个 学期 马上 就 结束 啦 ，,học_kỳ này sẽ kết_thúc ngay .
他们 两 性格 不 一样,họ 2 người tính không giống nhau
与 其他 城市 比较 ， 却 最 容易 找到 工作 。,"Thà_ thành_phố , ch dễ_ dễ hơn tìm được việc_làm ."
请 你 给 我 联络 我 的 朋友 好 吗 ？,Bạn có_thể vui_lòng cho tôi tôi bạn của tôi được không ?
她 六十 了 。,Cô ấy đã 60 mươi sáu .
我 有 一万 法郎 和 七万 日元 。,Tôi có 1 triệu__ và 7 .
一 辆 微型 汽车 最 好 。,Một chiếc xe_hơi lớn nhất thì tốt .
小姐 ， 请进,"chị ơi , mời vào"
请 记下 我 。,Làm_ơn hãy tôi .
不 好看 不 取钱,không đẹp không nhận tiền
你 觉得 食物 怎么样 ？,Bạn cảm_thấy như thế_nào ?
为 公司 发展 制定 方向 。,Công_ty phát_triển của công_ty .
能 给 我 拿 盒 火柴 吗 ？,Cho tôi một_ít thuốc được không ?
她 的 性格 怎么样 ？,Tính_cách cô ấy như thế_nào ?
你好 请 给 我 接 预约 服务台 。,"Xin chào , xin vui_lòng kết_nối tôi cho tôi đến quầy__tân ."
我 要 一 份 加烤 土豆 的 半熟 的 牛排 。,Tôi muốn một phần thịt bò có thịt bò nướng với đá_tây chiên .
他 想 什么 时间 谈 呢 ？,anh ta muốn thời_gian nói_chuyện ?
他 将 在 二十 分钟 内 回来 。,anh ấy sẽ trở_lại trong hai mươi phút .
我 知道 ， 三 天 之内 我 会 完成 这 件 事 。,"Tôi biết , trong vòng ba ngày tôi sẽ hoàn_thành việc này ."
那 太 好 了 。,Nó tốt quá .
我 今晚 在 我 的 公寓 里 开个 派对 ， 你 应该 过来 。,"Tôi đã gửi một trong bữa tiệc trong chung_hộ của tôi , bạn nên đi qua ."
这 是 我 公司 的 最新 商品 目录 。,Đây là mục_ mới của tôi mới nhất của công_ty tôi .
我 要 找 家 银行 。,Tôi đang tìm một ngân_hàng .
我 在 这个 八月 就 能 取得 我 的 学士 学位 ， 然后 我 就 要 开始 找 工作 。,"Tôi sẽ lấy một trong những ngày_vực của tôi , nhưng sau đó tôi sẽ tìm việc việc_làm ."
我 要 照 身份证 相 。,tôi muốn chụp hình_nhân_dân .
他 的 年收入 ？,năm năm của anh ấy như anh ấy ?
我 不 像 你 。,Tôi không nghĩ bạn .
"哦 , 没有 。","Ồ , không có ."
前台 的 那 个 人 真 粗鲁 。,Người đàn_ông đó là một__ đó .
底料 是 什么 ？,Có gì đó để làm gì ?
从 波士顿 到 纽约 的 飞机 票 多少 钱 ？,Vé vé đến từ New_York đến bao_nhiêu vậy ?
嗯 听 你 你 知道 河岸 道 在 哪 吗 ？,"À , nghe bạn biết đường_tin có bạn đang ở đâu không ?"
你 想 在 看 电影 之前 吃点 东西 吗 ？,Bạn muốn ăn gì trước khi xem phim không ?
我 会 住 在 旧金山 的 H 的 酒店 。,Tôi sẽ ở tại khách_sạn của_Francisco_Francisco .
实际上 我 已经 约 了 其他 人 了 。,"Thực_ra , tôi đã hẹn rồi_kỳ rồi ."
所有 的 乘客 都 被 要求 在 候机室 里 等候 。,Tất_cả các__ đều được yêu_cầu chờ chờ trong phòng chờ .
我 在 那 个 区 呆 过 。,Tôi đã ở ở đó trong khu_vực .
这 是 我们 的 菜单 先生 。,Đây là một_đơn của chúng_tôi .
这个 保证 洗 后 不 缩水 吗 ？,Cái này có được không nóng trong nước_lạnh không ?
飞行 还 愉快 吧 ？,Có gì_ để lại__ ?
请 把 这个 行李 拿到 巴士 汽车站 。,Xin vui_lòng mang hành_lý này đến trạm xe_buýt .
能 在 波士顿 停车 吗 ？,Tôi có_thể dừng xe ở Boston không ?
吃荤,ăn
咱们 几 点 吃饭 ？,Chúng_ta mấy giờ ăn cơm ?
我 要 出示 我 的 护照 吗 ？,Tôi có_thể lấy hành hộ_chiếu của tôi không ?
哪 有 耳环 ？,Có có_ nào nào ?
您 感冒 了 。,ông bị cảm cảm .
你 说 的 这 几 个 品种 ， 目前 是 我们 的 畅销货 。,Những mặt_hàng này nói là những mặt_hàng bán_chạy nhất hiện_nay của chúng_tôi .
我 的 圆珠笔 去 哪儿 了 。,Tôi_trai của tôi là đi đâu .
小王 没有 一 个 晚上 不 看 电视 。,Tiểu_Vương không có một truyền_hình .
十 个 三万 块 。,mười đồng đồng .
4：30 以前 回来 。,Số 4 giờ 30 trước .
伯父,bác_
这 是 我 儿子 。,đây là con_trai tôi .
你 好 ！ 莉斯 ， 你 现在 还 在 做 你 的 网页 吗 ？,"Chào Tos , bây_giờ bạn còn có phải là làm_ăn của bạn không ?"
只有 你 说 才 使 他 懂,chỉ có lời mới nói__ hiểu
我 只是 四处 看看 。,tôi chỉ xem bốn_ thôi .
你 好 ， 这里 还 有空 房间 吗 ?,"Xin chào , đây đây có phòng trống không ?"
谢谢 我 不 会 的 。,"Cảm_ơn , tôi không_thể ."
我 要 一 件 小号 的 泳衣 。,Tôi sẽ một chiếc áo_khoác nhỏ .
老师 宁可 自己 辛苦 ， 也 不 让 学生 受累 。,thầy_giáo thà mình_khương cũng không để học_sinh .
火车 会 停 一下 吗 ？,Xe_lửa sẽ dừng lại xe_lửa không ?
几 点 我 能 来 见 他 ？,Tôi sẽ gặp anh gặp gặp anh ấy vào ?
这 套装 是 什么 布料 的 ？,bộ com_ này này bằng vải ?
我 的 轮胎 瘪 了 ， 请 检查 一下 。,"Tôi bị bị xẹp xe , xin hãy kiểm_tra nó ."
团队,đội_đ
你 有 发烧 吗 ?,Bạn có bị sốt không ?
我 吵醒 你 了 吗 ？,Tôi đã đánh_ bạn bạn không ?
那 有 一 场 棒球 比赛 。,Có một trận bóng_đá .
我 想 订 一 个 到 西雅图 的 卧铺 。,Tôi muốn đặt một giường ngủ nằm ở Seattle_
我 姓 王,tôi họ Vương
四月,tháng 4
5 号 窗口 。,số cửa số 5 .
请 给 我 拿 个 远 摄 镜头 。,Làm_ơn cho tôi một ống_kính .
这个 楼里 有 咖啡店 或 饭馆 吗 ？,Có quán cà_phê có quán cà_phê ở quán cà_phê không ?
下午 我 要 去 订印 请帖 。,buổi chiều tôi sẽ đi đến một___ .
现在 还 可以 ， 已经 不 太 疼 了,"bây_giờ vẫn có_thể , không quá đau quá"
你 有 中央 日报 吗 ？,Bạn có nhật_báo về Nhật_Bản không ?
收据,biên_lai
我 喜欢 喝 牛奶 ， 至于 阿玉 ， 她 则 喜欢 喝 豆浆 。,"Tôi thích uống sữa bò ,__r , cô ấy thích thích uống rượu ."
请 问 离 这 最 近 的 洗手 间 在 哪 ？,xin hỏi phòng gần đây gần nhất gần nhất ở đâu ?
我 想 熨下 衣服 。,Tôi muốn ủi bộ quần_áo .
我 想 要 一 个 无烟区 的 座位 。,Tôi muốn một chỗ ngồi có hút thuốc_lá .
今天 我 不 把 这个 问题 弄懂 就 不 睡觉 。,Hôm_nay tôi không không__thấy này không_thể đi ngủ .
有 一 个 小孩儿 学 认字 。,có 1 nhỏ trẻ_em học học .
"那么 , 我 要 些 樱桃 。","Sau đó , tôi muốn một_ít kem ."
你 能 告诉 我 怎么 用 传真机 吗 ？,Bạn có_thể cho tôi biết cách sử_dụng máy_ảnh không ?
在 英格兰 什么 地方 是 游客 的 首选 ？,Nơi nào là nơi__ của khách_sạn du_lịch ở đâu ?
我 能 试试 这 条 短裤 吗 ？,Tôi có_thể thử cái quần này không ?
我 是 李英美 。 我 等 会儿 在 打来 吧 。,"tôi là Lý_Lệ_Anh , tôi đang đợi một_chút ."
是 我,là tôi
没有 ， 他们 还 在一起 。,"Không , họ họ cùng nhau ."
我 想要 能 使 我 年轻 点 的 颜色 。,Tôi muốn có_thể làm màu màu của tôi .
你 算 多少 钱 ？,Bạn tính bao_nhiêu tiền ?
你 电影票 呢 ？,bạn_học của bạn ?
这 是 去 海滨 的 路 吗 ？,Đây có phải là đường đến đến bờ không ?
我 以前 经常 打 英式 足球 。,Tôi đã gọi thường__đá bóng_đá .
它 坏 了 。,Nó bị hỏng .
我们 应该 至少 在 起飞 前 一 个 小时 到 那 。,Chúng_tôi nên đặt trước khi chúng_tôi một trước trước khi cất_cánh .
没 什么 大碍 。,Không có gì__ gì .
我 最好 还是 走 。,Tôi nhất_thấy hay_là .
我们 八点 到 那 。,Chúng_ta sẽ đến đó .
今天 小心 水母 。,Hôm_nay là một_ .
那么 ， 你 应该 去 看 什么 病 ？,"thế , bạn nên đi xem bệnh gì ?"
在 三 楼 。,Trên 3 dãy .
消食药 和 胃痛 药 不 一样 是 吗 ？,Một ăn thuốc_lá và đau đau không ?
你 能 告诉 我 巴士 什么 时候 到 四十二 车站 吗 ？,Bạn có_thể cho tôi biết xe_buýt đến đến giờ đến khi giờ ?
给 你 钱 。,gửi bạn tiền .
老人 虽然 年过七旬 ， 然而 容光焕发 ， 精力 充沛 。,"người_nhân năm nay_S , ,__nạn___ăn_lùng , ,_lùng_lực ."
约翰 击中 了 吉姆 的 头 。,"John , John_ đầu_tiên ."
祝 你 婚姻 幸福 。,Chúc bạn___ hạnh_phúc hạnh_phúc .
塑料袋 。,C túi nhựa .
婚礼 什么 时候 开始 呀 ？,Khi nào thì bắt_đầu khi nào ?
请 叫 服务员 打扫 房间 。,Xin vui_lòng gọi trực_viên xách phòng .
所有 的 人 都 在 这下 。,Mọi người tất_cả mọi người ở đây .
孙 老师 对 学生们 的 研究 课题 很 感 兴趣 。,thầy_giáo giáo_viên học__tập rất______ học_sinh .
请 马上 到 这里 来 。,Xin vui_lòng đến đây đến ngay .
我 要 开 一 个 账户 。,tôi muốn mở 1 tài_khoản .
我 结婚 了 。,Tôi lập gia_đình rồi .
我 需要 的 东西 都 带来 了 吗 ?,Tôi có cần mang tất_cả mọi thứ của tôi không ?
我 应该 在 哪 换 车 ？,Tôi nên đổi xe ở đâu ?
我们 明年 需要 添置 或 更换 哪些 东西 ？,Chúng_ta có_thể cần những loại_____phẩm ?
好 点 的 话 要 花 多 长 时间 ？,Cách nào thì sẽ mất bao_lâu ?
"唔 , 我 想 我 现在 该 走 了 。","Vâng , tôi nghĩ tôi phải đi bây_giờ ."
敏感 皮肤 可以 用 它 吗 ？,Bạn có_thể dùng nó nó không ?
这 是 我 邻居 。,Đây là con__ tôi .
HSK 成绩 怎么样 是 达到 要求 ?,Hền_K_tho là H yêu_m yêu_cầu ?
我 预订 一 个 下午 三点 的 网球场 要 一 个 小时 。,Tôi đặt đặt một sân_vợt vào lúc 3 giờ 30 chiều .
分开 卖 吗 ？,Nó có bán riêng không ?
今天 一 美元 能 兑换 多少 韩元 。,Hôm_nay là một đôla đổi__ bao__nhiêu .
你 贵 姓 ？,anh họ gì ?
我 完全 不 知道 呢 ！,tôi hoàn_toàn không biết lắm .
我 有点冷 。,Tôi hơi lạnh .
请来 一 双 九 寸 的 鞋子 。,Xin vui_lòng cho một đôi giày da .
我 不 好 .,tôi không khoẻ .
我 也 很 担心 。,tôi cũng rất lo_lắng .
让 我 看看 ， 要 等 一下 ， 因为 我 要 先 开 电脑 。,"Để tôi xem , cần đợi một , vì tôi phải đi mở máy ."
你 别 抽烟 了 。,Bạn đừng hút thuốc .
旅行 快乐,Chúc_phòng vui_vẻ
到 机场 大约 多少 钱 ？,Đến sân_bay mất bao_nhiêu ?
福特 先生 让 我 看看 你 。,"Ông Ebert , tôi xem thăm anh ."
航班 延误 了 四十五 分钟 。,Chuyến bay bị bị mất .
如果 你 再 买 一 瓶 同 类 的 香水 就 可以 减 百分之二十 的 价钱,"nếu bạn mua thêm nước_hoa_hoa , có_thể giảm giá phần_trăm"
它 就 是,nó là
日本 的 人口 数量 位 于 世界 第七 位 。,Dân_số của Nhật_Bản là người___giới .
请 您 过 这 边 。,xin ông qua đây .
你 喜欢 现在 的 工作 吗 ？,Bạn thích công_việc của bạn đang làm không ?
吃饭 时间 到 了 。,thời_gian ăn đến rồi .
我们 会 送 你 到 酒店 。,Chúng_tôi sẽ đưa bạn đến khách_sạn của bạn .
告诉 我 名称 和 路线 。,Nói cho tôi biết tên và và và đường_dây .
喂 ， 是 二九七六七六一 吗 ？,"alô , là số 77677 phải không ?"
她 是 一九六零年 出生 的 。,Cô ấy là sinh_ năm 1960 .
它 有 多 远 ？,Nó xaxa ?
给 我 晕机药 。,Hãy cho tôi thuốc máy_sấy .
请 给 我 拿些 旅游 信息 。,Làm_ơn cho tôi một_số thông_tin du_lịch .
你 会 给 我 多少 钱 的 折扣 ？,Bạn sẽ giảm giá bao_nhiêu tiền ?
你 要 听 我 的话 ， 和 按 我 的 想法 去 做 吧 。,Bạn phải nghe lời tôi và làm theo cách của tôi .
你 想 喝 点 什么 吗 ？,Bạn muốn uống gì không ?
我 能 要 个 处方 吗 ？,Tôi có_thể mua một toa thuốc được không ?
你 想 什么 时候 玩 ？,Bạn muốn chơi chơi khi nào ?
"但 事实 上 , 如果 你 想 看 伦敦 坐 巴士 比 坐 地铁 好 。","Nhưng việc_ra , nếu bạn muốn xem một_số xe_buýt hay__điện_ngầm ."
来 ， 让 我 照张吹蜡 的 相片,"nào , để tôi chụp hình tấm hình_"
今天 是 我 女 朋友 的 生日 。,Hôm_nay là sinh_nhật của bạn_gái tôi .
他们 虽 穷 但 很 快乐 。,Họ họ__ rất rất vui .
我 大约 兩点钟 来 找 你 。,Tôi sẽ đến bạn vào lúc lúc giờ giờ .
这个 是 吗 ？,Cái này phải không ?
请 稍等 一下 。,Xin vui_lòng chờ một_chút .
帮 我 留 着 这个 座位 好 吗 ？,Bạn có_thể vui chỗ này cho tôi được không ?
我 从 消防队 叫 了 一 个 。,Tôi đã gọi một cái một_ từ .
我 得 卧床 休息 吗 ？,Tôi có phải giường giường nghỉ không ?
我 想 剪头 和 刮 胡子 。,Tôi muốn cắt tóc và râu .
经销商 对 产品 的 反响 不错 。,Tả_phẩm có___ đối_với sản_phẩm của bạn rất tốt .
还 过 得 去,vẫn chưa đi
下 星期天 早上 ， 从 九点 到 中午 一点 。,"sáng_nhật tuần , từ 9 giờ 30 đến ."
我 自己 去 找 。,Tôi sẽ đi tìm .
请 问 ， 快到 黎利 条路 了 没有 ？,"xin hỏi , sắp đến đường_lộ_lộ chưa ?"
你 知道 她 多少 岁 吗 ？,Bạn có biết cô ấy bao_nhiêu tuổi ?
若是 你 有空 ， 我们 一起 去 玩,"ngày_ rãnh bạn rãnh , chúng_ta cùng đi chơi"
这 两 天 我 得 去 办 各 种 手续 ， 没 时间 去 向 你 告别 了 。,"ngày hôm tôi phải đi làm thủ_tục , thời_gian , đi đến_biệt bạn ."
具体 有 哪些 培训 内容 呢 ？,cụ_dung có__dung huấn_luyện cụ ?
他们 姓阮 。,họ họ Nguyễn .
我们 对 家俱 感 兴趣 。,Chúng_tôi quan_tâm đến nhà__đình .
我 永远 不 原谅 他,tôi mãi_mãi không thứ lỗi anh ta
我们 去 欧洲 啦 。,Chúng_ta hãy đi châu châu .
我 有点 急事 ， 让 我 进去 吧 。,"tôi hơi lo_lắng , để tôi đi ."
你 是 个 爽直 的 人 ， 又 很 严格 。,Bạn là người sống thẳng_thắn và rất nghiêm_khắc .
为什么 会 那样 ？,Tại_sao nó sẽ như vậy ?
我 怎么 去 饭店 ？,Tôi đến khách_sạn bằng cách nào ?
你 在 哪儿 学习 ？,bạn học ở đâu ?
是 的 ， 是 很 久 啦 ， 我 从 上 周一 开始 感到 不 舒服 的 。,"Vâng , rất khá . Tôi đã cảm_thấy đến từ cuối_cùng ."
还 要 五 小时 三十 分钟 。,còn hơn 5 giờ 30 phút .
我 让 服务员 用 万 能 钥匙 打开 。,Tôi phục_vụ phục_vụ trực_ vạn_năng khóa vạn_năng .
房 内 太 冷 。,Căn phòng này quá lạnh .
我 可以 帮 你 做 点 什么 吗 ？,Tôi có_thể giúp bạn bất_cứ gì bạn không ?
越南 有 很多 名胜 古迹 。,Việt_Nam có rất nhiều danh_lam_thắng_cảnh .
您 什么 时候 到 这 ？,Bạn khi nào đến đây ?
我 给 你 带来 了 收录机 ， 你 可以 听听 英文 广播,"tôi đưa cho bạn tiền_____ , bạn có_thể nghe nghe tiếng Anh__"
这儿 有 人 能 试试 人工 呼吸 吗 ？,ở người có_thể thử người ở đây được không ?
你 能 把 这些 寄到 日本 吗 ？,Bạn có_thể gửi những cái này sang Nhật_Bản không ?
兩个 汉堡 兩份 法国 炒饭 。,Hai hai bánh_mì kẹp thịt Pháp Pháp Pháp .
你 能 告诉 我 我 该 做 什么 吗 ？,Bạn có_thể cho tôi biết tôi nên làm gì gì ?
有空 的 时候 你 喜欢 作 什么 ？,Vào thời_gian rảnh bạn thích làm gì ?
能 把 这个 行李 直接 发到 伦敦 吗 ？,Bạn có_thể gửi hành_lý này cho đến__ được không ?
我 想 要 一 个 电灯泡 谢谢 。,Làm_ơn tôi muốn một đèn- điện .
这 两 天 哪儿 的 人 都 这么 多 。,người_ ngày hôm_nay đều như vậy .
树叶 开始 变红 了 。,C__ung_đầu đã bị_ .
一 个 星期 有 几 天 ？,1 tuần có mấy ngày ?
从 这 次 的 考察 来 看 ， 我们 后面 要 调整 战略 目标 。,"Từ đây là lần đầu_tiên đến , chúng_tôi sau đó phải lấy__l__l ."
吸烟区 在 哪 ？,Khu hút thuốc ở đâu ?
就 在 左边 。,Nó nằm ngay bên trái .
我 的 手机 很 旧 ， 它 总是 出 问题 。,"Điện_thoại của tôi rất cũ , nhưng nó có vấn_đề ."
化妆品 商店 在 哪里 ？,Cửa_hàng bán_phẩm ở đâu ?
有 其他 的 饮料 吗 ？,Có có nước nào khác không ?
请 多 保重 。,Xin bảo trọng hơn .
他们 应该 等 飞机 完全 停稳 后 再 取 他们 的 行李 。,Họ nên chờ_ máy__bay nên__lý của họ sẽ lấy_lại .
车 停 哪 ？,Xe_ dừng lại ở đâu ?
我 马上去,tôi đi ngay
我 应该 去 哪 个 柜台 ？,Tôi nên đi quầy nào ?
大约 四十 分钟 。,Khoảng khoảng bốn phút .
我 可以 看 时间表 吗 ？,Tôi có_thể xem thời_gian_gian được không ?
我 想 是 披头士 乐队 ， 是 吗 ？,"tôi nghĩ là đội_H_an , phải không ?"
是 kimuraKIMURA 。,Nó là Eus_M_M_A .
我 想 去 报告 我 丢失 的 包 。,Tôi muốn báo_cáo về túi_xách của tôi .
我们 可以 马上 给 你 上 小 排骨 。,Chúng_tôi có_thể lập_tra cho bạn ngay bây_giờ .
你 相信 吗 ？,bạn có tin không ?
你 的 支票号 是 多少 ？,Số_phí của bạn là bao_nhiêu ?
太 好 了 。 我 会 考虑 的 .,Thế tốt quá rồi . Tôi sẽ suy_nghĩ .
你 能 推荐 一 家 这个 城市 的 饭店 吗 ？,Bạn có_thể giới_thiệu một khách_sạn thành_phố này không ?
我 是 法国人 。,tôi là người Pháp .
你 收 AMEX 卡 吗 ？,Bạn có chấp_nhận thẻ tín_dụng không ?
五 英镑 和 十 英镑 的 你 想要 哪 个 ？,Bạn muốn cái nào và hai mươi bảng Anh và hai mươi bảng Anh ?
那儿,đó
有 标签 吗 ？,Bạn có thẻ nào không ?
坐 公共 汽车 还 是 骑 自行车 去 ， 我们 商量 一下儿 。,"Đi xe_buýt hay_là đi xe_đạp , chúng_taong lượng một_chút ."
你 有 城市 指南 吗 ？,Bạn có hướng_dẫn__phố không ?
请 你 进来 。,mời anh vào .
我 对 药 过敏 。,Tôi dị dị_ứng thuốc thuốc .
请 你 把 盐 给 我 拿 过来 好 吗 ？,Bạn có_thể vui_lòng mang cho tôi cho tôi được không ?
有 很多 温泉 因为 我们 有 许多 火山 。,"Có rất nhiều suối_v , chúng_tôi có nhiều người_ch nhiều ."
今天 三十一 号,hôm_nay ngày 31 tháng
小姐 ， 三三五 号房 里 没有 人 接 电话 。,"chị ơi , 3 phòng số 4 từ ngày__thoại ."
让 我 看看 你 的 护照 。,Hãy để tôi xem hộ_chiếu của bạn .
请 你 在 这里 坐,mời bạn ngồi ở đây
招待 不 周到 ， 真 抱歉 !,"Chủ_ không không được , , thật xin lỗi ."
请 给 我 拿 一些 来 。,Làm_ơn cho tôi một_số .
九 A 。,A 9 A .
我 应该 签名 吗 ？,Tôi có phải ký_ký phải không ?
你 现在 对 什么 最 感 兴趣 ？,Bạn hiện_thú đối_với nào ?
凡是 你 选 的 都 可以 。,"Mọi việc , bạn đều chọn__cả ."
给 我 一点 时间 去 考虑 。,Hãy cho tôi một_số đi du_lịch .
我们 看到 许多 回 游鱼 。,Chúng_tôi nhìn thấy một bàn__ cá_B .
什么 原因 你 退休 ？,thứ_nhân bạn đã nghỉ hưu ?
我 今天 是 早上 八点 起床 的 。,Hôm_nay tôi dậy lúc 8 giờ sáng .
你 有 城市 观光 巴士 吗 ？,Bạn có xe_buýt tham_quan thành_phố không ?
对 ， 很 好 。,"đúng , tốt lắm ."
也 写 上 航空 公司 和 航班号 。,cũng viết trên hãng hàng_không và số bay .
时间 长 了 就 习惯,thời_gian dài thì quen_
我 龋洞 有 问题 。,Tôi có vấn_đề gì đó .
十 分钟 前 刚 走 了 一 辆 。,Đi đi xuống và đi trước một phút .
我 的 存根 也 被 偷 了 。,B_c của tôi cũng đã bị mất_cắp .
你 必须 得 在 这 次 航班 上 给 我 安排 一 个 座位 。,Bạn phải phải cho tôi một chỗ ngồi trên chuyến bay này .
你 有 什么 地方 可以 让 我 放行 李 吗 ？,Bạn có nơi nào để tôi có_thể đặt_ ?
你 能 给 我 找 个 临时 看 小孩 的 人 吗 ？,Bạn có_thể tìm cho tôi người người trẻ_em trẻ_em được không ?
你 能 帮 我 叫个 出租车 吗 ？,Bạn có_thể gọi cho tôi một chiếc xe taxi được không ?
你 想 看 电视 吗 ？,Bạn muốn xem ti_vi không ?
离 起飞 还 早 着 呢 ！,cách rời đi sớm mà !
航空 邮件 到 日本 多少 钱 ？,Gửi thư bằng đường_hàng_không giá bao_nhiêu ?
我 想 让 你 领 我 去 邮局 可以 吗 ？,Tôi muốn bạn đi bưu_điện_điện được không ?
另 一 个 准备 好要 多 长 时间 ？,Một sẵn_sàng tốt hơn bao_lâu ?
谁 站 在 你 的 后面 ？,"Ai đó , bạn có__hàng của bạn ?"
不 想要,không muốn
中学 毕业 后 我 想 继续 学 大学 。,Sau khi tốt_nghiệp trung_học tôi muốn học học đại_học .
那儿 有 各种各样 的 商店 ， 买 东西 非常 方便 。,"ở đó có cửa_hàng bán hàng_ , mua mua đồ_ rất tiện_lợi ."
女 的 。,Gian .
就 在 上 一 次 ， 跟 小王 一起 吃 的 。,"Nóới lần trước , ăn chung với Tiểu_Vương ."
像 这么 热 的 天气 非常 罕见 。,Thời_tiết đẹp như thế này rất nóng .
我 要 一 片 这个 。,Tôi sẽ dùng cái này .
谢谢 你 做 的 每 件 事 。,Cảm_ơn bạn đã mọi thứ .
她 偷 了 我 的 钱包 。,Cô ấy đã đánh_cắp ví của tôi .
我 喜欢 电影院 。,Tôi thích phim phim .
但是 很多 人 是 在 家 里 举行 葬礼 的 。,Nhưng nhiều nhiều người là được tổ_chức tại cửa_hàng .
这些 奖品 是 用来 奖励 优秀 学生 的 。,"Những hàng này của là lung__ , và lải ."
我 付 差额 请 算算 。,Tôi trả_giá tính tiền tính tính tiền .
"你 到 那 以后 , 再 问问 别人 。","Anh đến sau đó , hãy hỏi khác khác ."
请 用 挂号 邮件 寄 。,Xin vui_lòng gửi thư bằng thư_bảo .
这个 航班 没 座 。,Chuyến bay này không không .
你 能 用 别 的 话 再 说 一 遍 吗 ？,Bạn có_thể nói_thích một lần nữa không ?
你 不 能 随身 带 那 个 行李 。,Bạn không_thể mang theo cái túi_lý của bạn .
你 好 ！ 安娜 ， 请进 ！,"Chào ! , , mời vào !"
你 介意 我 把 我 的 包放 在 行李架 上 吗 ？,Bạn có phiền nếu tôi túi túi của tôi trên túi_lý của tôi không ?
大概 三 年 前 。,khoảng 3 năm .
负担 减轻 了 。,Răng_cả giảm_lung .
我 已经 有 计划 了 。,Tôi đã có kế_hoạch rồi .
请 寄 挂号 信 。,Xin vui_lòng gửi thư_bảo_bảo_đảm .
一 个 人 八 美元 。,Một người tám tám đô_la .
在 演 什么 ？,ở gì ?
请问 ， 在 那儿 挂号 ？,"xin hỏi , ở đó lấy số ?"
我 将 迟到 十五 分钟 到 会 。,Tôi sẽ đến trong mười lăm phút .
你 能 再 检查 一 次 吗 ？,Bạn có_thể kiểm_tra lần nữa lần nữa không ?
"如果 它们 在 那 , 你 能 马上 把 每 件 东西 都 拿来 吗 ？","Nếu chúng_tôi , bạn có_thể mang theo cái gì đó mỗi thứ được không ?"
我 要 等 多久 它 才 到 ？,Tôi phải đợi bao_lâu ?
你 要 找 哪 种 工作 ?,bạn muốn tìm việc_việc nào ?
我 几 点 前 到 机场 ？,Tôi nên đến sân_bay lúc mấy giờ ?
我 就 看看 谢谢 你 。,Tôi sẽ tìm bạn cảm_ơn .
给 我 看看 那件 灰色 的,cho tôi xem cái đó màu màu nâu
我们 把 他 送到 医院 去 了 。,chúng_ta đưa anh ta đến bệnh_viện .
我 应该 把 这 篇 课文 翻译 成 英文 。,Tôi nên đặt bài này_văn_văn_văn .
隔壁 桌子 的 菜 看 起来 很 不错 。,Những người trông___vẻ của__vẻ rất ngon .
这 要 看 是否 你 有 东西 要 申报 。,Nó phụ_thuộc vào thứ bạn có cần khai_báo .
你 在 喝 什么 ？,Bạn đang uống gì ?
为什么 在 那儿 ？,Tại_sao ở đó ?
那 趟 巴士 会 带 你 到 海湾 景色 酒店 。,Chiếc xe_buýt sẽ sẽ dẫn bạn đến khách_sạn B_vi_tin .
我 要 打给 的 是 YukoNishihara 太太 。,Tôi muốn gọi cho người_ko_ko_Mishia_C .
请 代 我 向 你 妻子 问好 。,Xin_ơn cho tôi gửi lời__thăm của bạn .
你 能 给 我 估 个 价 吗 ？,Bạn có_thể cho tôi một ước_tính không ?
我 要 买 一 本 作为 风俗画 带 回家 。,tôi muốn mua 1 cuốn sách về__học .
还 有 你 想要 什么 甜点 ？,Và bạn muốn dùng gì cho món tráng_miệng nào ?
他们 工作 忙 吗 ？,công_việc họ có bận không ?
这 家 饭店 我们 来 过 ， 你 还 记得 吗 ？,"Chúng_tôi từng đến nhà_hàng này , bạn còn nhớ chứ ?"
豪华 轿车 会 先 停 在 北门 。,Xe_hơi lớn xe_lửa dừng lại ở phía trước .
我 在 下午 两 点 一刻 出发 。,Tôi sẽ khởi_hành lúc giờ giờ chiều .
请 把 油箱 灌满 。,Xin vui_lòng đầy_dụng đầy_ .
我们 都 需要 改善 我们 的 科技 基础 。,Chúng_tôi đều cần những_số tài__ của chúng_tôi ._tôi .
有 加州 葡萄酒 吗 ？,Bạn có rượu_vang không ?
我们 经常 去 看望 亲戚 。,chúng_ta thường đi xem nhà_hàng .
"早上 六点半 起床 ,","buổi sáng 6 giờ rưỡi sáng ,"
萨姆 。,Pam .
多久 才 有 相片 ？,bao_lâu mới có hình ?
我 觉得 没 问题 ， 我 还 有 两 张 信用卡 。,"Tôi cảm_thấy không vấn_đề , tôi hai hai thẻ tín_dụng ."
百 年 好 合 ！,Trăm_nămảo hợp_ hợp !
我们 进去 吧 。,Hãy đi vào .
请 给 我 来 些 西红柿 。,Làm_ơn cho tôi một_ít cà_chua .
他 想 谈 一下儿 公司 合并 的 问题 。,Anh ấy muốn nói_chuyện với một công_tác về công_tác .
你 随身 带 了 多少 钱 ？,Bạn mang theo bao_nhiêu tiền_thân ?
我们 有 很多 种类 。 请 你 选,chúng_tôi có rất nhiều loại__ . xin mời bạn chọn
我 会 家 。,Tôi sẽ .
我 也 想 送 你 一 份 生日 礼物 。,Tôi cũng muốn tặng bạn một món quà sinh_nhật .
你 没有 深色 的 衣服 吗 ?,Bạn không có quần_áo màu đậm phải không ?
春节 庙会 真 是 分外 热闹 。,Vào mùa__lịch__ thật là__nhiệt_nhiệt .
嗯 好 吧 。,"Vâng , tốt thôi ."
哪 有 讲 日语 的 医生 ？,Có bác_sĩ nào nói tiếng Nhật ở đâu ?
我 怎么 做 ？,Tôi có_thể làm gì ?
我 觉得 我 的 肚子 好像 塞满 了 东西 涨 起来 。,Tôi nghĩ rằng tôi đã bị___như bị vỡ_
我们 用 筷子 吃饭 。,Chúng_tôi dùng dùng cơm ăn cơm .
五 张 十 美元 的 钞票 谢谢 。,Làm_ơn cho tờ tờ 10 đô_la .
我 对 那 个 不 熟悉 。,Tôi không_thể không thấy nó ở đó .
我们 看 一下 那 段 时间 什么 时候 比较 方便 。,Chúng_ta hãy xem thời_gian để tiện_lợi tiện_lợi .
你 要 冲 这个 胶卷 吗 ？,Bạn có muốn phim phim này không ?
我 会 游泳 。,Tôi sẽ bơi_lội .
哦 我 不 知道 。,"Ồ , tôi không biết ."
叫 经理 来 。,Tôi gọi người quản_lý .
快快 地 走吧,nhanh nhanh đi thôi
我 没 去 过 那里 。,Tôi không đến đó .
238 房间 的 客人 太 吵 了 。,Người phòng khách_ phòng quá phòng .
收到 国际 包裹 你 能 把 它 发 到 我 日本 的 地址 吗 ？,Bạn có_thể gửi_chỉ đến_chỉ của tôi đến khi tôi đến Nhật_Bản được không ?
燕麦片 和 两 个 鸡蛋 加 香肠 和 奶茶 。,Th__ và hai trứng với trứng và và__ và trà .
你 打算 送给 谁 啊 ？,bạn dự_định ai ai ?
小 刘 要 去 日本 ， 他 不 知道 可以 托运 多少 行李 。,"Tiểu_Lưu đi đi Nhật_Bản , anh ta không biết có_thể vận__ hành_lý ."
校庆 在 十月 进行 。,N___ ở phía bên phải .
马丁 太太 ， 请 这 边 来 。,"Tán_ quá , mời mời ngồi bên này ."
六点三十 。,6 giờ 30 phút .
但是 同时 我们 的 工业 需要 很多 劳 动员 。,Nhưng đồng_nghiệp chúng_tôi của chúng_tôi cần rất nhiều______viên .
我 的 钱包 在 免税 商店 里 被 偷 了 。,Ví của tôi đã bị mất_cắp tại cửa_hàng miễn thuế .
其它 牌子 的 ？,hiệu_hiệu khác không ?
我 能 试 一下 吗 ？,Tôi có_thể thử thử không ?
它们 在 电视机 的 左边 。,Họ bên trái ở phía bên tivi .
由于 生病 我 不得不 放弃 这 次 出游 机会 。,Do tôi không_thể không được không_ cơ_hội để tham_hội này .
你 觉得 还 有 什么 地方 值得 一 去 ？,Bạn nghĩ nghĩ nơi nào để tham_quan đáng_ ?
你 能 挪开 一点 吗 ？,Bạn có_thể vui_lòng chuyển sang một_ít được không ?
林 先生 刚 出去 。,Ông Jones vừa_mới ra .
年糕 是 日本 的 一 种 传统 食品 。,Gi là một___thống__thống của_thống của Nhật_Bản .
我 想 把 钱 转到 储蓄 账户 上 。,Tôi muốn đổi tiền_ tài_khoản tiết_kiệm .
小 李,Tiểu_Lý
您 买 票 了 吗 ？,ông có mua vé không ?
可以 一 周 上午 上班 ， 一 周 下午 上班 吗 ？,"có một tuần đi vào sáng , tuần sáng tuần chiều không ?"
酒吧 间 两 位 谢谢 。,Xin vui_lòng cho hai người .
我 没有 和 子 写 得 好 。,Tôi không có và_điệp .
虽然 你 说 对 不过 我 还 按照 我 的 意见 来 做,tuy bạn nói cho tôi biết tôi_thân tôi tôi dự_định làm_việc
我 看 这个 计划 很 好 .,Tôi thấy kế_hoạch này rất tốt .
请 问 通过 地址 我 可以 知道 它 的 电话 号码 吗 ？,Xin vui_lòng cho tôi biết số điện_thoại có_thể không ?
现在 有 去 牙床 的 车 吗 ？,Bây_giờ có xe_lửa đi đến trên giường không ?
好 的 ， 我 先 准备好 等 你 。,"Được , tôi sẽ gửi bạn trước ."
我们 要 去 坐 地铁 ，,"Chúng_ta sẽ đi tàu_điện_ngầm ,"
这个 房间 很 不错 。,Phòng này rất đẹp .
这 照片 是 二十 年 前 了 ， 你 可以 翻新 吗 ？,"đây là năm mươi năm rồi , bạn có_thể đổi_ không ?"
我 要 三百 克 这个 。,Tôi sẽ lấy cái này .
近来 好 吗 ？,Nó có được không ?
你 现在 想 付帐 吗 ？,Bạn có muốn trả phòng bây_giờ không ?
别 忘记 我 吧 。,Đừng quên . tôi .
非常 好 谢谢 你 。,"Rất tốt , cảm_ơn bạn ."
当然 ， 没 问题 。 给 你 ， 一共 是 25 美元 。,"Dĩ_nhiên , không có vấn_đề gì . Bạn là là đô ."
我 想 要 自动 档 的 有 不错 英 里数 的 车 。,Tôi muốn một chiếc xe có có___ hơn trong một_ .
在 哪 能 换 钱 ？,Tôi có_thể đổi tiền ở đâu ?
你 游泳 游 得 好 不 好 ？,anh_ bơi của bạn không tốt ?
大约 一 星期 后 你 来 取 。,Khoảng 1 tuần sau bạn đến lấy .
你 可以 在 下 站下 然后 走 回去 。,Bạn có_thể xuống ở dưới sau tiếp_theo .
"是 的 , 先生 , 这 住 的 不错 的 , 给 司机 消费 , 您 明白 我 的 意思 吗 ？","Vâng , thưa ông , ở đây , cái này , tiền ti_phí , tiền cho tôi không ?"
这 件 衣服 没有 洗 干净 。,Chiếc áo này không sạch sạch sạch sạch .
请 问 我 从 这儿 怎么 去 银行 ？,Tôi có_thể đi đến ngân_hàng như thế_nào ?
请 收拾 下 桌子 好 吗 ？,Bạn có_thể vui_lòng dọn bàn không ?
我 今天 上午 没有 收到 报纸 。,Tôi không_thể nhận được tờ báo vào ngày hôm_nay .
我 要 付 这个 票价 的 差额 吗 ？,Tôi có trả trả một_số loại giảm giá cho giá_trị này không ?
今天 中午 一起 吃 个 午饭 怎么样 ？,trưa trưa trưa trưa trưa trưa trưa trưa trưa trưa ?
我 需要 转车 吗 ？,Tôi có phải chuyển chuyển không ?
明天 下午 三点,chiều mai chiều 3 giờ chiều
麻烦 你 了,làm phiền bạn rồi
你 能 订 音乐节 吗 ？,Bạn có_thể đặt trước một__ không ?
能 把 盐 递给 我 吗 ？,Bạn có_thể chuyển cho tôi lọ muối được không ?
因为 狗 很 可爱 又 会 看家 。,Bởi_vì chó rất dễ_thương vừa biết coi nhà .
你 在 哪儿 工作 ？,anh làm_việc ở đâu ?
我 怎么 叫 信息 服务台 呢 ？,Tôi có_thể gọi thông_tin bằng cách nào ?
你 不 能 始终 做 同样 的 事 。,Bạn không_thể làm điều_ điều đó .
看 牙科,xem răng
是 的 三 瓶 威士忌 和 一 盒 烟 。,"Vâng , ba chai rượu whisky và một hộp ."
你 是 做 什么 工作 的 ？,Bạn làm nghề gì ?
好 谢谢 你 .,"Cám_ơn bạn , ."
地点 在 哪儿 ？,địa_điểm ở đâu ?
给 我 支 雪茄 。,Hãy tôi tôi một_ít cà_chua .
他们 那 可以 预订 。,Họ sẽ được đặt trước .
有 电影 吗 ？,Bạn có phim không ?
去 安徽 玩玩,đi đến__chơi
是 的 我 有 在 哪里 和 城市 向导 。,"Vâng , tôi có_thể lãnh_tra ở thành_phố ."
吃 两 天 药 ， 就 会 好 的 。,"ăn hai ngày , thì sẽ sẽ tốt ."
我 头疼 ， 咳嗽 。,Tôi bị nhức đầu .
一 男 一 女,1 nam 1 nữ
快 请进 。,mời vào .
我 在 写 毛笔 字 ， 没 画画儿 。,"tôi ở viết chữ bằng bút_lông , không phải vẽ tranh ."
然后 往左 走 。,Sau đó đi thẳng .
他 一 吃完饭 就 走 了 。,Anh ta ăn xong xong một_chút rồi .
我 要 换 个 房间 。,Tôi muốn đổi phòng .
需要 多久 ？,cần bao_lâu ?
你 喜欢 什么样 的 音乐 ？,Bạn thích loại nhạc gì ?
"对 不 起 , 今天 其它 的 房间 都 满 了 。","Xin_lỗi , hôm_nay phòng phòng của tôi đã đủ rồi ."
你 确定 要 换 它 吗 ？,Bạn có chắc_chắn nó không ?
检查 行李 的 地方 在 哪儿 ？,Nơi kiểm_tra hành_lý ở đâu ?
我们 可以 在 这 看 日出 是 吗 ？,Chúng_tôi có_thể xem nó trên cái này không ?
对 不 起 ， 我 拨错 了 。,"Xin_lỗi , tôi đã gọi nhầm số ."
在 这个 星期 ， 我们 公司 职员 组织 去 旅游 。,"ở tuần này , chúng_ta nhân nhân_viên nhân_viên du_lịch đi du_lịch ."
她 怎么 了 ？,Cô ấy bị thế_nào ?
请 坐 在 那 。,Làm_ơn hãy ngồi ở đó .
周末 你 要 做 什么 ?,Cuối tuần bạn muốn làm gì ?
你 要 肉 还是 要 鸡 ？,Bạn muốn thịt hay hay không ?
请 给 止痛药 。,Làm_ơn giảm đau .
我 非常 喜欢 吃 水果 除了 无花果 。,Tôi rất thích ăn nhiều nhạc_quả_quả .
点儿,cũng
这 不 是 我 点 的 。,Đó không phải là món tôi gọi .
对 不 起 但是 这个 字 OMEDETOUGOZAIMASU 太 长 了 所以 不 能 计算 字数 。,"Xin_lỗi , nhưng__đ này có__số E__ không_thể_động ._vì ._vì ."
我 计划 明天 去 购物 。,Tôi định đi mua_sắm vào ngày_mai .
"有 蓝色 的 , 红色 的 和 黄色 的 。",có màu xanh màu đỏ màu đỏ màu vàng .
工作 进展 得 如何 ？,công_việc ở_ như thế_nào ?
仍然 得 谢谢 您 不过 我 真 得 走 了 。,"Cảm_ơn bạn , cảm_ơn bạn tôi thật về ."
充足 的 睡眠 是 非常 重要 的 。,Những người ngủ___ là quan_trọng .
八点半 左右 如果 你 不 介意 的 话 。,8 giờ 30 được không nếu bạn không thấy vào .
他 家 离 我 家 更 近 ， 我们 之间 只 隔 三 间 房子 。,"Nhà anh ấy cách nhà tôi rất gần_ , chúng_tôi chỉ có_ chỉ còn căn phòng nhà__ ."
什么 时候 建 的 ？,Khi nào nó đã ?
我 能 问 你 一些 有关 美国 学校 生活 的 问题 吗 ？,Tôi có_thể có một_số câu hỏi_ trường các bạn có trường không ?
或许 是 真的 但 我 不 能 确定 。,Có_lẽ là nhưng tôi không_thể chắc_chắn .
我 也 很 好 ， 谢谢 。,"Tôi cũng rất khoẻ , cảm_ơn ."
你 要 付 额外 的 费用 。,Bạn sẽ trả phí phụ_thu .
当时 我 正 在 一 家 餐馆 吃饭 。,Tôi đang ăn ở nhà_hàng ở nhà .
给 我 说 一下 时间 和 地点 就 可以 了 。,Nói cho tôi một thời_gian và địa_điểm và được .
博物馆 开放 进去 参观 吗 ？,Bảo_tàng có mở_cửa vào mùa_ không ?
这 简直 是 一 场 梦 。,Nó là__ là một bộ_ .
我 说 ： “ 来 得 太 晚 了 ， 真 抱歉 ， 请 原谅 。 ”,"tôi nói : "" đến trễ quá , thật xin_lỗi , xin thứ lỗi ."
不 好意思 ，,Rất tiếc .
你 看 得 懂 这 场 话剧 吗 ？,Bạn xem hiểu được__nói này không ?
我 想 邮信,tôi muốn gửi thư_
我 不 喜欢 这个 样子 。,Tôi không thích kiểu_dáng này .
等 一下 ， 我 正 在 选择 。,"Chờ một , tôi đang chọn chọn ."
相同样子 的 有 黑色 的 吗 ？,Bạn có cái màu đen màu đen không ?
病人 的 脚肿 的 没有 比 想象 中 的 严重 。,Chân bệnh bệnh__x không có ý_tượng với những người .
我 在 想 是 什么 原因 。,Tôi nghĩ là nguyên_nhân_nhân .
有 一点 太 贵 了 。,Có một cái quá đắt .
MORI 。,Mi - - - .
开始 时 很 困难 ， 可是 现在 习惯 了,"Thời_gian rất khó_khăn , nhưng hiện_tại rồi quen rồi"
请 一直 走到 这 条 街 的 尽头 。,Làm_ơn đi thẳng đường này đường này .
你 说 的 正 是 我 想 到 的 。,Lời bạn nói chính là bạn tôi nghĩ đến .
我 想 订兩 个 八月 三号 去 纽约 的 位子 。,Tôi muốn đặt hai chỗ cho đến New_York vào ngày 8 tháng 8 .
星期天 下午 你 能 来 我们 家 喝 一 杯 吗 ？,Bạn có_thể đến bạn một_ nhà chúng_tôi một bữa ăn tối được không ?
哪 种 类 你 要 看 ？,loại nào loại nào bạn cần xem ?
我 要 一 个 大杯 雪碧 。,Tôi muốn một S Sprite .
你 的 名字 ？,Tên của bạn là gì ?
小张 手机 换号 了 ， 怪不得 我 打 不 通 电话 。,"Tiểu_Trương__động đổi tiền rồi , thảo_nào tôi không gọi điện_thoại ."
吃饱 了 。,Tôi no rồi .
分,phút
我 想 出来 了,tôi muốn ra rồi
我 也 顺路 ， 我 陪 你 走吧,"tôi cũng rất đường , tôi tôi bạn bạn đi"
我 要 叫 厨师 来 解释 一下 吗 ？,Tôi có phải gọi giải_thích giải_thích không ?
我 要 白面包 。,Tôi muốn dùng bánh_mì .
你 有 存根 吗 ？,Bạn có tài_khoản không ?
我 想 要 一些 治 消化 不良 的 药片 。,Tôi muốn một_ít thuốc trị tiêu_ .
对 你 来说 在 工作 文化 的 重要 度 怎么样 ？,theo bạn mà nói_biết văn_hoá văn_hoá như thế_nào ?
为什么 不 在 上面 多 加点 胡椒粉 呢 ？,Tại_sao không không thêm thêm thêm thêm thêm ?
我 是 家庭主妇 。,Tôi là nội_trợ gia_đình .
现在 你 打算 去 哪儿 ？,bây_giờ bạn dự_định đi đâu ?
你 还 有 今天 的 票 吗 ？,Bạn có vé vé cho ngày hôm_nay không ?
飞往 大阪 的 252 次 航班 有 什么 变动 吗 ？,Chuyến bay nào có chuyến bay thay_đổi nào không ?
去 了 ， 刚 回来 。 早上 你 自己 做 早饭 还是 到 外面 吃 ？,"Đi rồi , vừa_mới về về . Bạn sáng sáng chị tự chị đi ra ngoài ăn sáng hay ăn ra ngoài ăn ?"
怪不得 我 再 也 没 见 过 王晓 ， 原来 她 出国 留学 了 。,"Chả_trách tôi cũng không gặp Vương__ , ,_ra cô ấy đã xuất_ ."
你 认为 这 种 关系 有 希望 吗 ？,Bạn có nghĩ rằng bạn có có__ không ?
我 想 明早 离开 。,Tôi muốn rời khỏi rời .
发动机 出 了 故障 。,Đi máy_lạnh có vấn_đề gì_cố .
我们 附近 有 两 三 家 十分 不错 的 。,Chúng_tôi có hai chỗ trống vào lúc 10 giờ . .
你 可以 画 一 张 地图 吗 谢谢 ？,Bạn có_thể vẽ một bản_đồ không ?
对 不 起 ， 我 把 取衣单 丢 了 。,"Xin_lỗi , tôi đã lấy mất__ mất ."
摔跤 比赛 什么 时候 开始 ？,Khi nào trận_đấu bắt_đầu khi nào ?
我 很 高兴 你 来 日本 。,Tôi rất vui khi bạn đến Nhật_Bản .
"一 杯 啤酒 , 法国式 的 牛排 加 炸 薯条 还 有 厨师 的 特色 沙拉 。","Một bia bia , một phần_lớn , thịt_tây chiên , và_ trộn , và xà_lách tôm ."
既然 是 孩子 就 要 听 父母 的 话,vì vậy là con_ nghe lời cha_mẹ
我 要 去 纽约 出差 。,Tôi sẽ đi đến New_York .
有 餐馆区 吗 ？,Có nhà_hàng nào không ?
请 发 个 电报 。,Xin vui_lòng gửi bức điện_tín .
这 次 休假 去 哪里 ？,lần nghỉ_phép này đi đâu ?
真 倒霉 。,Thật là ng .
你 是 哪 个 大学 毕业 的 ?,Bạn tốt_nghiệp đại trường đại_học nào ?
我 可以 用 一下 你 的 手机 吗 ？,Tôi có_thể sử_dụng điện_thoại của bạn không ?
为什么 非洲人 是 黑皮肤 ， 亚洲人 是 黄皮肤 ？,"Vì_sao là người nhận__ , , , châu Á là vàng__ ?"
我 想 订 一 个 今晚 的 房间 。,Tôi muốn đặt một phòng cho đêm nay .
请 你 给 我 看看 你 的 身份证,mời bạn cho tôi xem giấy chứng_minh_nhân của bạn
有 小点 的 吗 ？,Bạn có cái nhỏ hơn không ?
十 天 。,10 ngày .
唔这个 高 质量 的 山羊皮 腰带 怎样 ？,"Còn về ,___ cao_____lượng cao_đ nào thì sao ?"
我 正 走向 门外 。,Tôi đang đi ra ngoài .
那 ， 卖给 我 两 件,"vậy , bán cho tôi 2 2"
请 问 主 餐厅 在 哪 ？,Làm_ơn cho hỏi nhà_hàng ở đâu ?
去 博物馆 在 哪 下车 ？,Tôi nên xuống ở đâu để đi đến ?
帕特里克 ， 你 昨晚 为什么 不 打 电话 给 我 ？,"Verer , , bạn có_thể gọi điện_thoại cho em không ?"
我 想 用 适合 干性 头发 的 洗发水 。,Tôi muốn dầu gội gội cho tóc nhờn .
有 没 有 我 能 一边 喝 酒 一边 欣赏 草 裙舞 的 地方 ？,Có có_thể dùng một_số rượu uống rượu mà không có nước__ ?
我 原 想 你 能 帮 我 了解 一下 菜单 。,Tôi nghĩ bạn có_thể giúp tôi biết thực_đơn .
你 能 帮 我 一 个 忙 吗 ？,Bạn có_thể giúp tôi một cái không ?
我 的 母亲 四十 岁 左右 。,Đ tôi khoảng 40 tuổi .
我 坐 这里 你 介意 吗 ？,Tôi có_thể lấy lại đây không ?
初学者 可以 上 那 个 课 吗 ？,Có_thể cho tôi một người mới bắt_đầu không ?
你 的 邮箱 地址 是 什么 ？,Địa_chỉ của bạn_chỉ của bạn là gì ?
我 预订 了 日本 航空 公司 的 010 航班 。,Tôi đã đặt chuyến bay JAL_0_không Nhật_Bản .
哪里 是 观光 的 好 去处 ？,Nơi nào tốt tốt để tham_quan ?
太 惊人 了 。,Nó quá đơn__ .
这个 包 多少 钱 ？,Cái túi bao_nhiêu tiền ?
哦 谢谢 。,"Ồ , cảm_ơn ."
曼哈顿 西区 的 佩鲁吉诺 。,Manhatt_t___c khu_c . .
对 面,gương
兩张 自助 餐票 。,Xin vui_lòng cho một vé cho hai vé .
最后 ， 我 把 简历 放 在 一 个 工作 网站 上 ，,"H_ra , tôi đã đặt một chiếc xe__việc ."
不 敢 麻烦 你 ！,Không dám làm phiền bạn .
这些 鞋子 我 穿 太 紧 。,Những đôi giày này tôi quá chật .
我 正在 找 不 带 袖口 的 裤子 。,Tôi đang tìm một quần_áo của__ .
我 需要 申请 去 你们 国家 的 入境 签证 。,Tôi cần xin__mặt thẻ của bạn trong các__nước .
你 给 我 三 美元 就 行 了 。,Bạn sẽ chỉ cho ba đô_la cho tôi .
你 有 什么 事 ？,Bạn có việc gì ?
请 先 过 地下 通道 。,Xin vui_lòng qua trước số__quan .
Gokurosama 为 我 解释 了 这些 东西 。,Nano_C_ đã giải_thích những cái gì đó .
"你 好 , 到 巴黎 。","Xin chào , đến Paris ."
您 去 哪儿 ？,ông đi đâu ?
喂 我 能 跟 Kato 小姐 说话 吗 ？,Xin vui_lòng cho tôi biết nói_chuyện với cô ấy được không ?
我 保证 这些 钱 一 分 也 不 会 丢 。,Tôi bảo_đảm số tiền này 1 xu cũng không mất .
哦 ! 你 真 好 。,"Ồ , bạn bạn thật ."
这个 包裹 里 有 什么 东西 ？,Trong bưu_dung có gì vậy ?
我 可以 替 妳撑 大 。,tôi có_thể giúp tôi ra rộng .
我 的 行李 都 贴 着 红色 的 标签 。,Hành_lý của tôi là màu đỏ màu đỏ .
普通 邮寄 要 八十五 美分 邮件 快递 要 三 美元 。,"Phí gửi_ bằng đường_bộ , và gửi bằng đường_bộ_bộ ."
不 要 了 ， 我 会 订做 一 只 新 的,"không cần nữa , tôi sẽ đặt 1 1 mới mới"
王 先生 ， 我 是 美丽 ， 你 知道 老板 的 电话 号码 吗 ?,"Ông Vương , tôi là Mỹ_Lệ , anh biết số điện_thoại của xếp không ?"
我 刚刚 搬到 洛杉矶 的 一 个 新 公寓 里 。,Tôi vừa chuyển một căn_hộ trong__ .
有点 发烧 .,hơi sốt .
不 好 ， 但是 我 喜欢 打 。,"Không tốt , nhưng tôi thích chơi ."
面包,bánh_mì
这 和 你 以前 说 的 不 一样 。,Cá này không bạn hoàn_toàn .
麻烦 你 给 我 的 大使馆 打 电话 。,làm phiền bạn gọi tôi số__sứ_quán của tôi .
阿志 的 爸爸 过世 了 ， 你 知道 吗 ？,"ba_má của qua_đời rồi , bạn biết không ?"
我 是 Nagashima 。,Đây là Maa_Ta .
你 姐姐 结婚 了 没有 ？,chị của bạn kết_hôn chưa chưa ?
不 好意思 我 搞错 了 。,"Rất tiếc , tôi đã bị sai ."
以后 我们 要是 能 用 汉语 演 话剧 就 好 了 。,Sau này chúng_tôi sẽ có_thể dùng_____dụng__dụng chúng_tôi được .
教授 ， 加拿大 在 哪儿 ？,"dạy_ , , Canada_Đô ở đâu ?"
深蓝 还 是 粉蓝 ？,còn hay hay hay_là ?
火车 会 停 在 哪 站 ？,Xe_lửa sẽ dừng lại tại trạm nào ?
请 到 盥洗 盆 那 边 。,Xin vui_lòng cho đến Ph__ắn .
明天 我 要 去 旅行 。,Ngày_mai tôi phải đi du_lịch .
我 想 应该 是 两 个 小时 之前 。,Tôi nghĩ rằng là hai giờ .
在 看完 两 个 展示 之后 我 或许 能 给 您 一 个 更 好 的 答案 。,Tôi có_thể xem hai__ một trong những người bạn có_thể tốt_ cho một bữa tiệc của bạn .
现在 伦敦 是 几 点 ？,Nhiệt_giờ là_Đôn mấy giờ ?
你 能 告诉 我 怎么 调 吗 ？,Bạn có_thể cho tôi biết làm thế_nào để tôi được không ?
她 说 过 今天 她 有 一些 重要 的 事情 要 做 。,Cô ấy nói rằng hôm_nay cô ta có một_số việc gì .
x 我 不 会 再 来 这里 了 。,Tôi không_thể sẽ đến đây nữa lần nữa .
我 从 前天 开始 就 发烧 了 。,Tôi bị sốt sốt từ trước trước .
这么 写 ， 对 不 对 ？,"viết như thế , đúng không ?"
早上 起床 ， 吃早饭 ， 看 电视 ， 没什么 特别,"sáng_dậy thức ăn sáng , sáng_vi , không có gì không"
有 什么 事 ？ 自己 又 说 又 笑,có việc gì ?
最近 你 生意 好 吗 ?,Dạo này anh làm_ăn tốt không ?
我 说 不 清楚 哪里 出 了 问题 。,Tôi không_thể không thấy vấn_đề gì đó không .
牛排 先生 。,"Ông tết , thưa ông ."
我 填 对 了 吗 ？,tôi đã có đúng không ?
你 学 汉语 学 了 多 长 时间 了 ？,bạn_học tiếng Hoa bao_lâu rồi ?
太太 ， 你 喜欢 什么样 的 发型 ？,"thưa bà , bà thích kiểu tóc nào ?"
在 下 个 拐角处 左拐 然后 一直 往 前 走 。,Rẽ trái ở góc tới góc và đi thẳng vào đi .
过兩 个 街区 然后 在 第一 个 路口 左转 。,Đi hai khối nhà và sau đó rẽ trái tại ngã_tiên thứ .
我 很 高兴 你 通过 了 考试 。,Tôi rất vui khi bạn đã được thi_ .
请 给 我 来 袋 土豆片 。,Làm_ơn cho tôi một túi khoai_tây .
去 巴黎 的 。,Nó đến Paris .
我 怎么 到 那儿 ？,Làm thế_nào tôi tới đó ?
小心 ， 这 很 烫 。,"cẩn_thận , rất quá ."
请 问 ， 阮氏明 开路 在 哪里 ？,"xin hỏi , đường nguyễn_Thị_Minh_Khai ở đâu ?"
有 纪念 邮票 吗 ？,Bạn có tem tưởng_niệm không ?
还 要 多久 我们 才 能 到 ？,còn bao_lâu chúng_ta mới có_thể đến ?
还 吹风 吗 ？,Còn còn nữa không ?
哦 天啊 。,"Ồ , trời_đất ."
明天 早上 我 需要 这些 都 准备 好 。,Tôi_mai tôi cần những cái này đều vào ngày_ .
鞋 头 太 尖 了 ， 有 圆头 的 吗 ？,"Những đầu đầu quá , có có loại dầu không ?"
我 出生 在 离 这 大约 一百 公里 的 一 个 城镇 。,Tôi sinh_ một trong thị_trấn cách đây khoảng hai tuần .
有 适合 我 的 大号 的 吗 ？,Bạn có cái nào lớn hơn không ?
你 有 学校 的 录取 证明 吗 ？,Bạn có chứng_minh_nhân_ không ?
我 还 不 知道 我 的 地址 。,Tôi không biết địa_chỉ của tôi .
特别是 由 Verdi 和 Puccini 表演 的 。,Đặc_biệt là đi Mal_bu và vài_ti-mi-ra với bạn .
这 是 五十万 块 钱,đây là đồng0000 đồng
常规 房间 面对 街道 但是 可以 看到 山脉 。,"thường phòng phòng số_lộ , nhưng có_thể thấy được một__ ."
这个 盒子 的 手表 是 普通 的 这些 是 高 价位 的 。,Những cái__hồ này tay_ là này là những cái cao_
你 想 把 他们 中 的 一些 换成 小 面额 的 吗 ？,Bạn muốn đổi một_ít loại__ nhỏ hơn không ?
我 要 买 一些 信封,tôi muốn mua một_số thư_
我们 什么 时候 到 得梅因 ？,Khi nào chúng_ta đến khi nào ?
你 什么 时候 去 ？,khi nào thì đi ?
你 能 帮 我 把 门 打开 吗 ？,Bạn có_thể mở cửa giùm tôi được không ?
房 内 水 ， 电 ， 暖气 等 费用 已 包含 在 房租 内 吗 ？,"Căn nội nước , điện điện , tiền_l có có xe__ có thuê thuê không ?"
我 姓阮 。,Tôi họ Nguyễn .
入会费 多少 ？,Và buổi chiều nhập_học là bao_nhiêu ?
你 知道 几 点 吗 ？,Bạn có biết giờ không ?
肚子 老 疼 怎么 办 ？,Tr_m cũ làm thế_nào ?
你 知道 哪 个 商店 卖 浴巾 吗 ？,Bạn có biết cửa_hàng nào bán không ?
哥哥,anh_trai
能 给 我 再拿杯 啤酒 吗 ？,Bạn có_thể dùng bia ly bia khác được không ?
八 楼 在 九楼 旁边 。,8 lầu số 8 lầu 9 lầu .
汉语,tiếng Hoa
我 穿 八号 的 。,Tôi mặc số 8 .
"我 吃素 , 不 吃荤","tôi ăn ăn , , không ăn món"
我 能 过 一下 吗 ？,Tôi có_thể qua một_chút không ?
我 的 皮肤 上 会 留 疤痕 吗 ？,Tôi có có để lại trên__ của tôi không ?
我 正在 找 平底 便鞋 。,Tôi đang tìm một đôi giày cao__ .
我们 只有 酒 和 啤酒 。,Chúng_tôi chỉ có rượu rượu và bia .
我 叫 王林 。 认识 你 ， 很 高兴 。,tôi tên Vương_Lâm . Tôi làm_quen với anh .
我 想 买 两 张 门票 。,tôi muốn mua hai vé .
我 不 知道 把 我 的 护照 放哪 了 。,Tôi không biết tôi đã hộ_chiếu của tôi .
请 定 两 张 明晚 的 票 。,Làm_ơn cho hai vé tối mai .
它 包括 你 的 车 受到 的 一切 损失 。,Nó được bao__ xe của bạn trên mọi thứ .
我 被 海胆 刺 了 。,Tôi bị bị biển .
这 是 你 这 质量 最 好 的 吗 ？,Đây là phải là bạn có chất_lượng tốt nhất ?
我 的 车 在 高速 公路 上 抛锚 了 。,Xe của tôi đã bị__lộ__lộ .
我 想 机场 和 城里 是 统一 的 价格 。,Tôi nghĩ rằng tôi sẽ_thể giá giá_cả .
"我 不 可以 , 因为 我 没有 正式 的 和服 。",Tôi không_thể vì bởi_vì tôi không có một__ .
我 想 带 你 去 波士顿 夜游 。,Tôi muốn đưa bạn đi Boston__bay .
摩托车 上 的 两 个 年轻人 抢 了 我 的 包跑 了 。,V 2 xe__c trẻ_l đã bị__ túi của tôi .
您 一 周 之内 不 能 喝酒 。,Bạn không_thể uống rượu trong rượu trong tuần .
在 这 。,Ở đây .
数据,đầu_
大概 三 个 月 .,khoảng 3 tháng .
我们 能 要 一 个 日语 导游 吗 ？,Chúng_tôi có_thể có hướng hướng_dẫn_viên được Nhật_Bản được không ?
您 从 哪 国 来 ？,ông từ nước nào đến ?
大概 二十 个 人,khoảng 20 người
我 想 拍 张照 。,Tôi muốn chụp hình .
有时 间 一起 吃 饭 吧 。,có lúc cùng ăn cơm cùng nhau .
这 是 兩年 的 合同 如果 双方 同意 的 话 我们 可以 在 合同 到期 前 每 兩年 更新 一下 合同 。,"Đây là hai hợp_đồng của hai năm , hai__tôi có_thể ,_biệt trong khi chúng_tôi sẽ đến__lý trong hai năm ."
在 日本 公司 工作 有 没 有 压力 ？,Công_việc của công_ty có có__lực không ?
我 想 快递 这 份 资料 . w ǒ xi ǎ ngku à id ì zh è f ē nz ī li à o .,Tôi muốn chuyển______ununun_Ruununun_nố .
请 等候 十 分钟 。,Xin vui_lòng đợi phút phút phút .
客人们 白天 在 外边 参观 游览 了 一 天 ，,"khách_viên trong ngày_kia có___ trong ngày ngày ,"
有 话 直 说 吧 !,có lời nói nói đi !
请 不 要 剪 得 太 多,mời đừng cắt cắt quá nhiều
将 会 给 你 急救 。,Nó sẽ sơ_cứu cho bạn .
它 是 什么 时期 的 ？,Nó được sản_kỳ gì ?
这里 有点 太 宽松 了 。,Ở hơi chật quá rộng__ .
你 打算 在 中國 学习 几 年 汉语 ?,anh dự_định học trung_học mấy tiếng Hoa mấy ?
你 要 保证 履行 诺言 。,Bạn phải bảo_hành một__hứa .
我 的 德语 不 是 很 好 。,Tôi không_thể mặc của tôi không tốt lắm .
这 件 事 被 大家 知道 得 好久 了,việc này phải được mọi người biết lâu rồi
温带 地区 一般 都 分 四 季 。,Nhiệt_độ khu_vực đều__ 4 mùa 4 mùa 4 .
请 给 我 来 一 打 吧 。,Làm_ơn cho tôi một .
明天,ngày_mai
抱歉 你 能 再 给 我 介绍 一 家 饭店 吗 ？,"Xin_lỗi , bạn có_thể giới_thiệu một_số khách_sạn khác không ?"
一共 多少 钱 ?,Tổng_cộng bao_nhiêu tiền ?
那 是 什么 ？,đó là cái gì ?
我 来自 介绍 一下 .,tôi xin tự giới_thiệu 1 chút .
我 来 给 你 拿 。,Tôi sẽ mang cho bạn một .
所以 如果 你 在 拐角处 等 它 就 会 在 那 停 你 可以 在 那 上车 。,"Vì vậy , nếu bạn sẽ ở đó trong bạn nếu bạn có_thể ở đó ."
不 是 有意 伤害 。,"Không , có bị_thương ."
您 早 ！,chào buổi sáng !
八十 英镑 一 晚 加上 税 。,"8 mươi dặm , một đêm , một đêm ."
跟 KayoHirokawa 联系 ， 打 0123456789 。,"Theo K_Hayak_R ,w , A , và số 567768 ."
秋天 银杏 树叶 转黄 时 非常 漂亮 。,K thu______ đẹp và đẹp_ đẹp .
我 都 没 想到 ，,Tôi không không nhận được .
淋浴 水 不 够 热 。,Nước_ không nước nóng đủ nóng .
别 挂 请 稍 等 好 吗 ？,Đừng có_thể vui_lòng chờ một lát được không ?
明天 我 去 香港,Ngày_mai tôi đi hồng_ông
我 来 不 及 了 。,Tôi không_ kịp .
算件 的 和算 公斤 的 都 有 。,Một cái_ và và các__ của của .
第三 街区 你 左 边 。,Bạn__thể đi theo bên trái của bạn .
"她 是 工程师 , 在 北京 工作 .","cô ấy là kỹ_sư , làm_Kinh Bắc_Kinh ."
我 就 要 去 洗衣 店 做 兼职 了 。,Tôi sẽ đi làm nhà_vệ_sinh làm_chức .
他们 是 工人 。,Họ là người_nhân .
你 喜欢 吃 牛 肉 吗 ?,Bạn thích dùng thịt bò không ?
为什么 有 问题 纠缠 我 就 好像 我 是 日本 的 代表 ？,Vì_sao bạn có_thể_ tôi tôi là tôi là những gì là__Bản ?
不 ， 商店 太 远 啦 ， 我们 开车 吧 。,"Không , cửa_ quá xa . Chúng_ta lái xe ."
我 想 住 在 能 看到 尽量 多 的 风景 的 房间 。,Tôi muốn ở phòng có phong_cảnh đẹp__thể nhìn ra biển .
褐色 的 。,màu nâu màu .
你 能 给 我 订 个 座位 吗 ？,Bạn có_thể đặt chỗ cho tôi không ?
和 我 一起 去 箱根 怎么样 ？,Còn về việc đi ra__lịch thì sao ?
不 够 用 。,Không đủ dùng .
我们 会 小心 的 。,Chúng_tôi sẽ cẩn_thận cẩn_thận .
我们 都 有 眼科 医生 。,Chúng_tôi đều có bác_sĩ .
这 是 什么 意思 ？,đây là nghĩa gì ?
你 要 推荐 什么 特色菜 吗 ？,Bạn có muốn giới_thiệu món gì không ?
每 个 月 你 的 薪水 是 多少 ？,Lương của anh mỗi tháng là bao_nhiêu ?
直 走 在 第二 个 拐角处 右拐 。,Đi thẳng và rẽ phải ở góc thứ hai .
请 你 多多 指教 。,xin ông nhiều hướng_giáo .
那 目前 ， 你 要 学好 英语 和 华语 。,"trước_mắt , bạn phải học học tiếng Anh và tiếng hoa ."
杯装 的 ramen 用 沸水 泡 三 分钟 就 可以 吃 了 。,Một chiếc áo_lảo nước_hoa trong ba phút là có_thể ăn .
有治 流鼻涕 的 药 吗 ？,Bạn có thuốc trị trị__ không ?
但 没有 我 的 房间寛 。,Nhưng không không_ phòng của tôi .
大蒜 面包 多少 钱 ？,Một_mì__nhiêu tiền ?
981 次 班机 从 哪 个 门 上 飞机 ？,Xin cho chuyến bay 98181ên máy_bay từ máy_bay nào ?
请 拿 两 盒 七 星 烟 。,Xin vui_lòng cho hai hộp thuốc_r .
他 超速 行驶 了 。,Ông ấy đã vượt quá tốc_độ .
今晚 你 是 我 的 客人 。,Tối nay bạn là người khách_nhân của tôi .
你 说 得 好 。,Bạn nói giỏi .
你 去 哪 班机 ？,bạn đi chuyến bay nào ?
我 今天 除了 打扫 一下 房间 ， 其它 什么 都 没 做 。,"Hôm_nay tôi sẽ đi phòng phòng , , làm gì gì cũng không làm gì ."
你 在 日本 呆 多久 了 ？,Bạn đã ở bao_lâu ?
芥末 和 番茄酱 在 桌子 上 自己 加 。,Cạc_chua và cà_chua và một_số bàn trên .
我 可以 了解 一下 关于 酒店 的 信息 吗 ？,Tôi có_thể giải_hiểu thông_tin về khách_sạn của khách_sạn được không ?
能 给 我 帮 个 忙 吗 ？,Bạn có_thể giúp tôi không ?
最近 的 医院 在 哪里 ？,Bệnh_viện gần nhất ở đâu ?
你 能 帮 我 照 张 像 吗 ？,Bạn có_thể chụp ảnh cho tôi một bức ảnh được không ?
我 能 把 这个 拿走 吗 ？,Tôi có_thể lấy cái này không ?
你 好 ， 这么 早 就 洗 好 衣服 了 ？,"Chào chị , sáng sớm mà đã giặt xong rồi ?"
不 它们 非常 耐用 。,"Không , chúng_tôi rất nhiều__ ."
告诉 我 到 邮局 怎么 走 好 吗 ？,Nói cho tôi biết làm đến bưu_điện được không ?
就 这样 吧 。,vậy như vậy .
漂亮 。,đẹp đẹp .
这个 新 头发 款 非常 适合 你 的 面型,cái này tóc này rất hợp_hợp với bạn_điểm của bạn
我 要 结账 离开 。,Tôi muốn rời khỏi phòng của tôi .
是 个 蓝色 的 短途 旅行用 的 小 包 。,Đó là một cái túi nhỏ màu xanh__ .
嗯 ， 我 不 知道 你 有 没 有 听说 ，,"Ờ , tôi không biết bạn có nghe món nghe ."
我 拿 优惠券 用 的 餐 。,Tôi muốn dùng một_ít đồ_dùng của tôi .
带 我们 到到 芝加哥 酒店 。,Chúng_tôi sẽ đến khách_sạn Chicago .
我们 上午 九点 上班 。,Chúng_tôi sẽ đi làm lúc 9 giờ .
我 不 能 理解 他 为什么 那么 说 ！,tôi không_thể làm_ơn anh ấy ấy nói_chuyện với anh ấy .
你 的 英语 说 得 怎么样 ?,Tiếng anh của anh nói như thế_nào ?
占线 。,Đền .
我 的 专业 是 行政 管理,chuyên_ngành của tôi là người quản_lý
正点 是 当地 时间 晚上 八点三十 。,Nó là giờ giờ 30_ giờ 20 giờ 30 phút .
这 是 我 的 身份证 和 支票 本 。,Đây là thẻ__ của và và séc .
祝 你 一路 平安 。,chúc bạn thượng_lộ bình_an .
想 把 北京 看完 都 比较 难 。,muốn xem Bắc_Kinh xem__ khó hơn .
坐 地铁 只 需要 大约 二十 分钟 。,Tàu_điện_ngầm sẽ mất khoảng hai mươi phút .
这里 简直 是 人间 仙境 。,B đây là__ là là phòng tắm_ .
我 不 喜欢 那件 。,Tôi không thích cái đó .
"操场 上 有 打球 的 , 有 跑步 的 , 有 练 太 极 拳 的 。","V sân_ có có sân bóng_đá , màu , màu , có hiệu_quả quá ."
我 的 护照 被 偷 了 还 有 七十 美元 。,Hộ_chiếu của tôi đã bị mất khoảng bảy mươi đô_la .
小姐 ， 请 派 一 部 的士 到 机场 接 我,"chị ơi , xin gửi 1 phòng là 1 đến sân_bay"
请 在 这个 电话 上 拨九 。,Xin vui_lòng gọi số này này trên điện_thoại này .
你 学习 不 太 好 ， 要 努力 吧,"bạn học_tập không tốt , phải cố_gắng nhe"
现在 走 哪 个 出口 能 到 卡内基 大厅 ？,Bây_giờ đi bây_giờ nào có_thể đến cổng nào ?
我 和 那些 人 是 一 起 的 。,Tôi và người đó là tôi .
不 要 紧 。,Không có chặt .
营业 管理 是 我 的 专业,mở_lý tài_lý là chuyên_nghiệp của tôi
我 这么 大 还 犯错 ， 我 很 惭愧 。,Tôi rất xấu_hổ vì đã bị_còn mắc lỗi_còn mắc lỗi .
忙 吗 ？,bận không ?
请 说 一下 你 的 信用卡卡号 。,Xin vui_lòng nói_ thẻ tín_dụng của bạn thẻ tín_dụng của bạn .
我 需要 一些 鞋油 。,Tôi cần một_ít kem .
你 说 什么 ? 我 听 不 懂 .,Bạn nói gì ? tôi nghe không hiểu .
这 是 您 的 房卡 。,Đây là thẻ phòng của quý khách .
我 相信 我们 很快 就 可以 再 见面 的 。,Tôi tin rằng chúng_ta có_thể gặp lại .
哦 你 好 乔治 。,"Ồ , bạn dường_ ."
我 想 买 一 张 电话卡 。,tôi muốn mua 1 thẻ điện_thoại .
我 会 。 以前 在 大学 已 学过 中文 的 电脑 了,Tôi sẽ trước đây trước trường đại_học ở trường_học rồi .
我 想 取 一些 现金 。,Tôi muốn rút một_ít tiền_mặt .
我们 需要 多 一点 时间 来 考虑 这 份 合同 。,Chúng_tôi cần nhiều thời_gian để thời_gian để suy_nghĩ này .
你 的 老师 是 谁 ？,thầy_giáo của bạn là ai ?
你 今天 早上 几 点 醒 的 ？,Bạn đã dậy mấy sáng nay ?
请 您 把 车门 关好 。,xin ông khai lại xe_ .
你 跟 我们 一起 去 吧 !,bạn cùng cùng chúng_ta đi đi !
我 写 得 不 太 好 。,Tôi không_thể làm lắm .
我们 那天 等 着 你 。,Chúng_tôi sẽ chờ bạn .
找错 钱 了 。,thốiộn sai rồi .
你 什么 时候 回来 ？,Khi nào thì bạn trở_về ?
您 这儿 改 服装 吗 ？,ông đây ông có đồ__ không ?
我 想 蓝色 的 比较 耐脏 。,Tôi muốn cái gì đó với một_số .
飞机 一点半 起飞 。,máy_bay cất_cánh lúc mấy giờ .
是 的 味道 美 极 了 。,"Vâng , nó rất đẹp ."
火车票,xe_lửalửa
我 父亲 终于 有 了 他 的 带薪假期 。,Cha tôi đã có một cuộc hẹn để nghỉ_phép lương anh ấy .
谢谢 你 请 我 来 你 家 做客,cám_ơn bạn mời tôi đến nhà bạn nhà
列车 什么 时候 到 石冢 ？,Chuyến tàu hỏa đến khi nào vậy ?
不是 。,Không .
有 淋浴 吗 ？,Có có tắm tắm không ?
很 惊喜 在 书店 见到 你 。,rất rất_ng ở tại cửa_hàng bán_ .
对方 付费 电话 。,Đ thực_hiện cuộc gọi do người nhận trả tiền .
如果 你 有 时间 请 写信 给 我 。,"Nếu bạn có thời_gian , bạn hãy cho tôi ."
那儿 的 货品 很 充足 ， 蔬菜 、 水果 、 鱼 、 肉 ， 什么 都 有 。,"Hàng_ hàng ở đó rất__ , , rau trái_cây , trái_cây , , , , , có ."
我 能 退票 吗 ？,Tôi có_thể hoàn_trả vé được không ?
你 有 票 吗 ？,Bạn có vé vé không ?
这个 桥 比 那个 桥 要 长 大约兩 倍 。,Cái này cao hơn cây_b đôi khoảng hai .
相框,al
你们 酒店 的 小册 上 说 酒店 里 有 一些 网球场 。,Các bạn_sạn của bạn có một_số quần_vợt trong sân__sạn .
我 想 订 一 个 一月 六号 到 巴黎 的 位置 。,Tôi muốn đặt một chỗ cho đến đến__ vào lúc 6 giờ .
你 喜欢 的 鞋头 是 尖 还 是 园 的 ？,Những thích giày của bạn là hay_là lụa ?
我 可以 要 个 翻译员 吗 ？,Tôi có_thể có một nhân_viên được không ?
你 去 过 哒叻 了 没有 ？,bạn đi qua__ chưa chưa chưa ?
你 怎么样 ？,bạn thế_nào ?
外祖父,bà__
那么 你 肯定 知道 我们 在 这儿 的 感觉 。,"Sau đó , chắc_chắn bạn biết chúng_tôi ở đây ở đây ."
我 想 预约 七点 。,Tôi muốn đặt phòng trước .
我 从来 没 见 过 这么 多 漂亮 的 楼房 。,Tôi chưa bao_giờ thấy tòa nhà_ đẹp đẹp .
我 六点 以前 能 到 音乐厅 吗 ？,Tôi có_thể đến đó lúc mấy giờ tối nay không ?
为什么 ？,Tại_sao ?
他 不 是 李 老师 。 他 是 王 老师 。,Anh ấy không phải là giáo_viên . anh ấy là Vương_viên Vương .
208 航班 去 东京 的 。,Số chuyến bay số 11 đến Tokyo .
我 学 中文 专业 。,Tôi học khoa trung văn .
管理层 的 女性 日益 增多 。,Gian_______ hơn được__ích .
我 不 会 再 来 。,Tôi sẽ không đến .
你 喜欢 去 跳舞 马 ？,Bạn thích đi khiêu_vũ không ?
我 明天 早上 结帐 。,Tôi sẽ làm thủ_tục vào sáng_mai .
她 是 老师 .,cô ấy là giáo_viên .
我 不 知道 我 的 尺码 。,Tôi không biết kích_cỡ của tôi .
去 三 号 十字路 口 。,đi đến ngã_lộ số .
我 想 把 我 的 预订 改成 一月 三号 的 JL 一 次 。,Tôi muốn đổi đặt chỗ của tôi cho chuyến bay của tôi vào ngày 3 tháng 3 .
比较 快,nhanh
我 想 要 一 辆 带 自动 挡 的 车 。,Tôi muốn một chiếc xe có máy__động .
你 在 等 什么 ？,Bạn đang chờ gì ?
可以 挑选 的 有 很多 。,có_thể có một_số cái__ .
这个 月,tháng_
我 代表 我们 全 家 向 您 表示 感谢 。,Tôi xin thay_mặt gia_đình chúng_tôi gửi lời cảm_ơn .
虽然 我 喜欢 天 麸罗 但是 我 吃 的 不 多 。,tuy tôi thích ngày_v_v nhưng tôi không ăn nhiều .
他 正 在 接 另 一 个 电话 。,anh ấy đang ở điện_thoại một cuộc gọi điện_thoại .
他 是 小学 的 老师,anh ta là giáo_viên của tiểu_học
你舒 不 舒服 ？,bạn có thoải_mái không ?
他 是 不 是 中国人 ？,anh ấy có phải là người Trung_Quốc không ?
抓 几 副 药,bốc mấy
一 年 你们 可以 休 几 天 假 ？,1 năm các bạn có_thể nghỉ_phép mấy ngày ?
在 图书馆 右边 影剧院 。,Nó nằm ở tại nhà__viện .
有 捡球 的 人 吗 ？,Có ai nào bóng_đá không ?
你 有 滑雪 斜道 的 地图 吗 ？,Bạn có bản_đồ của__ không ?
那 取决于 旅行 的 方式 。,Nó tùy để đi du_lịch của_lịch .
你 打算 怎么 学 开车 呢 ？,Bạn dự_định học như thế_nào ?
早晨,sớm
动物园 里 有 很多 动物 。,Trong sở_thú có rất nhiều người_vật .
我 在 这 有 很多 美好 的 经历 。,Tôi có một trải_nghiệm trong trường__ ở đây .
我 戴 太 大 了 。,Tôi quá lớn đối_với tôi .
每 卷 多收兩 美元 。,Nó là hai mươi đô_la mỗi hai .
你 可以 给 我 一 美元 的 小 面值 的 硬币 吗 ？,Bạn có_thể cho tôi một_ít tiền_lẻ cho tôi không ?
你 好 三角洲 航空 公司 。,"Xin chào , Hãng hàng_không Delta ."
哦 在 澳大利亚 打 高尔夫球 是 多么 的 奢侈 啊 。,"Ồ , tôi cầu_ cầu_ sân____ là một_____ ."
我 想 要 块 模拟表 。,Tôi muốn một đồng_hồ đo_l . .
你 有 什么 清淡 的 吗 ？,Bạn có cái gì không ?
你 看见 那 个 楼梯 了 吗 ？,Bạn đã có một__thang không ?
"他 因为 来 晚 了 , 所以 坐 在 后边 。","anh ta vì đến trễ rồi , cho_nên ngồi ở phía sau ."
请 到 左边 。,Xin vui_lòng cho trái bên trái .
我 是 日本 工程 公司 的 HiroshiSato 。,Tôi là Sa_toiver_S của Nhật_Bản .
"如果 这样 , 在 美国 你 应该 穿 十 码 的 。","Trong như vậy , Mỹ bạn nên mang theo 10 mười vậy ."
最近 你 生意 怎么样 ?,Dạo này anh làm_ăn thế_nào ?
这 是 去 绿色 公园 的 巴士 吗 ？,Đây có phải là xe_buýt đến Green_ParkPark không ?
我 想 从 这里 出发 ， 做 什么 车 最 快 呢 ？,"tôi muốn từ đây , đây , xe xe_ nhanh nhất ?"
我 想 订 一 个 网球场 明天 用 一 个 小时 。,Tôi muốn đặt một một sân__vợt__ một một giờ .
请 给 我 拿 杯 白 葡萄酒 好 吗 ？,Làm_ơn cho tôi một ly rượu trắng được không ?
你 有 夜晚 游 吗 ？,Bạn có tour du_lịch không ?
您 一定 得 休息 ， 直 到 好 了 为止 。,"ông nhất_định nghỉ_ngơi , cho_ đến đến xong ."
云南 的 冬天 不 像 北京 那么 冷 。,mùa đông không không__động như Bắc_Kinh .
我 和 你 都 是 公司 人员,tôi và bạn đều là nhân_viên của công_ty
在 第五 街区 的 一 个 购物 商场 。,Khu mua_sắm ở khu khu_vực thứ ba .
你们 有 什么 特色 鸡尾 酒 ？,Bạn có dùng loại rượu_vang nào ?
坐 特快 要 多付 多少 钱 ？,Mất bao_nhiêu tiền mất bao_nhiêu tiền ?
有 人 试图 闯入 。,Một ngườisố thử đồ_ .
你 为什么 那样 做 ？,Tại_sao bạn làm điều đó ?
因为 我 不 习惯 那里 的 天气 ， 所以 只 住 了 一 个 月 。,"Bởi_vì tôi không quen khí_hậu ở đây , cho_nên chỉ ở một tháng thôi ."
我 要 一 辆 中型 车 。,Tôi cần một chiếc xe_hơi .
他 一 个 人 去 ， 我 很 不 放心 。,"Anh ấy đi một ngườimình đi , tôi rất không yên_tâm ."
完了,nước
这 是 什么 书 ？,đây là sách gì ?
你 能 推荐 一 种 低度 酒 吗 ？,Bạn có_thể giới_thiệu một cái rượu nào không ?
不 只有 几 个 月 。,Không có chỉ có tháng .
四 个 人,người người
给 我 开个 收据 好 吗 ？,Bạn có_thể vui_lòng cho tôi biên_nhận được không ?
您 尝尝 。,ông thử thử .
我 希望 在 一 个 星期 后 。,Tôi hy_vọng tôi sẽ ở trong một tuần .
我 把 车 开进 一 条 沟 里 了 。,Tôi đã để chiếc chiếc xe_ .
你 好 ， 请 问 詹姆士 在 吗 ？,"Xin chào , xin hỏi có số có_ không ?"
可是 我 想 换 新 发式,nhưng tôi muốn đổi kiểu tóc mới
光 有 护膝 还 不 行 ， 还 需要 一 副手套 。,"Chỉ có__gi còn chưa được , mà cần cần một 1 tài__ ."
你 常 看 西贡 解放报 吗 ？,bạn thường xem phim báo__lế ?
狂欢节 是 什么 时候 ？,Khi nào diễn_ra là khi nào ?
什么 时候 吃 午餐 ？,Khi ăn trưa lúc mấy giờ ?
"干 墨 鱼 , 鲣片 和 调料 。","S cá cá , chán_ và và và ."
请 问 ， 从 哪儿 可以 出去 ？,"xin hỏi , từ đâu có_thể đi ra ngoài ?"
他 是 学生 .,cậu ấy là học_sinh .
我 要 刚 出炉 的 面包 。,Tôi muốn một bánh_mì ra .
你 做 作业 了 吗 ？,Anh làm bài_tập chưa ?
请 等 一 等 ， 我 替 您 查 一下 。,"xin đợi 1 chút , tôi sẽ kiểm_tra nó ông ."
ZZZ 酒店 。,Khách_sạn Park_S .
他们 查出 是 什么 病 了 没有 ？,họ tìm ra bệnh bệnh_nhân rồi ?
飞机 上 你们 供应 几 顿 饭 ？,Những chuyến bay phục_vụ phục_vụ bữa ăn tối ?
你 打算 上班 还是 继续 学习 ？,bạn dự_định đi học tiếp_tục học_tập ?
飞住 美国 的 班机 几 点 起飞 ？,Máy_ bay chuyến bay của Mỹ mấy giờ cất_cánh ?
我 能 用 一下 这个 电话 吗 ？,Tôi có_thể sử_dụng điện_thoại không ?
对于 国际 出发 的 旅客 我 想 要 你们 护照 上 的 Ininetyfour 和 机场 税 。,"Tôi muốn thực_sự , vì vậy ,__tôi muốn có_thể sử_dụng các bạn______bay và sân_bay và thuế_"
好 的 ， 稍 等 一下 ，,"Được , một lát thôi ."
我 的 衣服 被 偷 了 。,Áo_áo của tôi bị mất_cắp .
对 不 起 请 再 说 一 遍 。,"Xin xin_lỗi , nhưng bạn lại lần nữa ."
能 改变 我 的 从 伦敦 飞往 东京 的 航班 的 日期 吗 ？,Bạn có_thể thay_đổi chuyến bay của tôi đến chuyến bay đến Tokyo vào ngày_Đôn được không ?
往下 看 。,Nó xuống .
您 最好 在 饭前 吃 两 颗 。,Tốt hơn tốt nhất ăn ăn trước khi bạn trước bữa ăn .
汉莎 航空 公司 的 登记 柜台 在 哪 ？,Quầy đăng_ký của hãng hàng_không Đồng_bằng ở đâu ?
但是 这里 坏掉 了 。,Nhưng đây đã bị hư .
这 不 是 我们 最 根本 的 设想 。,Đó không phải là ý_tưởng của chúng_tôi nhất .
我 想 用 褐色 的 平纹 纺织 的 。,Tôi muốn mua một cái màu bằng vải màu .
吃 晚餐 的 地方 在 哪里 ？,Khu ăn ở đâu ?
我 不 太 喜欢 .,Tôi không thích lắm .
"好 的 , 那 取决于 你 旅行 的 方式 。","Được , đó sẽ lấy_thuộc vào nhà của bạn du_lịch của bạn ."
请 快点 查 一下 。,Làm_ơn kiểm_tra điều_tra .
请 问 去 银行 怎么 走 ？,Xin hỏi_thể cho tôi biết đường đến ngân_hàng như thế_nào ?
不 合意 的 相片 ， 我们 可以 不 可以 不 要 ？,"không hợp__ý , chúng_tôi có_thể không được không ?"
学生 在 高中 毕业 以后 都 做 什么 ？,học_sinh học cấp_học cấp_học làm gì ?
我 要 了 十六 美元 的 上等 的 无铅 汽油 。,Tôi đã có một tờ mười đô_la và hai mươi đô_la .
我 只镶 普通 的 。,tôi chỉ có những gì đó .
你 要 填写 这个 通关 申报 表格 吗 ？,Bạn có điền vào mẫu tờ khai hải_quan này không ?
看 电视 ， 看 报纸 或 喝 咖啡,"xem ti_vi , xem báo báo hay uống cà_phê"
请 给 我 看下 男式 手表 。,Làm_ơn cho tôi xem một đồng_hồ đeo tay .
我们 很 喜欢 有 一 个 孩子 。,Chúng_tôi thích có một con con .
保险箱 。,Bảo_toàn .
我 不 想 托运 这个 行李 。,Tôi không muốn kiểm_tra hành_lý này .
请 给 我 来 杯 加 牛奶 的 咖啡 。,Làm_ơn cho tôi cà_phê sữa sữa .
我 能 帮 您 什么 忙 吗 ？,Tôi có_thể giúp gì cho bạn không ?
越南 有 很多 传统 节日 ， 如 端午节 、 中秋节,"Việt_Nam có rất nhiều truyền_thống truyền , ,_lánh_Đánh , hạ_Đ"
在 这个 城市 里 ， 很多 人 也 乘 公交车 。,"trong thành_phố , rất nhiều người cũng đi xe_buýt ."
你 身体 好 吗,sức_khoẻ của bạn không tốt
能 用 Visa 卡付 吗 ？,Bạn có_thể di_ bằng thẻ Master không ?
是 的 我们 一直 为 一 名 客人 值班 。,"Vâng , chúng_tôi có_thể làm cho chúng_tôi một người ."
这 只 小狗 是 你 的 吗 ？,Con_ này nhỏ này là bạn phải không ?
要 上 多少 税 ？,muốn bao bao_nhiêu thuế ?
你 加 完 油 了 吗 ？,Bạn đã làm xong chưa ?
你 要 好好 孝顺 父母 。,Anh phải hiếu_thuận với cha_mẹ .
愿意 跟 我 共进 晚餐 吗 ？,Bạn có_thể làm bữa ăn tối với tôi không ?
我 下 个 星期 之前 会 起草 一 份 合同 。,Tôi sẽ có một phần___ trong một tuần sau . tuần sau .
离 发车 只有 五 分钟 了 。,Đi_đạp phát_ chỉ có 5 phút nữa .
我们 应该 联系 酒店 大堂 的 服务台 。,Chúng_tôi nên đặt một bàn__ khách_sạn .
七月 二十五 号 。,Ngày tháng tháng .
附近 有 家用 电器 店 吗 ？,Có cửa_hàng nào gần cửa_hàng gần đây không ?
兩张 去 罗马 的 大 轿车 的 票 。,Xin vui_lòng cho vé đến Pes_beber .
你 认为 明天 会 下雪 吗 ？,Bạn có nghĩ ngày_mai sẽ sẽ mưa ngày_mai không ?
她 姓 什么 ？,Cô ấy họ gì ?
对 不 起 如果 我们 的 观点 不 统一 我 就 不 能 同意 更新 合同 。,"Xin xin_lỗi , nhưng chúng_tôi không_thể không____động trong đồng__ thì tôi sẽ_thể được ."
压力,năng_lực
我 怎么 去 博物馆 ？,Tôi có_thể đến bảo_tàng ?
我 只镶 两 颗 门牙 。,Tôi chỉ cần hai hai răng răng .
回程 的 票价 是 多少 ？,Vé vé máy__nhiêu cho vé ?
一 个 大 份 加 洋葱 。,Một phần_ lớn lớn .
我 感到 隐隐 作疼 。,Tôi cảm_thấy đau__ đau .
我 很 高兴 ， 就 上车 了 。,"tôi rất vui , bèn xe xe ."
我 想 买 一 张 去 纽约 的 机票 。,tôi muốn mua một vé máy_bay đi New_York .
你 不 在 。,Bạn không có .
我 能 把 胶卷 取 出来 吗 ？,Tôi có_thể lấy phim phim không ?
收 Master 卡 吗 ？,Bạn có thẻ Master_Card không ?
请 拿 瓶 适合 油性 头发 的 洗发水 。,Làm_ơn cho một chai dầu gội đầu .
他 是 老师 。 他 在 大学 工作 。,anh ta là giáo_viên . anh ấy làm_việc ở đại_học .
我们 谈谈 合同 吧 好 吗 ？,Chúng_ta nói_chuyện với hợp_đồng chứ ?
我 可以 步行 去 吗 ？,Tôi có_thể đi bộ được không ?
古芝 地道,đường_lộ địa_
那么 我 想 我 还是 要 点别 的 吧 。,"Sau đó , tôi nghĩ tôi sẽ lấy cái khác ."
拜托 您 给 我 一 个 靠 窗 的 座位 。,"Hãy_lòng , bạn cho tôi một chỗ gần cửa_sổ ."
你 真 傻瓜 的,anh thật là__
父亲,cha
存 多久 ？,gửi bao_lâu ?
请 给 我 说 一下 最新 的 发型 。,Xin vui_lòng chỉ cho tôi kiểu mới nhất .
这个 合同 既 不 是 我 签 的 ， 也 不 是 我 老板 签 的 。,"C_đồng này không phải là của tôi , tôi cũng không phải là vợ tôi ."
几乎 所有 的 都 是 给 其他 国家 的 人 带 的 礼品 。,Tất_cả những tất_cả đều là một_số người khác cho nước__ .
一 盒 甜饼 和 一 片 柠檬 。,Một bánh_mì và và một miếng chanh .
我 以前 是 记者 。,Tôi đã làm phóng_ .
请 你 把 数额 写 一下 好 吗 ？,Bạn vui_lòng viết lại số_ được không ?
车站 怎么 走 ？,Nhà_ga nhà_ga như thế_nào ?
或许 一 个 蛋糕 ？,Có một bánh__ ?
我 必须 要 在 中午 之前 离开 酒店 吗 ？,Tôi có phải khách_sạn khách_sạn trước khi giờ không ?
我 希望 有 一 天 我们 能 再次 相见 。,Tôi hy_vọng có một ngày chúng_ta có_thể gặp lại lần một ngày .
编织,chị_
没有 ， 我 查过 了 ， 没有 发现 病毒 。,"Không , tôi đã tìm rồi , không có bị bệnh__ ."
我 觉得 我们 现在 应该 去取 。,Tôi nghĩ chúng_ta nên đi bây_giờ .
你 好 吗 ?,bạn khoẻ không ?
请 问 你 能 帮帮 我 吗 ？,Bạn có_thể giúp tôi không ?
你 刚 转到 旅游 公司 上班 吗 ？,anh vừa chuyển công_ty Du_ty Du_ ?
它 不 是 最 新 的 样式 是 吗 ？,Nó không phải là mới mới nhất phải không ?
你 好 ， 打扰 一下 。,"Xin chào , làm phiền một_chút ."
我 认为 你 的 衣服 太 多 了 。,Tôi nghĩ cái áo_áo của bạn quá nhiều .
列车 在 这 停 多久 ？,Xe_lửa dừng dừng lại ở đây ?
挂号费 多少 ？,phí lấy số bao_nhiêu ?
不 用 你 来 安慰 我 。,"Không , bạn đến lấy_ ."
我 能 取回 我 的 行李 吗 ？,Tôi có_thể lấy hành_lý của tôi không ?
附近 有 什么 流行 服装 店 吗 ？,Có cửa_hàng nào gần đây không ?
我 可以 要 两 个 礼品 盒 吗 ？,Tôi có_thể lấy hai hộp__ không ?
从 友谊 商店 出来 以后 ， 我 去 看 一 个 朋友 ， 小王 去 王府井 。,"Từ từ__ cửa_hàng này , tôi đi thăm một__ , ,_Vương đi đến__T ."
空调 好像 坏 了 。,Máy điều hòa dường_như bị hư .
哦 那 是 个 好 地方 。,"Ồ , đó là một tốt tốt ."
这 附近 有 折扣 店 吗 ？,Có cửa_hàng nào quanh đây không ?
你 知道 公园 附近 有 个 叫 皱叶甘兰 的 海鲜 馆 吗 ？,Bạn có biết bất_kỳ câu__ nào có một______________viên nào quanh đây không ?
我 正在 努力 准备 中学 毕业 考试 。,Tôi đang cố_gắng chuẩn_bị kỳ thi tốt_nghiệp trung_học .
我 穿上 显得 更 老 。,Tôi mặc trông__ .
我 需要 用 银行 汇票 付款 对 吗 ？,Tôi có cần phải thanh_toán bằng tiền_toán bằng tiền không ?
杯子 被 小张 打碎 了 。,C_nhà bị Tiểu_Tr đã bị vỡ .
我们 去 散步 好 吗 ？,Chúng_ta sẽ đi dạo dạo được không ?
我 喜欢 和 你 说话 。,Tôi thích nói với bạn .
王芳 理发 后 显得 比 原来 年轻 。,Vương_PhươngPhương cắt tóc__ rõ_ràng hơn so với trước .
谢谢 ， 什么 时候 方便 请 您 再 来 。,"Cảm_ơn , khi nào thuận_tiện mời ông ghé lại ."
填写 这 张 单子 。,Đ đơn này .
你 简直 就 是 我 的 天使 。,Bạn thật là bạn là ngày_ tôi .
阿明,A_Minh
你 知道 今晚 有 什么 电视 节目 吗 ?,Bạn có biết chương_trình ti_vi nào không ?
日本 糖果 的 味道 和 我们 的 很 不 一样 。,Nhật_Bản với các__Bản như thế_nào .
二百八十四 美金 。,Hai trăm hai mươi đôla .
这 是 我 付款 的 收据 。,Đây là hóa đơn của tôi .
我 不 是 故意 让 你 生气 。,Tôi không cố_ý làm bạn tức_giận .
大概 两 个 月后 。,khoảng 2 tháng .
因为 他 家境 贫穷 ， 所以 幼年 没 去 读书 。,"Bởi_vì anh ấy đã đi_ng , nên cho_nên không đến đọc sách ."
这 是 终点站 吗 ？,Đây có phải là ga__điểm không ?
我 觉得 是 。,Tôi nghĩ vậy .
“ 衣服 洗 得 怎么样 了 ？ ”,áo_áo giặt như thế_nào ?
电器 很 便宜 但是 食品 和 住房 费用 都 很 高 。,"Pin_ rất rẻ , nhưng__ và ở__ đều rất cao ."
英文 的 还 是 中文 的 ？,còn tiếng Anh hay tiếng trung ?
去 现代 艺术 博物馆 走 哪 个 出口 ？,Lối nào đến Bảo_tàng nghệ_thuật tới_ra ?
对 不 起 让 您 久等 了 。,"xin_lỗi , để bạn chờ lâu ."
他 是 老板 派来 谈判 的 。,Anh ấy là người_____ .
不 要 糖 只 来 点 奶油 。,Đừng có nước chỉ chỉ cho nước ít .
哪位 呀 ？,Cái nào ?
你 要 知道 什么 ？,bạn muốn biết gì ?
大 不 大 ？,lớn không ?
这 是 去 爱丁堡 的 吗 ？,Đây có phải là đến Edinburgh không ?
在 新年 时 。,Nó năm mới .
我 的 名字 填 哪里 ？,Tên của tôi ở đâu ?
对于 孩子 而 言 ， 父母 的 爱 是 最 温暖 的 。,"Đối_với con_ mà nói , những__yêu là__ tốt nhất ."
因为 别 的 事 ， 我 都 放弃 了 。,"Bởi_vì việc khác , tôi đã để đ rồi ."
我 每 天 来 这里 吃 早餐 从 星期一 到 星期五 上班 之前 。,Tôi đến từ đây ăn sáng_ thứ_sáu tới thứ_sáu tới thứ_sáu .
一 枝 多少 钱 ？,1 cành bao_nhiêu tiền ?
我 头 两 个 月 很 想家 ， 现在 习惯 了 。,"Tôi đầu đầu_ rất rất nhớ , bây_giờ quen quen rồi ."
有 洗 车 处 吗 ？,Có xe_hơi không ?
明天 上午 去 参观 ， 八点 在 留学生 楼 前边 上车 ， 请 通知 一下儿 。,"ngày_mai đi tham_quan , 8 giờ sáng_học ở trên xe_lửa , mời bạn thông_báo ."
我 能 在 非工作 时间 还 车 吗 ？,Tôi có_thể trả lại thời_gian ở lại không ?
从 这 走兩 个 街区 有 个 加油站 。,Đi thẳng hai dãy nhà_ga này và nhà .
请 给 我 来 点 葡萄酒 。,Làm_ơn cho tôi một_ít rượu_vang .
没有 ， 我们 没 去 那里 ， 下 次 再 去 吧 。 、,"Không , chúng_ta không đi đó . lần sau tới lần nữa ."
那边 在 医院 的 后面 。,Nó ở phía sau bệnh_việnviện_viện .
我 去 旅行,tôi đi du_lịch
请 于 明天 上午 七点 来 拿 我 的 行李 。,Xin vui_lòng mang hành_lý của tôi vào lúc 7 giờ sáng_mai .
那 条 街 上 红 绿 灯 更 多 。,Con đường phố giao_thông càng nhiều .
很 少 次 迟到,rất ít đến muộn
那么 我 想 去 酒 吧间 等 。,Và tôi muốn đi đến quầy bar .
多久 能 到 日本 ？,Nó bao_lâu đến Nhật_Bản ?
附近 有 自助 餐厅 吗 ？,Có quán ăn_ phục_vụ nào quanh đây không ?
我 不 想 要 这个 房间 。,Tôi không muốn căn phòng .
有 日文 书 吗 ？,Bạn có cuốn sách Nhật_Bản không ?
这 趟 巴士 去 ABC 博物馆 吗 ？,Xe_buýt này đi đi đến Bảo_tàng ABC_ ?
找 你 八 毛 。,tìm bạn 8 hào .
你 先 吃 药 ， 退肿 后 再 来 拔牙 。,"anh trước thuốc trước , sau đó quay lại thêm một_ nữa ."
去 东 大门 是 在 这下 车 吗 ？,Đây có phải là tới nhà_ga_ocke không ?
我们 给 你 准备 了 一 张 靠着 窗 很 好 的 桌子 。,Chúng_tôi có một bàn gần cửa_sổ cho bạn .
汉语 发音 不 太 难 ， 语法 也 容易 。,"Tiếng hoa phát_âm không khó lắm , ngữ_pháp cũng cũng dễ_dàng ."
只有 说 日语 的 。,chỉ có nói tiếng Nhật .
明天 我 去 会 安古城,ngày_mai tôi đi phố__An
我 对 美国 菜 一无所知 。,Tôi thích ở một_số người Mỹ .
我 的 手 很 脏 ， 你 能 帮 我 打开 一下 吗 ？,"Điện_tay của tôi rất , bạn có_thể giúp tôi không ?"
我 想 发 个 电报 。,Tôi muốn gửi một bức điện_tín .
但是 前 三 天 我 会 住 在 机场 附近 的 酒店 。,Nhưng tôi sẽ tại khách_sạn của tôi ở sân_bay tại sân_bay . sân_bay .
一 楼 有 化妆品 吗 ？,Có một món hàng_nghi không ?
你 可以 推荐 一 家 买 旧式 时钟 的 好 商店 吗 ？,Bạn có_thể giới_thiệu một cửa_hàng tốt để mua một_ không ?
没有 我们 这个 城镇 没有 火车站 。,"Không , chúng_tôi không có___thể đi xe_lửa ."
希尔顿 酒店 离 这 远 吗 ？,Khách_sạn Hilton có xa không ?
你 有 去 金门 大桥 的 旅行 吗 ？,Bạn có đi du_lịch đến đến__ lớn không ?
那 个 很 高 的 人 是 谁 ？,người đó cao cao đó là ai ?
我 知道 ， 真 是 个 好 交易 。,"Tôi biết , thật là một__án tốt ."
得知 你 祖父 过世 的 消息 ， 我 也 非常 难过 。,"Tôi rất vui_ bạn đã tin_đời , tôi cũng vô_làm rất buồn_náy ."
我 是 希腊人 。,Tôi đến từ B_Đ .
我 来 检查 一下 车 油 好 吗 ？,Tôi có kiểm_tra kỹ xe xăng không ?
我 是 个 实习生 。,Tôi là sinh_viên thực_tập .
他 把 加速器 按 到 底下 了 。,anh ta đã chạy nhanh lên đến đến cuối_ .
房子 安装 了 烟雾 报警器 吗 ？,Nhà_áo có quần_áo báo__sát không ?
为什么 我们 需要 现金 ？,Tại_sao chúng_ta cần phải tiền_mặt ?
我们 走吧 。,Chúng_ta hãy đi .
我 对 这个 感到 不 满意 。,Tôi không_thể đến này__ .
先生 ， 你 要 送给 谁 呢 ？,"thưa ông , ông cần tặng ai ?"
最近 的 理发店 在 哪 ？,Cửa_hàng gần nhất gần nhất ở đâu ?
在 四川 开 公司,công_ty mở_Đ
我 不 是 故意 伤害 你 的 。,Tôi không có ý_n_ .
我 能 要 处方 上 的 药 吗 ？,Tôi có_thể có thuốc thuốc trên thuốc được không ?
这 有 什么 有趣 的 吗 ？,Có có gì_dẫn_ không ?
往回 走兩 个 街区 。,Đi thẳng hai khối nhà .
请 租 我 一 个 冲浪板 。,Làm_ơn cho tôi một chiếc ván lướt sóng .
你 要 在 这里 呆 多久 ？,Bạn ở đây bao_lâu ?
这 的 号码 是 1238765 。,Số_số là 125 .
这 套 衣服 是 我 妈妈 缝 给 我 的 。,bộ đầm này là mẹ tôi tôi tôi .
这 件 上衣 多少 钱 ？,cái áokhoác này bao_nhiêu tiền ?
是 布朗 家 吗 ？,là nhà_hàng có phải không ?
点,giờ
最近 的 洗衣店 在 哪 ？,Cửa_hàng giặt ủi gần nhất ở đâu ?
普通 邮件 。,gửi thư_thông .
我 终于 可以 放心 了 。,Cuối_cùng tôi đã có_thể yên_tâm được rồi .
这个 样子 有 深绿色 的 吗 ？,Bạn có cái này màu xanh không ?
我 想 存 定期 存款 。,Tôi muốn gửi tiết_kiệm định_kỳ .
一 份 奶酪 汉堡 和 薯条 。,Một bánh thịt băm pho_mát và khoai_tây chiên .
去 芝加哥 车站 在 哪 ？,Trạm xe_buýt đến Chicago ở đâu ?
到 拉斯维加斯 ？,Nó đến Las_Vegas ?
当然 ， 我 以前 在 那儿 工作 。,"Dĩ_nhiên , tôi đây làm_việc ở đó ."
这个 航班 的 下 一 个 呢 ？,Chuyến bay này chuyến bay này ?
我 想 要 一 个 熨斗 谢谢 。,Làm_ơn tôi muốn một bàn vủi .
我 没有 什么 意见,tôi không có ý_kiến
有 什么 牌子 的 ？,Có hiệu_hiệu nào ?
你 每 年 过 几 个 情人节 ？,Mỗi năm bạn được mấy người lễ lễ_nhân ?
我们 对半 付帐 吧,chúng_tôi có_thể trả tiền
大 的 。,Lớn lớn lớn .
我 明白 了 。,Tôi hiểu rồi .
我 老公 很 爱 我,tôi_xã tôi rất thích tôi
别再 说 ， 没有 好 什么 而 笑,"đừng nói nói , không có gì mà mà nói"
票价 呢 ？,vé giá_ ?
你 要 哪 一 类 ？,bạn muốn loại nào ?
二零零七年 是 什么 年 ?,năm 2001 năm năm là năm ?
你 这 人 总是 无情无义 的 。,Anh đúng là người vô_tình bất_nghĩa .
就 不 要 报警 了 。,Chỉ cần không báo cảnh_sát .
剪髮 。,cắt_ .
我 想 要 瓶 果酱 。,Tôi muốn một_ít mứt .
今天 我们 举行 告别 宴会 欢送 李 先生 .,"Hôm_nay chúng_ta tổ_chức tiệc_biệt khác cưới___sinh , thưa ông ."
请 问 ， 王 先生 住 在 这儿 吗 ？,"xin hỏi , ông Vương ở đây phải không ?"
银行 什么 时候 开门 ？,Ngân_hàng mở_cửa lúc mấy giờ ?
我 要 找 一 件 十 岁 女孩 穿 的 衬衫 。,Tôi đang tìm một chiếc áo sơ_em cho mười tuổi .
我 姓 陈 ， 叫 陈子怡 。 请 问 你 贵 姓 ？ 你 叫 什么 名字 ？,"Tôi họ Trần , tên Trần Trần_Tử_Di . xin hỏi ông họ gì ? bạn tên là gì ?"
我 想 你 打错 了 。,Tôi nghĩ bạn gọi nhầm số .
这个 是 两万 块 钱,cái này 20000 đồng
我们 游格式 旅游 线路 。,Chúng_tôi sẽ du_lịch du_lịch .
今天 下午 四点 左右 怎么样 ？,Còn về chiều nay 4 giờ chiều thì sao ?
我 想 你 应该 照 个 X 光 。,Tôi nghĩ bạn có chụp một_ít t .
东 西 大街 97 号 。 你 去 她 家 吗 ？,phía tây_Sa . Bạn sẽ nhà cô ấy không ?
能 给 我 看 那 个 戒指 吗 ？,Có_thể cho tôi xem chiếc nhẫn đó được không ?
他们 很 关心 他们 儿子 的 安全 。,Họ rất thích__toàn của họ của họ .
那 是 我 能 给 你 的 最 低价 了 。,Đó là có_thể giảm giá thấp nhất của bạn .
衣服,bộ_đồ
最后 。,cuối_cùng .
真 舍 不 得 你们 走 。,thật không không các bạn đi .
我 能 把 它 换成 另外 一 种 颜色 吗 ？,Tôi có_thể đổi nó lấy màu khác không ?
是 爱情 故事 吗 ？,Nó có phải là tình_yêu phải không ?
我 想 把 我 的 航班 改到 十月 九号 。,Tôi muốn đổi sang chuyến bay của tôi đến ngày 9 tháng 9 .
几 点 吃早饭 ？,mấy giờ ăn sáng ?
禁止 随地 吐痰 。,Nó có_thể quay_mử .
你们 太 客气 了 ， 我 真 不 好意思 。,"các bạn khách_sáo quá , tôi thật ngại_náy ."
我 才 学 了 三 个 月 。,Tôi học học 3 tháng 3 .
发生 什么 事情 了 ？,Đã gì xảy_ra ?
祝 你 家庭 福 ！,Chúc bạn gia_đình hạnh_phúc
要 分开 的 帐单 谢谢 。,Làm_ơn cho hóa đơn riêng .
我 已经 在 我们 家 附近 报 了 一 个 培训班 。,Tôi đã có một báo_viên tại nhà_hàng bách_ chúng_tôi .
有 什么 开胃菜 ？,Bạn có món khai_vị nào ?
我 很 愿意 。,Tôi rất thích .
我 保证 能 做好 。,Tôi bảo_đảm có_thể làm tốt .
你 能 叫 辆 拖车 来 吗 ？,Bạn có_thể gọi xe xe_kéo đến được không ?
八二三 号 房子 在 哪儿 ？,phòng số 8 số 8 ở đâu ?
这 有 水果 果汁 鸡蛋 面包 和 饮料 。,Có trái_cây trái_cây và bánh_mì và thức uống .
你 觉得 中国 菜 好吃 吗 ?,Bạn cảm_thấy món ăn Trung_Quốc ngon không ?
从 我 的 座位 上 看 不 清 电影 屏幕 。,Từ không_thể nhìn thấy trên ghế của tôi trên .
我 会 再 给 您 去 电话 的 。,Tôi sẽ gọi cho bạn .
我 就 要 它 了 。,Tôi sẽ lấy nó .
你 看看 ， 这 几 种 怎么样 ？,"bạn xem , mấy mấy loại này như thế_nào ?"
我 从 哪 排队 ？,Tôi có_thể đổi đâu ?
飞机 准点 吗 ？,Chuyến bay sẽ đúng giờ phải không ?
有 更 现代 点 的 吗 ？,Bạn có cái nào hơn hơn không ?
他 不但 会 说 汉语 而且 说 得 很 流利 。,Cô ta không_những biết nói tiếng anh rất rất_loát .
你 在 这儿 工作 多 长 时间 了 ？,Bạn làm_việc ở đây bao_lâu rồi ?
要 走上 一 段 时间 。,cần đi bộ một thời_gian .
天气 预报 说 ， 明天 有 大风 ， 还 比 今天 冷 得 多,"dự_báo thời_tiết nói , ngày_mai có gió lớn , còn lạnh hơn hôm_nay lạnh hơn nhiều"
到 十字 路口 向 左转 就 到,đến ngã_tư quẹo quẹo trái đến đến
我 喜欢 篮球 ，,Tôi thích đá bóng_rổ .
或许 我们 可以 去 看看 。,Có_lẽ chúng_ta có_thể đi xem .
这 是 你 的 菜单 。,Đây là thực_đơn của bạn .
请 各位 干杯 。,Xin mời quí vị nâng ly .
你 可以 写 一 份 偷窃 证明 吗 ？,Bạn có_thể viết chứng_minh__cắp được không ?
到 天安门 还 有 几 站 ？,Có bao_nhiêu trạm đến khi đến nhà__ ?
很 难 用 言语 表达 。,Nó khó để lại lời__ .
日本 的 每 个 地区 都 有 tsuyu 吗 ？,Bạn có rượu___ Nhật_Bản ở Nhật_Bản không ?
我 也 不 知道 这里 四周 的 环境 。,Tôi cũng không biết là môi_trường ở đây .
这 瓶 酒 今晚 非 喝完 不 可 。,Ch rượu rượu_vang này không được không uống .
这个 地方 在 哪 ？,Nơi này ở đâu ?
要是 赶 不 上 看 奥运会 现场 直播 ， 那么 看 重播 也 不错 。,"Nếu không_thể không hoạt_động trực_trường trực__ , ,__cả , cũng không_thể cũng__ ."
巴士 在 动物园 停 吗 ？,Xe_buýt có dừng lại ở Sở_thú không ?
你 不 介意 我 占 了 你 的 位子 吗 ？,Bạn không ngại_ tôi chỗ của bạn sao ?
里面 是 什么 ？,Nó chứa trong đó ?
把 肉 做 半生 半熟 。,Hãy nấu thịt chín nửa nửa nửa .
我 不 喝 。,Tôi không uống .
法国 的,Pháp nước Pháp Pháp
如果 你 有空 ， 我们 一起 去 玩 吧,"nếu bạn rãnh , chúng_ta cùng đi chơi nhe"
我 家 有 四 个 人 。,Gia_đình tôi có 4 người .
我 想 在 碗形 体育场 看 一 场 足球 比赛 。,Tôi muốn xem một trận bóng_đá___ .
请 到 费尔蒙特 酒店 。,Xin vui_lòng đến khách_sạn Frent .
你 觉得 这个 问题 怎么 了 乔治 ？,Bạn nghĩ cái này s__tr thế_nào ?
这 是 地铁 车站 还是 列 车站 ？,Đây là ga xe_buýt hay__điện_ngầm ?
他 让 我 告诉 你 ， 多 给 他 写信 。,"anh ta để tôi nói với bạn , vì vậy anh viết thư cho anh ta ."
那 是 什么 意思 ？,Đó là nghĩa nghĩa gì ?
美国 的 生意 前景 如何 ？,Việc__ăn__ của Mỹ như thế_nào ?
我 同伴 哮喘 发作 。,Tôi đồng_đầu với tim_cam .
问题 出 在 哪 ？,Vấn_đề ở đâu ?
吃 点 干果 好 吗 ？,ăn_ít có ngon không ?
这 趟 旅行 最 多 去 多少 人 ？,Đo du_lịch này đi bao_nhiêu người đi ?
能 给 我 再 拿 一 把 叉子 吗 ？,Bạn có_thể lấy thêm cái nĩa khác không ?
什么 时候 我 可以 领到 护照 ？,khi nào tôi có_thể nhận được hộ_chiếu ?
手续费 是 多少 ？,Tiền hoa_hồng bao_nhiêu ?
谢谢 ， 我 马上 过来 。,"Cảm_ơn , tôi sẽ tới ngay ."
我 想 去 个 小点 的 地方 。,Tôi muốn đi nơi nào đó .
几 个 晚上 ？,mấy giờ ?
你 有 什么 事 呢 ？,bạn có việc gì ?
这 是 您 的 账单 。,Đây là hóa đơn của bạn .
你 有 没 有 行李 ？,Bạn có hành_lý của bạn không ?
到 饭店 去 吃饭 要 等 很 长 时间 ， 也 很 贵 ， 就 在 我 家 吃 吧 。,"đến khách_sạn đi xe_lửa đợi thời_gian , cũng rất , , ở nhà tôi tôi đi ."
"当 我 回到 我 的 旅馆 打开 盒子 的 时候 , 我 发现 它 不 是 我 的 尺码 。","Khi tôi về đến những cái_sạn của tôi , tôi không_thể tìm thấy của tôi ."
充电 。,Súp_ .
在 那儿,ở chỗ kia
大约 十五 分钟 ， 乘客 可以 下去 买 东西 。,"Khoảng 15 phút phút , đi_khách có_thể mua mua đồ ."
七 张 十 美元 的 钞票 二十五 张 一 美元 的 钞票 其余 要 兩角 五 分 钱 的 辅币 。,"Bảy tờ mười mười mười , mười tờ mười đôla , và một tờ 25 xu ."
好 的 我 给 你 用 杜松子 酒调 法式 的 。,"Được rồi , tôi sẽ dùng loại điều_ với loại điều_ ."
我 最 喜欢 吃 越南 菜 ， 你 呢 ?,"Tôi thích ăn món Viêê_Nam , còn bạn ?"
这 座 教堂 大约 有 四百 年 的 历史 了 ？,Nhà_thờ này có được di__ trong năm năm rồi ?
到 那个 地方 还 远 吗 ？,Có nơi nào để đến đó không ?
我 可以 自我 介绍 一下 吗 ？,Tôi có_thể tự giới_thiệu một_chút được không ?
安德森 小姐 ， 你 要 用 什么 方式 支付 ？,"Andr , cô , bạn cần dùng gì gì ?"
我 能 在 B 旅馆 参加 旅行 吗 ？,Tôi có_thể đi du_lịch ở khách_sạn B không ?
什么 卷片 ？,Nó có gì ?
我 应该 告诉 他们 。,Tôi nên nói_ họ họ .
请 把 这 本 小说 来 给 我 看,làm_ơn cuốn cuốn này này cho tôi xem
哪里 ！ 哪里,ở đâu đâu
我 饱 了 。,Tôi no rồi .
你 为什么 不 去 那儿 呢 ？,Tại_sao bạn không đi đó đó ?
你 练习 发音 呢 ？,bạn_học phát_âm sao ?
服务费 大约 多少 钱 ？,Phí dịch_vụ bao_nhiêu tiền ?
大约 有 十五 天 。,Khoảng mười có mười ngày .
在 日本 长者 还是 很 受 尊敬 吗 ？,Ng Nhật_Bản hay có một__hàng__Bản phải không ?
用 一 杯水 冲服 一 粒 药丸 。,Hãy uống viên thuốc nước một ly thuốc .
看样子 ， 你 好 多 了 。,"Coi_bộ , bạn khoẻ hơn nhiều ."
你 什么 时候 回信 给 他 ？,Khi nào bạn về lại cho anh ấy ?
你 想好 要 去 哪 了 吗 ？,Bạn có muốn đi đến đâu không ?
咱们 在 我 的 房间 见面 。,Hãy gặp lại trong phòng của tôi .
这 附近 有 文具店 吗 ？,Có cửa_hàng nào__ nào quanh đây không ?
你 打算 怎么样 ?,anh dự_định như thế_nào ?
哪 一 本 ？,Quyển nào ?
请 随便,xin tự_nhiên
重新 发行 一 张 卡 要 九十九 天 左右 。,Sẽ mất khoảng một ngày để lại trong khoảng 99 ngày .
我 想 学习 怎样 去 风帆 冲浪 。,Tôi muốn học________ .
恐怕 你 的 经常 帐户 已 透支 。,Xem_ra của bạn thường__hợp của bạn .
我 正在 找 一些 美国 制造 的 东西 。,Tôi đang tìm một_số đồ__ gì đó .
那儿 是 热带 气候 。,Nó đó là khí_hậu nhiệt_đới .
我 可以 知道 您 的 名字 吗 ？,Tôi có_thể biết tên của bạn được không ?
你 能 推荐 一 个 游览 吗 ？,Bạn có_thể giới_thiệu một bộ du_lịch không ?
就 按 原来 的 样子 剪 ， 不过 剪 高 一点 。,"Cứ cắt kiểu cũ , nhưng tỉa cao hơn một_chút ."
这个 巴士 是 停 在 酒店 附近 吗 ？,Xe_buýt này có dừng lại khách_sạn không ?
太贵 了 。,mắc quá .
我 的 眼镜 摔坏 了 。,Mắt của tôi bị hỏng .
萨瓦 酒店 。,Khách_sạn R .
请 固定 马镫 。,Xin vui_lòng giữ__ .
相同 的 有 蓝色 的 吗 ？,Bạn có cái màu xanh màu xanh không ?
我 想要 小卷 。,Tôi muốn một_ít kem .
是 兩 个 年轻 男人 。,Đó là một người đàn_ông .
我 会 在 近日 在 来 这儿 。,Tôi sẽ ở đây tại đây_mặt .
你 能 给 我 包装 它 吗 ？,Bạn có_thể gói nó cho tôi không ?
需要 我 帮 您 和 办事处 联系 吗 ？,Tôi có cần giúp_ liên_lạc với bạn không ?
我 七点钟 有 约会 。,Tôi có hẹn hẹn vào lúc bảy giờ .
这 的 冰镇 果汁 朗姆酒 很 不错 。,Rượu rum chanh nước_ép trái_cây màu rất ngon .
好哇 ， 不错 。 你 想 什么 时候 去 呢 ？,Ô . . tệ . Bạn muốn đi nào ?
我 肯定 他 是 得 了 麻疹 。,Tôi chắc_chắn anh ấy bị bệnh .
汽车 开 得 快 不 快 ？,xe_hơi nhanh nhanh nhanh nhanh nhanh không ?
四五 天 。,4 4 ngày .
受 雾霾 影响 ， 北京城 的 口罩 已 供不应求 。,"Bị ảnh_hưởng của__ của ,___ của Bắc_Kinh Bắc_Kinh đã không__đứng ."
我 需要 穿 正式 的 服装 吗 ？,Tôi có cần mặc quần_áo trang_phục không ?
那儿 ， 我 刚 学 。,"Không , tôi vừa học ."
就 一百 美元 。,Nó trăm đô_la .
冰箱 里 有 饮料 吗 ？,Có có thức uống trong tủ_lạnh không ?
别吵 否则 我 就 开枪 了 。,Đừng làm ồn_thắn tôi đã bị_ .
我 想 乘坐 下 一 趟 航班 到 波士顿 。,Tôi muốn đi đến chuyến bay kế_tiếp đến Boston .
大概 一 个 小时 后 ， 你 再 打 电话 来 好 吗 ?,khoảng một tiếng nữa anh gọi lại được không ?
电脑 好像 出 问题 了 ， 有时候 能 开机 ， 有时候 开 不 了 。,"Máy_như dường_như không vấn_đề , lúc lúc có_thể chạy lái xe , có_ không mở được ."
谢谢 。,Cảm_ơn .
把 这个 处方 拿到 药房 。,Đ toa thuốc này này thuốc .
我 要 软烫 。,Tôi muốn bôi_l .
能 告诉 我 您 的 姓名 飞机 起飞 日期 和 航班 号 吗 ？,Bạn có_thể cho tôi biết tên của bạn và số chuyến bay của bạn được không ?
这 是 去 悉尼 的 吗 ？,Đây có phải là đến Sydney không ?
我 只 是 想 剪头 而已 。,Tôi chỉ muốn cắt tóc mà .
帐单 有 一 个 错误 。,Có một một trong một__ . .
以后 我 一定 会 很 想念 你们 ！,sau này tôi nhất_định sẽ nhớ nhớ các bạn !
你 要 再 来 些 咖啡 吗 ？,Bạn có muốn uống cà_phê không ?
这个 没有 优惠 。,Không có giảm giá .
不 ， 什么 时候 我们 要 ， 我们 通报,"Không , khi nào chúng_tôi muốn , thông_báo thông_báo"
然后 ， 你 可以 把 它 拿到 那边 的 柜台 吗 ？,"Sau đó , bạn có_thể đưa nó đến quầy không ?"
我 去 购物 啦 。,Tôi đi mua_sắm .
气候 温和,khí_hậu
妈妈 去 幼儿园 的 时候 ， 孩子们 正在 排练 儿童节 节目 。,"Mẹ đi đến vườn_viên , bọn trẻ đang đứng__________sinh ."
比起 爱情 小说 我 更 喜欢 科幻 小说 。,Đ trẻ_em thích nhỏ hơn tôi thích thích tiểu_thuyết__thuyết .
沃里克 酒店 走 几 步 能 到 吗 ？,Xe_sạn Park__mi có sẽ có đi bộ không ?
你 等 了 很 久 了 吗 ？,Bạn đợi đã lâu rồi chưa ?
你 别 挂断 等一会 吗 ？,Bạn có mang theo máy__ không ?
拿 着 我 的 包 。,Mang túi_xách của tôi .
我 遭 抢劫 了 。,Tôi bị bị r .
哪 种 呢 ？,loại nào ?
我 的 铅笔 呢 ？,Còn cây_viết của tôi sao ?
我 也 很 好 。,tôi cũng rất khoẻ .
我 感觉 不 太 舒服 。,Tôi cảm_thấy khỏe lắm .
让 我 查查 制动液 和 发动机 。,Hãy để tôi kiểm_tra dầu và__ và và điện_động và máy_bay .
客户 服务 柜台 在 哪里 ？,Quầy phục_vụ khách__ ở đâu ?
我 能 在 这 游泳 吗 ？,Tôi có_thể bơi ở đây không ?
同样 是 一 个 化妆师 ， 怎么 做 出来 的 造型 差距 那么 大 ？,"Đều là một__viên__viên , làm mà_ như thế__nào mà như thế_nào ?"
我 只 能 在 这些 列出 名字 的 酒店 处 停车 。,Tôi chỉ có_thể dừng lại tại khách_sạn của tôi trong những thứ_ .
她 不 喜欢 洗碗 。,Cô ấy không thích giặt_ .
我 切 着手 了 。,Tôi đã bị tay .
"唔 , 你 的 尺码 是 六点五 D 。","Vâng , bạn__ của bạn là 6 giờ ."
你 要 喝 一 杯 吗 ？,Bạn có muốn uống nước không ?
有 消毒剂 吗 ？,Bạn có cái nào không ?
班里 没有 人 不 觉得 中文 难学 。,Không có không không người không cảm_thấy khó trung văn .
我们 的 一点钟 的 航班 是 下 一 个 最 早 的 。,Chuyến bay của chúng_tôi đã bay là một chuyến bay là nhất .
我 的 英语 不 是 很 好 。,Tôi nói tiếng Anh không tốt .
半路 上 我 的 自行车 坏 了 。,Tôi đã bị kẹt xe_đạp của tôi bị hư .
这里 有 人 会 说 英语 吗 ？,Có ai biết nói tiếng Anh ở đây được không ?
我 想 乘坐 豪华 叫 巴士 去 机场 。,Tôi muốn đi xe_buýt số__bay tới sân_bay .
能 给 我 拿 个 免税 表 吗 ？,Tôi có_thể có một thuế_ đồng_hồ không ?
我 想 你 个 从 京都 带来 的 洋娃娃 。,Tôi muốn bạn có một con búp_bê từ__ từ .
他 的 成绩 全 班 第一 。,Thành_tích của anh ấy lớp lớp_ .
我 想 这 张 收据 是 错 的 。,Tôi nghĩ cái này biên_nhận này .
我 想 往 日本 打 叫号 电话 。,Tôi muốn gọi điện_thoại đến Nhật_Bản .
未来 你 想 做 什么 ？,tương_lai bạn muốn làm gì ?
你 爱人 怎么样,vợ bạn ra_sao
能 在 明天 下午 五点 之前 弄好 吗 ？,Bạn có_thể làm nó vào lúc 5 giờ 00 giờ chiều ngày_mai không ?
问 得 好 。,Thật là tốt .
车费 多少 钱 ？,xe xe bao bao_nhiêu tiền ?
下 次 我 想 在 秋天 来 。,Lần sau tôi muốn đến đến ngày ngày .
这 顿 晚餐 我 吃 的 很 好 。,Nó rất thích bữa ăn tối này .
兩张明天 的 票 。,Xin vui_lòng cho hai vé hai ngày .
多谢 。,Cám_ơn nhiều .
三角洲 机场 。,Ba__bay .
他们 告诉 我 说 他们 觉得 你 很 好 。,Họ nói nói cho tôi biết họ sẽ cảm_thấy bạn rất tốt .
能 给 我 一 张 这个 城市 的 线路 图 吗 ？,Tôi có_thể có một bản_đồ đường_phố này không ?
到 那边 的 车站 坐 六十五 号 车到 饭店 。,Đi xe_buýt số đến đến khách_sạn Park đến số khách_sạn .
她 不 是 会 说 英语 吗 ？,Cô ấy không nói tiếng Anh không ?
据 天气 预报 ， 明天 会 有 大雨 。,"dự_báo thời_tiết , ngày_mai trời sẽ mưa lớn lớn ."
我 还 想 要 些 葡萄酒 。,Tôi vẫn muốn một_ít rượu_vang .
大概 一 周,khoảng 1 tuần
这 是 个 紧急 情况 。,Đây là một cái__ .
有 。,Có .
天气 预报 说 ， 明天 有 大风 。,"Dự_báo thời_tiết nói , ngày_mai có gió lớn ."
你 能 叫 辆 出租车 去弗尔摩尔 医院 吗 ？,Bạn có_thể gọi xe taxi đến đến Deelle không ?
祝贺 你 ， 你 生 了 双胞胎 儿子 。,Chúc_mừng bạn đã sinh_đôi cậu cậu con_trai .
家里人 说 张红 特别 内向 。,"Nhà nhà người nói , trong phòng___ ."
请来 绿 茶 。,Trà xanh trà xanh .
请 让 我 看下 这个 好 吗 ？,Bạn có_thể vui_lòng cho tôi xem cái này được không ?
初学者 没有 用 吗 ？,Tôi có_thể dùng người mới bắt_đầu không ?
你 最 好 让 人 给 你 画 个 地图 。,Bạn nên tốt cho bạn người đưa vẽ cho bạn .
我 会 给 你 止痛药 。,Tôi sẽ đau thuốc đau .
北京 的 春天 常常 刮风 ， 不常 下雨 。,"Mùa xuân của Bắc_Kinh thường__ , không__ , không mưa ."
一些 别人 的 行李 被 送到 我 的 房间 来 了 。,Một_số hành_lý của người khác được đến phòng của tôi đến phòng của tôi .
还 有 其它 原因 吗 ？,Còn thứ_ nào khác không ?
出国,nước_ngoài
卖给 我 那 本 杂志,bán cho tôi quyển tạp_chí
你 喜欢 大自然 的 户外 生活 ， 是 吗 ？,"bạn thích người__sống của bạn__ , phải không ?"
你 有 特殊 的 许可证 或 类似 的 东西 吗 ？,Bạn có bất_kỳ loại__ nào đặc_biệt nào không ?
这个 费用 是 什么 ？,B_phí này là gì ?
你 最近 吃 什么 生 鱼 或者 贝 了 吗 ？,Bạn đã dùng__hàng cá_ nào hay không ?
没 什么 ！,không sao !
有 免费 的 场地 吗 ？,Có có địa_phí không ?
我 想 我 该 听 她 的 建议 。,Tôi nghĩ tôi nên nghe lời khuyên của cô ấy .
你 花 了 多少 钱 买 了 那 个 大 减价 的 椅子 ？,Bạn đã có bao_nhiêu tiền cái ghế giảm giá giảm giá ?
开始 下雪 了 。,Bắt_đầu rơi mưa rơi rồi .
您 的 手帕 掉 了 。,Điện_tay của bạn bị bị rồi .
地图,bản_đồ
大海 波涛 汹涌 。,Đầu_t_thương .
三十八 美元 五十 美分 一 天 没有 公里 限制 。,Nó là ba mươi đô_la và một xu một ngày .
是 的 但是 您 要 交 停车费 。,"Vâng , nhưng bạn phải trả phí xe ."
如果 你们 价格 优惠 ， 我们 马上 就 可以 订货 。,"nếu bạn giá giá giá , chúng_tôi sẽ có_thể đặt_hàng ."
你 要 打听 什么 事情 ?,bạn muốn gọi gì ?
你 最近 还 去 出差 吗 ？,Bạn đây đi dạo đi công_tác phải không ?
真 遗憾 。,thật ân_hận .
请 给 我 来 它 。,Xin vui_lòng cho tôi .
你 把 它 放 在 哪里 了 ？,Bạn để nó ở đâu ?
不 谢谢 你 马上 。,"Không , cảm_ơn bạn ."
你 能 给 这个 包裹 上 保险 吗 ？,Bạn có_thể gửi bảo_hiểm bưu_kiện này không ?
我 想 尽快 把 我 的 这 部分 工作 做完 。,Tôi muốn cố_gắng làm_việc của tôi làm_việc này .
兩片 土司 面包 谢谢 。,Xin vui_lòng cho bánh bánh_mì nướng .
你 能 给 我 看看 橱窗 里 那 个 吗 ？,Bạn có_thể cho tôi xem cái đó trong cửa_sổ được không ?
突然 听到 伯父 去世 的 消息 我们 也 很 惊愕 ， 你 别 太 难过 了 。,"Vả_vật nghe nói tin______ cũng rất__ cũng rất__ , , đừng đừng áy_náy quá ."
小张 游泳 游 得 不错 ， 比 小王 ， 小 李 都 强 。,"Tiểu_ bơi bơi_ không tệ không nhỏ , Tiểu_Vương , Tiểu_Lý đều đều_ ."
不 不 行 。,Không không được .
上衣,đồ
我 会 在 五点 到达 洛杉矶 。,Tôi sẽ đến Los_Angeles vào khoảng năm giờ .
请 给 我 来 杯 咖啡 。,Làm_ơn cho tôi cà_phê .
不 要 了,không cần nữa
史密斯 先生 是 美国人 吗 ？,Ông Smith là người Mỹ phải không ?
陈兴道,Trần_Hưng_
你 的 扣球 很 棒 。,Bạn cầu_chày thật là tuyệt .
请 给 我 来 速溶 咖啡 。,Làm_ơn cho tôi một_ít cà_phê .
请 锁好 门 。,Xin vui_lòng giữ kĩ cửa .
你 受伤 了 吗 ？,Bạn có bị_thương chưa ?
去 ， 你 呢 ？,"Đi , còn bạn ?"
如果 你们 订购 数量 多 ， 我们 就 同意 这个 价格 成交 。,"Nếu các bạn đặt mua một_số nhiều , chúng_tôi sẽ đồng_ý với giá_cả ."
我 叫 王丰 ， 很 高兴 认识 你 。,"Tôi tên Vương_Th , rất vui_mừng biết biết ."
请 把 这 块 钱 换成 零 钱 ？,Bạn đổi tiền này đổi tiền đổi tiền_lẻ ?
我 要 鸡肉 。,Tôi sẽ dùng thịt gà .
我们 已 同床异梦 了 。,Chúng_tôi đã không đồng__ trong_ .
下 一 趟 旅行 何时 开始 ？,Chuyến tiếp_theo tiếp_theo khi nào ?
这 部 电影 怎么样 ？,Bộ phim này như thế_nào ?
"很 好 , 我 的 一 个 包 还 没有 出来 。","rất tốt , tôi_xách tôi chưa ra ra ."
广场 酒店 702 房间 。,Khách_sạn Park phòng 702 .
有 退烧 的 药 吗 ？,Bạn có thuốc nào để trị không ?
李克强 总理 出访 将 首先 访问 越南 ， 其次 访问 文莱 。,"Lý_giám_đốc tổng_giám_đốc Trần___gia__gia Việt_Nam ,__ , sau đó_________ ."
沿着 这 条 街 走 一 个 街区 。,Đi theo con đường này .
水翼船,nước_
我 的 工作 非常 忙 。,Công_việc của tôi rất bận .
差不多 四十 个 字,kémàm 40 40
你 能 保存 我 的 贵重 物品 吗 ？,Bạn có_thể vui_lòng giữ đồ vật có giá_trị của tôi được không ?
需要 十八 美元 的 邮票 。,Phải mười tem mười đô_la .
再 说 一 遍 你 的 名字 ？,Nói nói lại lần nữa là bạn ?
有 其他 的 旅游 吗 ？,Có tour du_lịch nào khác không ?
天 晴朗 起来 了 ， 不 会 下雨 吧 ！,"trời l__đ , không biết mưa không đi !"
这个 费用 不 包括 在内 吗 ？,Giá này có bao_gồm trong giá không ?
我 的 头发 很 干 ， 我 需要 一些 护发素 。,"tóc của tôi rất khô , tôi cần một_ít thuốc dưỡng tóc ."
这个 目 不 允许 。,Đ này không không được phép .
他 已经 成为 我 的 一 个 非常 亲密 的 朋友 了 。,Anh ấy đã_ người đã rất người__ của tôi .
不 好意思 ， 打扰 了 。,"Xin_lỗi , làm phiền rồi ."
用 我 给 您 整理 床铺 吗 ？,Tôi sẽ đưa cho ông cho giường giường cho bạn được không ?
这 就 是 那 个 窗口 吗 ？,Đây có phải là cửa_sổ phải không ?
回头见 。,Gặp bạn sau .
请 大声一点 。,Xin vui_lòng lớn hơn một_chút .
你 觉得 很 严重 吗 ？,Bạn cảm_thấy rất nghiêm_trọng không ?
要 杯 啤酒 。,cần ly bia .
又 便宜 又 好 的 是 什么 ？,M lại rẻ rẻ hơn ?
我 能 为 你 做 点 什么 吗 ？,Tôi có_thể giúp bạn bất_cứ gì cho bạn được không ?
所以 我 要 起 早一点 收拾 一下 家里 。,"Vì vậy , tôi muốn dùng sớm một_chút về một_chút ."
可以 海运 。,có_thể vận_chuyển đường biển .
"因为 下雨 , 比赛 取消 了 。","Bởi_vì mưa , thi_đấu đã bị hủy ."
弗莱尔 先生 你 只 坐 过 两 次 飞机 。,"Ông , ông , ông chỉ đã đi máy_bay lần hai ."
我 是 中国人 ， 你 呢 ？,"tôi là người Trung_Quốc , còn bạn ?"
我 结婚 了 一 年 了,tôi kết_hôn được 1 năm rồi
我 正 在 学 外语,tôi học học ngoại_ngữ
这样 可以 保持 多久 ？,như thế_nào giữ được bao_lâu ?
我 预订 了 七月 三 号 飞往 巴黎 的 BA 135 次 航班 。,Tôi đã đặt chuyến bay 125 vào ngày 7 tháng 7 .
谁 寄 的 ？,Ai đã gửi nó ?
暴雨,mưa_đ
我 带 你 到 四处 转转 。,tôi sẽ đưa bạn đến bốn__ .
我 是 美国人 。,Tôi là người Mỹ .
很 好吃,Ăn ngon ngon
怎么样,Như thế_nào
他 正在 哪儿 ？,anh ta đang đâu ?
请 各位 和 新郎 新娘 干杯,mời các vị và vị_dâu_dâu mới_dâu
我 挨 戈呀 。,Tôi bị đau_ .
我 需要 医生 。,Tôi cần bác_sĩ .
这么 看来 ， 近期 赴 马来西亚 旅游 的 游客 将 有所 减少 。,"Xem_ra , gần đây là thành_tích khách__hội sẽ___ có____ ."
只有 你 去 请 他 ， 他 才 会 来 。,"Chỉ có anh đi mời anh ấy , anh ấy mới đến ."
他 是 个 偷窃 高手 。,Anh là là người___ cao_ .
碰撞 险 一 天 要 加五 美元 你 要 吗 ？,Bạn có_thể trả với một đôla với đôla một ngày .
"她 有 一 副 鹅蛋脸 , 头发 短短 的 ， 戴 眼镜","Cô ấy có khuôn_mặt trái_xoan tóc , ngắn_kính mắt mắt"
我 头痛 。,Tôi bị nhức đầu .
现在 你 要 去 医院 看看,bây_giờ bạn muốn đi bệnh_viện xem
请 写 下来 。,Làm_ơn viết xuống .
三 个 月 定金 。,3 tháng 3 .
我们 不 退款 。,Chúng_tôi không trả tiền .
你 在 这 边 坐 好好 休息,bạn ở đây đi nghỉ_ngơi cho
他 不 是 中国人 。,Anh ấy không phải là người Trung_Quốc .
哪个 是 去 柏林 的 ？,Cái nào đến B Berlinlin ?
我 要 往左 分 。,Tôi sẽ đi_tra .
这儿 写 出生 日期 。,ở đây viết ra hết hạn .
那 我 想 明天 邮寄 到 。,Tôi nghĩ là đến__ vào ngày_mai .
我 警告 你 ， 再 这样 我 就 对 你 不 客气 了 。,"Tôi nghe lời bạn_ , , thì tôi sẽ không_thể bạn được ."
这 人 冬天 穿 短袖 真 是 太 牛 了 。,mùa đông này mặc mặc quần_áo quá thật .
你 知道 这 是 什么 意思 吗 ？,Bạn biết đó là ý gì ?
我 还 没 结婚,tôi vẫn chưaâ gia_đình
这 是 介绍 这个 学校 的 材料 ， 你 可以 看看,"đây là tài_liệu của__ của trường này , bạn có_thể xem"
你 肯定 你 没有 Suzuki 的 预订 吗 ？,Bạn có chắc đặt bạn đặt chỗ trướcuu__ không ?
能 给 我 些 肥皂 吗 ？,Tôi có_thể có một_ít xà_phòng được không ?
那边 的 椅子 ， 请 你 搬时 小心 一点 ，,"T nội_ bên kia , mời chị chuyển cẩn_thận hơn 1 chút ."
去 波士顿 的 巴士 是 9：30 离开 吗 ？,Đây xe_buýt đến Boston là rời đi đến San_C phải không ?
小平 的 奶奶 一 个 字 也 不 认识 。,Một_ của bà__ của một__ cũng không quen .
我 也 想 换 一些 零 钱 。,Tôi cũng muốn đổi một_số thay_đổi .
你 的 书 比 我 多 三 倍 。,sách sách của anh hơn tôi nhiều hơn .
我 一边 学习 ， 一边 工作 。,"Tôi vừa đi học , vừa đi làm ."
你 什么 时候 来 ？,Khi nào bạn đến ?
"你 看 , 他 搞错 了","bạn xem , anh ấy sai rồi"
老龄 人口 正在 增加 。,Ông_ người người đang đứng_ .
厕所 在 哪 ？,Nhà_vệ_sinh ở đâu ?
你 想 看看 这个 手册 吗 ？,Bạn có muốn xem chiếc__ánh này không ?
请 给 我 看看 好 吗 ？,Bạn có_thể vui_lòng cho tôi xem không ?
这 是 车费 ， 余下 的 ， 你 留下 喝 咖啡,"đây là tiền xe , tiền_ , bạn lại lại uống cà_phê"
我 喜欢 这个 样子 。,Tôi thích kiểu_dáng này .
我 想 申请 一 个 二万 美元 的 信用额 。,Tôi muốn xin một_số giá đô_la .
有 深蓝色 的 吗 ？,Bạn có cái màu xanh không ?
是 的 我 肯定 。,"Vâng , tôi chắc_chắn ."
您 肯定 您 存在 波士顿 了 吗 ？,ông có_thể gửi ông đã bị__ không ?
我 大概 四点 左右 开始 出发 。,Tôi sẽ bắt_đầu khoảng bốn giờ bắt_đầu .
你 能 告诉 我 在 哪 能 打到 出租车 吗 ？,Bạn có_thể cho tôi biết tôi có_thể gọi taxi taxi taxi được không ?
我 想 兑换 这些 旅行 支票 。,Tôi muốn đổi những cái du_lịch này du_lịch .
你 要 按 着 那 个 按键 大约 三 秒钟 。,Bạn phải nhấn theo cái này khoảng 3 giờ .
邮局 在 附近 吗 ？,bưu_điện ở gần đây không ?
我 心情 非常 忧虑 。,Tôi đồng_trạng tôi rất buồn__ .
差得 远 呢 。,kém kém lắm .
我 放 了 硬币 但是 我 什么 都 没有 拿到 。,Tôi đã kh bất_ nhưng nhưng tôi không có gì đó .
父母们 感谢 神 让 他们 的 孩子 平安 的 长 到 这个 年龄 。,Bố_mẹ vô_cùng cảm_ơn cho người_lớn của người___ đến năm .
现在 你 去 教室 吗 ？,bây_giờ bạn có dạy__ không ?
我 该 穿 什么样 衣服 ？,Tôi nên mặc quần_áo của tôi là gì ?
不 用 找 了 。,Không cần tìm được .
你 自己 随便 拿 五 美元 吧 。,Bạn hãy tự_nhiên với bạn 5 năm .
能 把 这个 行李 拿到 出租车 上 吗 ？,Bạn có_thể mang hành_lý này đến xe taxi được không ?
汉语 你 学 得 很 好 ， 法语 也 很 棒 ， 你 是 学 外语 的 天才 。,"tiếng bạn học giỏi rất hay , tiếng_ cũng rất hay_ , , là bạn__lực học__ngữ ."
你 能 告诉 我 在 哪 换 车 吗 ？,Bạn có_thể cho tôi biết tôi có_thể đổi xe ở đâu ?
必须 有 人 打破 沉默 。,Có phải người_đông trên người_ .
请 等等 ， 文晖 就 来 。,"xin chờ , , đến đó là đến ."
再见 。,tạm_biệt .
请 问 玩具 部 在 哪 ？,xin hỏi_thể cho tôi biết đồ_chơi ở đâu ?
南 无 大悲 观世音 菩萨,Nam_mô đại_mô đại_đời bồ_tát
妳下 星期 来 上班 吧 。,chị ấy đi làm_việc đi .
你 弟弟会 和 我们 一起 去 吗 ？,Bạn có_thể đi với chúng_ta không ?
你 能 再 重复 一 遍 吗 ？,Bạn có_thể lặp lại lần nữa không ?
我 是 以色列人 。,Tôi là người người__ .
我 想 要 鸡肉 沙拉 和 一 壶 咖啡 。,"Tôi muốn dùng thịt gà , rau_ và một tách cà_phê ."
我 对 花粉 过敏 。,Tôi dị dịứng với hoa .
哦 歌伎 晚会 还 存在 吗 ？,"Ồ , có một____gồm bữa tiệc không ?"
他 在 房间里 。,Anh ấy ở trong phòng .
这 附近 有 合适 的 商店 吗 ？,Có một cửa_hàng nào gần đây không ?
那边 的 一 个 乘客 说 他们 能 和 你们 换 位置 。,"Một__lịch hành_khách , họ có_thể đổi các bạn các bạn ."
我 想 要 橱窗 里 展示 的 那 个 。,Tôi muốn cái cái tủ__ tủ bày hàng .
我 是 Ohno 。,Đây là Ros_ .
信用证,thư_bảo
我 姑妈 情绪 低落 有点 古怪 。,Tôi bị _thần và có___ .
你 开玩笑 。,Bạn đang đùa à .
没有 人 知道 然而 你 知道 吗 ？,Không có ai biết có có_ nào không ?
你 会 看到 一 个 漂亮 的 中国 风格 的 门 。,Bạn sẽ thấy cửa cổng cửa__hàng đẹp .
我 需要 准备 零 钱 吗 ？,Tôi có cần phải tiền_lẻ không ?
你 什么 时候 能 告诉 我 大致 的 费用 ？,Khi nào bạn có_thể cho tôi biết chi_phí cho khi khi nào ?
我 打算 考研究生 ， 一边 学习 ， 一边 工作 。,"Tôi dự_định học_sinh__ , vừa chăm_làm , vừa đi làm ."
祝 你们 百 年 好 合,chúc các bạn bạn_năm tốt_
是 这 趟 航班 吗 ？,Chuyến bay chuyến bay này phải không ?
你 做 什么 工作 ?,bạn làm nghề gì ?
你 喜欢 去 舞厅 吗 ？,Bạn thích đi khiêu_vũ không ?
人家 能 学会 ， 我 也 能 学会 ， 我 怎 能 比 人家 差 。,"Người_ta học được , tôi cũng học đuợc , tôi__thể kém hơn người__chút ."
上 三 号 站台,ga số trạm dừng tiếp_theo
如果 我 从 我 的 房间 打 国际 长途 需要 额外 交钱 吗 ？,Bạn có_thể đổi tiền__ tôi trong phòng của tôi trong phòng_ tôi không ?
是 的 。 我 报 的 是 一 周 以内 的 最 低 价格 。,"Vâng , . . giá_tôi là giá thấp nhất trong phạm_vi 1 tuần ."
你 想 和 你 多 聊聊 。,Bạn muốn nói_chuyện với bạn nói_chuyện .
你 吃 早餐 了 吗 ？,Bạn đã ăn sáng chưa ?
谁 是 明星 ？,Ai là người__ ?
火车 就 要 开 了 ， 赶紧 上车 吧 。,"xe_lửa sẽ chạy rồi , đi xe đi xe đi ."
我们 的 旅行 从 七月 二十一日 开始 到 二十七日 结束 。,Đo_ chuyến chuyến_lịch của chúng_tôi sẽ đến ngày 27 tháng 7 . ngày .
保证,bảo_đảm
他们 都 很 好 。 谢谢 。,Họ đều rất khoẻ . Cám_ơn .
到 邮政局 去,đi đến__điện_ngầm
你 还 可以 逛 半 个 小时 。,Bạn vẫn có_thể t nửa tiếng tiếng .
请 讲 对方 的 号码 和 姓名 。,Xin vui_lòng nói số số và số và và họ và địa_chỉ .
你 介意 其他 人 帮 我 去 拿 吗 ？,Bạn có phiền_lý ai đó giúp tôi đi không ?
我 真 高兴 听到 这个 好 消息 。,Tôi rất vui khi nghe tin này .
最 早 是 什么 时候 ？,Thời_gian sớm nhất là khi nào ?
请 告诉 他 Tanaka 先生 将 会 等 他 的 电话 。,Hãy nói với ông ấy ông ấy ông sẽ gọi điện_thoại của ông ấy .
可以 先生 。,"Vâng , thưa ông ."
是 治 哮喘 的 药 。,Nó là thuốc của bệnh_s .
如果 可能 的 话 我 宁愿 不 把 这 颗 牙 拔掉 。,"Nếu không_thể , tôi không_thể không chiếc răng_ răng này ."
他 汉语 说 得 太 好 了 ， 以至 我 以为 他 是 中国人 。,Tiếng hoa của anh ấy giỏi đến đến tôi cứ nghĩ rằng anh ấy là người Trung_Quốc .
通常 小孩儿 岁 开始 上学 ？,thông_thường trẻ_em bắt_đầu bắt_đầu ?
你们 还 年轻 嘛 ， 说 不 定 明年 一 次 生 两 个 。,"các bạn còn trẻ__ , nói , không_thể đã được hai lần nữa ."
不 知道 。,Không biết .
她 是 哪里 人 ？,Cô ta là người đâu ?
邮局 在 哪里 ？,Bưu_điện nằm ở đâu ?
我们 上午 去 ， 好 吗 ？,buổi sáng chúng_ta đi được không ?
我 感觉 肚子 那 片 一 跳 一 跳 的 疼 。,Tôi cảm_thấy đau một trong một_ .
真 抱歉 ， 我 不 知道 。,"thật xin_lỗi , tôi không biết ."
你 也 是 。,Bạn cũng cũng .
下午 不 上课 ， 我们 去 逛逛 超市 吧 。,"buổi chiều không đi học , chúng_ta đi đi siêu_thị ."
初学者 有 什么样 的 场地 ？,Có một_ nào tốt cho người mới bắt_đầu ?
好 的 ， 什么 地方 ？,"Được , chỗ nào ?"
你 可以 住 在 我 家 。,Bạn có_thể ở nhà tôi ở nhà .
你 通常 晚餐 后 在 家 做 什么 ？,bạn thông_thường bạn ở nhà làm gì ?
你 叫 什么 名字 ？,Tên bạn là gì ?
地铁站 旁边 有 一 家 特别 好 的 印度 餐馆 。,Có một nhà_hàng có một nhà_hàng ngon đẹp ở trong__ .
我 到 这里 上 一 个 语言课 。,Tôi ở đây để một__ ngôn_ngữ .
有 绷 带 吗 ？,Bạn có băng_ không ?
可 对 身体 不 好,co đáng sức_khoẻ không tốt
是 的 ， 我 和 我 的 儿子 ， 丈夫 在 酒店 吃 的 。,"Vâng , tôi sống con_trai của tôi , ở đó khách_sạn ."
你 有 兴趣 报名 参加 吗 ？,Bạn có đăng_ký__ không ?
你 逐 部分 地 买 回去 装配 ， 音响 就 会 更 好 。,"anh phụ_định mua_sắm thì__ , thì__chịu thì sẽ sẽ càng tốt hơn ."
"不 , 实际上 , 大家 叫 我 玛蒂 。","Không , thực_sự , gọi là người tôi gọi ."
《 变形 金刚 》 是 近期 值得 一 看 的 电影 。,"Bộ phim_trô-l là ""_kỳ bộ__ đáng xem ."
我 打算 去 中国 旅行 。,Tôi dự_định đi du_lịch Trung_Quốc .
周,tuần
最近 工作 真的 很 忙 。,công_việc này_việc rất bận_rộn .
好 了 ， 你 别再 喝 了 ， 再 喝 就 会 醉 的 。,"được rồi , anh đừng uống uống nữa , uống nữa sẽ say đấy ."
圣诞节 就 要 到 了 。,Gần_sinh Giáng sẽ đến rồi .
大家 遵守 规定 吗 ？,mọi người___định có_định không ?
祝 旅程 愉快 。,Chúc chuyến đi vui_vẻ .
这个 给 她 这个 给 我 。,Cái này cho cô ấy cho tôi .
你 没有 试验 的 课程 吗 ？,Bạn không có chương_trình học nào không ?
你 有 心脏 病史 吗 ？,Bạn có bệnh_sử bệnh_sử không ?
星期四 。,thứ 4 .
请 问 ， 到 天安门 还 有 几 站 ？,"xin hỏi , đến Thiên_An_Môn có mấy trạm ?"
我 正在 等 我 的 朋友 。,Tôi đang chờ bạn bạn của tôi .
说 。,nói .
而且 我 希望 你 明年 别 夏天 来 春天 来 好 去 乡村 看看 。,Tôi tôi hy_vọng bạn sẽ đi đến mùa hè đến mùa xuân đến thăm mùa hè ở_ .
给 我 五 张 二十 美元 的 。,Cho tôi hai vé 20 đôla .
家用 电器 部 在 哪 ？,Nhà_hàng điện_điện ở đâu ?
孕妇 可 不 可以 吃 海鲜 ？,Còn về việc có_thể ăn hải_sản không ?
你 能 推荐 一 个 好 酒店 吗 ？,Bạn có_thể giới_thiệu một khách_sạn tốt không ?
您 是 二十 座 。,ông là 20 20 .
去 牛津 的 双程 车票 是 多少 钱 ？,Vé vé xe_lửa đến Oxford là bao_nhiêu ?
我 叫 Sato 。,Tên tôi là Stoto .
能 给 我 个 小 电毯 吗 ？,Tôi có_thể có một cái chăn không ?
现在 你 的 新航 班号 是 六月 十七日 的 三 次 航班 。,bây_giờ cô_ của bạn bây_giờ là chuyến bay 10 tháng 6 .
而且 请向 在 我们 开会 期间 主动 帮忙 的 Cook 小姐 传达 我 最 美好 的 祝愿 。,Xin vui_lòng cho_biết chúc____________ của chúng_tôi đến khu__ của__ trong__ của tôi .
他 住 在 学生 宿舍 2 层 234 号 房间 。,Anh ấy sống ở phòng số____ số 3 phòng số 3 .
你 好 。 初 次 见面 ， 请 多 关照 。,"Xin chào , lần gặp lại , xin vui_lòng tắt ."
这 料 是 纯 羊毛 的 吗 ？,Cái này có len tinh len phải không ?
要 乘 多 长 时间 的 火车 ？,cần đi xe_lửa bao_lâu ?
就 我 一 人 。,Chỉ tôi đến một_mình .
一 个 小时 是 多少 钱 ？,Trong một giờ là bao_nhiêu ?
你 的 名字 和 住址 谢谢 。,Tên và địa_chỉ của bạn ở .
"人们 管 个子 高 ， 长 得 英俊 ， 经济 条件 好 的 男孩 叫 "" 高 富帅 "" 。","Mọi người người người_ông cao cao , trắng_chánh , kinh_tế ,_ là là "" là "" Bú_th "" ."
旅行社 告诉 我 都 弄好 了 。,"Được_ra , hãy nói cho tôi đã làm xong ."
我 和 我 丈夫 一起 。,Tôi với cùng với tôi .
你 打算 预约 几 点 ？,Bạn dự_định mấy giờ ?
有 四 人 房间 吗 ？,Có phòng phòng nào không ?
我 喜欢 看 妇女 报,tôi thích xem báo_nữ phụ_nữ
我 建议 你 去 格林 餐馆 。,Tôi đề_nghị bạn đi nhà_hàng_Lâm .
我 想 预约 今晚 七点半 两 个 人 的 位子 。,Tôi muốn đặt một cho cho người lúc tám giờ tối nay .
快递 多少 钱 ？,chuyển chuyển bao_nhiêu tiền ?
我们 先 要 了解 商品 的 品质 ， 然后 凭 样品 买卖 。,"Chúng_tôi tìm_hiểu chất_lượng sản_phẩm của , sau đó mới hàng mẫu hàng mẫu_bán hàng mẫu ."
另外 的 一 家 书店 卖 它 吗 ？,Bạn có bán bán_sách ở nhà không ?
你 去 过 中国 了 ， 是 吗 ？,"bạn đi qua Trung_Quốc rồi , phải không ?"
请 给 我 看看 旅馆 的 价目表 。,Xin vui_lòng cho tôi xem những giá_trị của tôi .
你 看见 那 座 建筑物 里 的 雕像 了 吗 ？,Bạn đã có__mặt trong tòa nhà đó đó không ?
你 知道 地铁 在 哪儿 吗 ？,Bạn biết biết tàu_điện_ngầm ở đâu ?
如果 可能 的 话 要 张靠窗 的 桌子 谢谢 。,Xin vui_lòng cho tôi bàn bàn gần cửa_sổ .
请 拿 这个 。,Xin vui_lòng lấy cái này .
我们 什么 时候 在 纽约 降落 ？,Khi nào chúng_ta xuống ở New_York lúc mấy giờ ?
飞机 将 要 起飞 ， 请 贵 客套 好 安全带 。,"Máy_bay sẽ cất_cánh , xin vui_lòng quý_chặt dây an_toàn ."
她 是 一 位 专家 。,Cô ấy là người__sĩ .
我 想 听 您 诚实 的 建议 。,Tôi muốn nghe lời khuyên_thực của bạn .
这个 箱子 的 大小 刚 合适 。,Kích_cỡ của cái hộp này vừa vừa .
那 个 电影 对 小孩 来说 太 暴力 了 。,Bộ phim_thương đó đã có quá đắt đối_với ._lực .
你们 别 客气 ， 象 在 家 一样 。,"các bạn đừng khách_sáo , ở nhà như vậy ."
祝 你 万事如意 。,Chúc bạn vạn_sự_như_ý .
我 的 网球 水平 连 小张 都 比 不 上 ， 怎么 敢 跟 王明比 ！,"quần_vợt của tôi đều nhỏ_ đều không_ , ,_sao Vương________đ với nhau ."
今晚 八点钟 三 个 人 谢谢 。,Xin vui_lòng cho người người lúc tám giờ tối nay .
我 要 些 蘑菇 。,Tôi muốn một_ít đồ__ .
惠普 中国 分公司 在 哪儿 ？,Đ___ Trung_Quốc ở đâu ?
小丽 终于 如愿以偿 的 考入 了 名牌 大学 。,Tiểu_Lệ__tác đã được thi_________học .
你 的 儿子 真 可爱 。,con_trai của bạn thật đáng yêu_thích .
真 不 好意思 ， 我 叫 山,"thật áy_náy , tôi tên là"
我 想 要 一些 防 唇裂 油膏 。,Tôi muốn một_số son môi_ .
我 在 美国 耐克 公司 工作 。 你 呢 ？,Tôi làm_việc ở công_ty Mỹ__ . Còn anh ?
谢谢 。,Cảm_ơn .
"我 迷路 了 , 这 是 什么 路 ?","tôi bị lạc đường , đây là đường gì ?"
不是 你 的 错 。,"Không , bạn lỗi của bạn ."
请 替 我 选 一 件 金饰 做 礼物,làm_ơn chọn dùm tôi 1 đồ trang_sức làm_quà
我 的 圆珠 笔 找 不 到 了 。,V không_thể tìm được không_
在 哪 可以 买到 价格 合理 的 机票 ？,Tôi có_thể mua vé máy_bay giá giá ở đâu ?
是 . 我 觉得 做 买卖 很 有意思 .,Vâng . tôi cảm_thấy làm việc_bán rất thú_vị .
我 要 休息 一下 。,Tôi sẽ nghỉ_ngơi một_chút .
我 要 走 了 。,Tôi phải đi .
"对 不 起 , 这 不 是 我 想 的 。","Xin_lỗi , đây không phải là những gì tôi nghĩ ."
我 想 要 些 火柴 。,Tôi muốn một_ít sợi_l . .
剧院 每 天 都 能 吸引 很多 人 单人票 是 很 难 买到 的 。,Mọi người_ ngày đều có_thể thu__ một người_lớn và người__ .
请 您 等 我 一会儿 吧 ， 好 吗 ？,"xin ông chờ tôi 1 chút nhé , được không ?"
出门 时 别 忘 了 带 钥匙 。,Có_vẻ như quên đã quên chìa khóa của tôi .
带 我 去 国王 街 。,Hãy đưa tôi đến nhà__ .
哪儿 啊 ， 还 差得 远 呢 。,"sao à , còn phải học_hỏi thêm ."
从 纽约 来 的 列车 进站 了 吗 ？,Xe_lửa từ_ đến từ New_York không ?
有 列车 时刻 表 吗 ？,Có có_ nào đồng_hồ không ?
我 想 试 一 个 小 码 的 。,Tôi muốn thử một cái nhỏ .
索尼 的 数码 器材 值得 一 买 。,Những số_số của số__thuật đáng mua__ .
我们 相处 得 很 愉快 。,Chúng_tôi sẽ có một thời_gian vui_vẻ .
我 有些 要 洗 的 衣服 。,Tôi muốn giặt quần_áo của giặt .
多少 人 ？,bao_nhiêu người ?
我们 是 初学者 。,Chúng_tôi bắt_đầu mới bắt_đầu .
我 过会儿 会 给 你 带 吃 的 过来 。,Tôi sẽ mang bạn sẽ ăn cho bạn sau .
请 支付 到 那儿 的 交通费 。,Xin vui_lòng trả tiền cho tôi ở đó .
请 你 用 推子 推 ， 不 要 用 剪刀 剪 。,"xin chị cần bằngông_ôngông , đừng cắt cắt kéo kéo ."
233 － 331 － 88 28 ，,20 23381-81888 .
两千 块 。,2000 đồng .
路 上 很 滑 。,Trên đường trên rất .
陈 经理 ， 这 位 是 来 应聘 的 王 先生 。 王 先生 ， 这 位 是 人力 资源部 海外科 的 陈经理 。,"giám_đốc , vị này là Vương_Đại Vương_nh của Vương_Đại , đây là người__lý_lý_lý của__lý .__lý ."
这 是 去 华尔街 的 路 吗 ？,Đây có phải là đường đến đến đường Wall không ?
明天 下午 没有 课 ， 我 跟 你 一起 去 。,"Ngày_mai không có giờ , tôi đi cùng với bạn ."
家 里 的 盐 用 完 了 。,Nhà nhà_ Sảo rồi .
学生 有 优惠 吗 ？,Bạn có giảm giá cho em_sinh không ?
请 给 我 全 换成 一 美元 的 。,Xin vui_lòng cho tôi đổi một đôla .
它们 是 台风 。,Chúng được là__ .
我 的 车 调进 沟 里 了 。,Xe của tôi bị thất_lạc .
我 想 确定 一下 你们 公司 的 首席 执行官 明天 是否 参加 会议 。,Tôi muốn xác_nhận rằng các bạn của__ của công_ty các bạn__ tham_gia vào ngày__mai .
"拿 眼睛 来说 , 千百万 人 就 有 千百万 双 不同 的 眼睛 。","Lấy đôi mắt_ mà nói , người_em sẽ có một đôi mắt_ ."
抱 着 小孩 骑 摩托车 真 是 太 危险 了 。,an trẻ nhỏ__thương thật__sự rất quá__ .
我 想 要 一 个 靠 前面 的 座位 。,Tôi muốn một chỗ ngồi ở phía trước máy_bay .
没事 ， 有点儿 咳嗽,"không sao , có chút bị ho"
可以 吗 ？,Có không ?
淋浴 是 免费 的 。,tắm tắm_phí .
乔治 你 真 让 我 开心 。,Tôi rất___ vui_lòng cho tôi lái_ .
你 发烧 吗 ？,Bạn có bị sốt không ?
我 还 没有 预约 。,Tôi chưa đặt phòng trước .
好 的 ， 你 为什么 送 她 鲜花 呢 ？,"Được , Tại_sao bạn tặng cô ấy hoa_ ?"
眼眉,mắt
我 就 给 你 当 导游,tôi sẽ đưa cho bạn hướng_dẫn_viên
波士顿 酒店 。,Khách_sạn Boston .
我们 在 哪里 能 冲浪 呢 ？,Chúng_ta có_thể ở nước ở đâu ?
如果 我们 多 花 一些 时间 来 考虑 这些 建议 我们 会 有 更 多 的 想法 。,Nếu chúng_tôi một_số nhiều thời_gian để chúng_tôi sẽ__tôi sẽ__quả hơn nhiều hơn .
真 漂亮 。,Nó đẹp .
请 给 我 来 鸡蛋 。,Làm_ơn cho tôi một trứng .
是 的 但 你 能 把 轻 行李 放 在 头顶 的 架子 上 吗 ？,"Vâng , nhưng có_thể đặt hành_lý của bạn trên kệ đầu trên đỉnh được không ?"
请 各位 和 新郎 新娘 干杯 。,xin mời quí vị và địa_dâu mới .
去 市区 怎么 走 ？,Tôi có_thể đi đến khu_vực trung_tâm thành_phố ?
请 说 你 的 号码 和 住址 。,Xin vui_lòng nói số số của bạn ở địa_chỉ của bạn .
再见 .,tạm_biệt .
我 想 要 一 辆 玩具 汽车 。,Tôi muốn một chiếc xe_hơi .
我 来自 加利福尼亚州 。,Tôi đến từ California .
你 学 汉语 多久 了 ?,Bạn_học tiếng hoa bao_lâu rồi ?
出 楼梯 ， 左边 第二 间 。,"Đi lầu_thang , bên trái hai dãy nhà ."
离 拐角处 九十九 米 远 。,Từ đây xa 99 xa .
三 本 就 足够 了 。,3 3 là rồi .
加点 发油 吧,thêm thêm nước dầu đi
太贵 ！ 买 不 起,mắc quá !
王 老师,Vương_giáo
我 很 抱歉 晚饭 才 有 。,"Tôi rất xin_lỗi , mới có_thể ."
我 冷得 受 不 了 了 。,Tôi không_thể chịu được chịu chịu .
我 父母 住 在 遥远 的 A 城市 。,Bố_mẹ tôi ở thành_phố A__ .
我 来 这里 出差 。,Tôi ở đây để làm_ăn .
"今天 是 六点半 , 但 通常 在 五点半 。","hôm_nay là 6 giờ , nhưng thường thường 5 giờ 30 ."
他 就读 于 波士顿 大学 。,anh ấy sẽ học đại đại_học .
每 次 见到 他 我 都 和 他 说话 。,mỗi lần gặp anh ấy đều tôi nói với ông ấy .
我 专修 财政 会计科 .,Tôi học chuyên_ngành tài_chính kế_toán .
可能 是 一 本 浪漫 小说 吧 。,có_thể là một cuốn tiểu_thuyết v .
她 在 威胁 我 。,Cô ấy đang đ__ph . tôi .
我 有 贫血 。,Tôi bị chảy máu .
请 问 你 能 再 说 一 遍 吗 ？,Bạn vui_lòng nói lại lần nữa không ?
这 是 中国 瓷器 。,đây là những__ Trung_Quốc .
我 把 相机忘 在 你们 商店 某 个 地方 了 。,Tôi đã để máy_ảnh của tôi trong cửa_hàng của bạn .
哪 个 包裹 是 什么 ？,Cái nào là gì ?
你 能 给 我们 把 这 酒 留 到 明天 晚上 吗 ？,Bạn có_thể đưa chúng_tôi này cho đến nhà_mai được không ?
门票 多少 钱 ？,vé vé cửa bao_nhiêu tiền ?
我 来 给 您 刮脸 好 吗 ？,Tôi sẽ cho bạn cho bạn được không ?
试工 时间 的 薪酬 是 三百万 块 钱 ， 好 吗 ？,Giá_gian___ của là đồng đồng đồng đồng .
新年 快乐,năm mới
你 可能 很 快 就 又 增重 啦 。,Bạn có_thể rất nhanh_chóng__ .
我 可以 怎么 去 这个 寺庙 ？,Tôi có_thể đến được bằng cách nào ?
我 的 表 一 天 快 五 分钟 。,Đồng_hồ của tôi mất khoảng năm phút .
很 遗憾 没有 。,"Tiếc không may , không có ."
请 把 登记卡 上下面 的 条目 填上 。,Xin vui_lòng trình__ trên mặt_đ trên mặt .
我 这里 很 疼 。,Tôi bị đau ở đây .
我 正在 学 华语 ， 可能 学期 结束 后 就 去 。,"Tôi đang học tiếng hoa , có_thể xong khoá_học sẽ đi học ."
你们 慢吃 。,các bạn từ_từ ăn .
请 拿 盒 火柴 。,Xin vui_lòng cho tôi một hộp__ .
我 能 用 这个 卡取 现金 吗 ？,Tôi có_thể trả tiền__ bằng thẻ này được không ?
三 年 没 见 ， 你 跟 以前 一样 。,"3 năm không gặp lại , anh giống như vậy ."
我 要 寄钱 到 荣市,tôi muốn gửi tiền đến thành_phố vinh
应该 在 那里 。,Nó ở đằng kia .
你 是 哪 国人 ?,Bạn là người nước nào ?
他 喜欢 这个 学校 吗 ？,anh ta thích học trường này không ?
他 身体 很 好 。,sức_khoẻ anh ta rất tốt .
唔真贵 。,"Vâng , quá mắc ."
x 我 不 会 再 来 这里 了 。,Tôi không_thể sẽ đến đây nữa lần nữa .
我 该 走 了,tôi phải đi rồi
祝贺 你 我 听说 你 在 ABC 公司 找 了 个 工作 。,"Xin chúc_mừng , tôi nghe nói bạn đã làm_việc tại công_ty ABC ."
那么 我们 明天 何 不 去 海滩 呢 ？,Sau đó chúng_ta sẽ_thể đi vào ngày_mai thì sao ?
你 妻子 的 厨艺 真 是 太 令 人 惊奇 了 。,vợ vợ__bếp của bạn thật là__thật rất đau .
你 骑 车 骑 得 太 快 了 。,anh chạy xe nhanh quá nhanh .
我 想 要 这个 谢谢 。,Làm_ơn tôi muốn cái này .
肿瘤 容易 受 情绪 影响 。,b__em_em_em_động .
这 趟 列车 到 哪 ？,Chuyến tàu này đến đến đâu ?
哪里 有 行李 手推车 ？,ở đâu có hành_lý hành_lý ?
"天哪 , 每 个 人 都 带 着 免税 的 包 。","Một_ , mỗi người mọi người túi_xách ."
她 结婚 了 吗 ?,Cô ấy có gia_đình chưa ?
请 放大兩 倍 。,Làm_ơn hãy lấy hai .
希望 下 次 再 来 。,hy_vọng lần sau tới lần sau .
你 有 旅馆 地址 的 卡片 吗 ？,Bạn có thẻ nào địa_chỉ của khách_sạn không ?
这 是 我 的 老婆 ， 她 叫 阿金 。,"Đây là vợ của tôi , cô ta tên Kim ."
让 好 习惯 变成 员工 自觉 行为 。,Hãy tốt_m đã trở_thành một________ .
我 想 要 联合 航空 公司 的 号码 。,Tôi muốn có số cho tôi số hàng_không United .
涂 指甲,móng tay
不 要 客气,không khách_sáo
每 人 每 晚 四十五 美元 包括 早餐税 和 服务费 。,Phí mươi đô_la một đô_la bao_gồmgồm thuế và phí dịch_vụ và phí dịch_vụ .
天气 那么 好 就 可以 准时 起飞,thời_tiết thế_nào thì có_thể đến đó_cánh
这个 看起来 很 好吃 。,Trông này có_vẻ ngon .
住 在 这里 ， 感觉 太 舒服 了 .,"sống ở đây , cảm_thấy rất dễ_chịu ."
您们 教 什么 ?,ông_học dạy gì ?
明天 我 的 生日 ， 我 请 你们 明天 晚上 来 我 家 吃饭 .,"Ngày_mai sinh_nhật của tôi , mời anh các bạnchị tối mai đến nhà ăn cơm ."
我 的 梦想 已经 实现 了 。,V của tôi đã thực_hiện thực_hiện .
东京 的 人口 大约 是 一千二百万 。,Dân_số của người là khoảng 2 triệu triệu .
你 可以 给 我 调配 一下 吗 ？,Bạn có_thể cho tôi điều đó không ?
在 路 上 能 看到 富士山 吗 ？,Có có_ núi núi núi trên núi không ?
你 最 喜欢 吃 什么 菜 ?,Bạn thích ăn món gì ?
地址 是 什么 ？,Địa_chỉ là gì ?
你 想 喝 点 酒 吗 ？,Bạn muốn uống rượu không ?
大叻 是 漂亮 的 城市 ， 是 旅游 的 理想 地方 。,"Đà_Lạt là Thành_phố đẹp ,mơ_mơ lý_tưởng lý_tưởng lý_tưởng ."
超人 最终 拯救 了 地球 。,Người__ cuối cuối_cùng đã___ .
吃 了 饭 以后 你们 做 什么 ?,ăn ăn ăn cơm_ bạn làm gì sau làm gì ?
哥哥 结婚 了 。,Anh_trai anh đã kết_hôn rồi .
新郎 新娘 与 双方 家长 见面 。,Tương_rể mới__ rất cao__ gia_đình .
切开 的 西瓜 都 被 他 吃光 了 。,Các v của của___cấu bị bị__ấu .
我 能 预订 这 条 河 上 的 船 吗 ？,Tôi có_thể đặt một con tàu trên sông sông không ?
我 在 机场 打 的 电话 。,Tôi thực_hiện một cuộc gọi sân_bay .
我 要 的 是 无烟区 的 座位 但 我 现在 却 是 在 吸烟区 的 座位 。,Tôi yêu_cầu một chỗ ngồi_không hút thuốc_ nhưng tôi đang_thể ngồi ở chỗ ngồi_không hút thuốc_
妹妹 的 书包 既 美观 ， 又 实用 。,"sách_sách của em_____ , , thực_sự ."
哪 个 最 好 ？,Cái nào tốt nhất ?
为了 保险 请 发布 一 份 诊断书 和 收据 。,Xin vui_lòng gửi một bức chứng_nhận sức khỏe và biên_lai và biên_lai của bạn .
非常 特别是 昨晚 我 在 晚餐 时 睡着 了 。,Tôi rất rất rất nhiều vì đã đã ngủ trong khi tôi đang .
我 很 想 去 可是 我 有 事 了,tôi rất muốn nhưng tôi có việc có rồi
有 没 有 11 号 到 河内 的 票 ？,Có có vé cho đến Hà_Nội Hà_Nội ?
我 的 老板 总是 对 小 毛病 视而不见 。,Ông_chủ của tôi thường___ bị bệnh_ .
我 找 不 着 合适 的 语言 。,Tôi không_thể tìm thấy một___ .
我 的 预算 是 一百 美元 。,Ngân_sách của tôi là một trăm đô_la .
大概 八十 个 字,khoảng 8 khoảng
我 可以 要 些 面包 卷 吗 ？,Tôi có_thể xin một_ít bánh_mì được không ?
十 尺码 的 有 红色 的 标签 。,Nó có một thẻ ghi màu đỏ màu đỏ .
我 感觉 很 无聊 ，,Tôi cảm_thấy rất buồn .
你 打算 参加 他们 的 婚礼 吗 ？,Bạn dự_định dự_dự họ họ không ?
在 七点钟 。,Lúc 7 giờ .
要 启程 了 。,N cần khóa_ .
总共 四万 块 钱,tổng_cộng đồng
我 身高 五 英尺 八 英寸 体重 一百五十六 磅 。,"Tôi cao năm 5 năm mươi bảng Anh , 6 ."
我 绑 的 地方 松 了 。,Tôi đã bị trám_c của tôi .
你 能 给 我 讲讲 这些 开关 的 用途 吗 ？,Bạn có_thể chỉ cho tôi những cái này mở__ đến những được không ?
是 的 。 我们 国家 越来越 发展,Vâng . . chúng_tôi càng_càng đặc_triển
你 想 把 它 搬到 哪儿 ？,Bạn muốn chuyển nó đến đâu ?
我 要 阻止 她 去 那 。,Tôi muốn gửi cho cô ấy cô ấy .
今晚 的 表演 还 有 票 吗 ？,Có vé tối nay vé tối nay nay không ?
我 从 这 看 不 清 屏幕 。,Tôi không_thể nhìn thấy màn_hình từ đây .
请 在 支票 背面 签名 。,Xin vui_lòng ký_tên ở ký_ .
你 好 吗 ?,bạn khoẻ không ?
我们 能 租 拍子 吗 ？,Chúng_ta có_thể thuê một_số không ?
再见 ！,tạm_biệt !
这 就 是 你 的 信箱 地址 。,Đây là địa_chỉ của bạn .
钱 都 花 了 ， 我 没 钱 了 。,"tiền đã xài hết rồi , tôi không có tiền rồi ."
当 它们 袭击 日本 时 给 我们 带来 了 许多 灾难 。,Khi chúng_ta đã___ Nhật_Bản chúng_tôi đã nhiều__ .
在 哪 开票 ？,Tôi có_thể mua vé ở đâu ?
你 会 日语 吗 ？,Bạn có tiếng Nhật không ?
星期六 两 点 怎么样 ？,thứ_bảy 2 giờ thì sao ?
我 想 要 个 带 淋浴 的 房间 。,Tôi muốn một phòng có vòi tắm tắm .
4 天 ， 我 周五 回去 。,"4 ngày , tôi sẽ trở_về vào thứ_sáu ."
也许 你 旅途 后 很 疲倦 。,Có_lẽ bạn đã đi rất nhiều .
对 不 起 ， 这 是 一般 的 价位 。,"Xin_lỗi , đây là giá giá giá của bạn ."
我 能 穿上 它 吗 ？,Tôi có_thể mặc nó mặc nó không ?
出 那边 那 个 门 在 六号 车站 等 。,Đi theo đó đó và ở trạm xe_buýt số 6 .
我们 计划 用 九 个 小时 。,Chúng_tôi kế_hoạch dùng giờ tiếng .
那 个 和 沙拉 一起 上 还 可以 上 烤 土豆 或 炸 薯条 你 选 一 种 。,"Một cái kèm với với__ với với_ , khoai_tây nướng với bạn một_ lựa_chọn một một ."
您 乘 哪 家庭 航空 公司 的 ？,ông đi đâu__ nào ?
请 到 机场 寄 这 封信 。,Xin vui_lòng gửi thư này đến sân_bay .
我 想 预约 今天 下午 五点钟 。,Tôi muốn đặt phòng lúc năm giờ chiều .
这个 时间 您 谈话 方便 吗 ？,thời_gian này ông nói_chuyện với bạn phải không ?
一共 八千七 元 。,tổng_cộng 8000 đồng .
"这些 天 以来 , 今天 最冷 。","những ngày ngày này đến ngày hôm_nay , hôm_nay ."
你 还 早到 一 个 小时 呢 。,Bạn còn sớm hơn một tiếng nữa .
我们 现在 就 拿来 。,Bây_giờ chúng_tôi sẽ mang ngay bây_giờ .
我 不 喜欢 吃 。,Tôi không thích ăn .
你 收 这个 酒店 的 票据 吗 ？,Bạn có chấp_nhận vé của khách_sạn này không ?
因为 他 家境 贫穷 ， 所以 幼年 没 去 读书 。,"Bởi_vì anh ấy đã đi_ng , nên cho_nên không đến đọc sách ."
今早 出门 ， 就 来 你 这儿 。,"sáng nay ra ngoài , thì đến đây anh ."
我 要 一 个 热狗 和 一 杯 可 乐 。,Tôi muốn một một phần_xích và một ly Co .
我 叫 他 没 反应 。,Tôi tên là anh ta không có_ .
没有 大点 的 吗 ？,Bạn không có thứ_ không lớn hơn không ?
我 要 回 美心 旅馆 。,Tôi muốn quay lại khách_sạn .
每 个 房间 都 有 保险箱 我们 也 可以 保管 。,Mọi phòng đều có__tôi cũng có_thể giữ_dụng cho_ .
医生 认为 不 严重 。,Bác_sĩ không có_thể nghiêm_trọng .
海上 今天 不 平静 吗 ？,Hôm_nay có_ không không ?
我们 几 点 才 能 被 允许 进入 ？,"Chúng_ta sẽ đi lúc mấy giờ , được_ vào vào vào ngày ?"
有 的 题 我 做 不 出来 。,Có_thể làm tôi không làm ra .
你 可以 帮 我 把 我 的 电话 递 过来 吗 ？,Bạn có_thể giúp tôi số điện_thoại của tôi không ?
周四 的 旅游 还 有 空缺 吗 ？,Có tour nào trống__lịch vào thứ_sáu không ?
第一 幕 和 第二 幕 间隔 多 长 时间 ？,Nó đầu_tiên và hai__ bao_lâu ?
我 想 拔牙 。,Tôi muốn cạo răng .
我们 要 把 这 张 桌子 搬到 哪儿 ？,Chúng_tôi sẽ chuyển đến chuyển này ở đâu ?
这个 多少 钱 ？,Cái này bao_nhiêu tiền ?
有 需要 时 请 打 电话 给 我 。,Có gọi cần gọi điện_thoại cho tôi .
打 乒乓球,đánh_bóng
我 认识 他 。,tôi quen anh ta .
他 是 谁 ？,anh ấy là ai ?
下午 五点半 下班 。,5 giờ 30 chiều giờ tan sở .
是 的 ， 一切 都 好 ，,"Vâng , mọi việc tiến_triển ."
谢谢 你 的 合作 。,Cảm_ơn sự hợp_tác của bạn .
你 要 剪 指甲 吗 ？,Bạn muốn cắt móng tay không ?
可能 吧 。,có_lẽ đi .
今天 早晨 很 冷 。,Hôm_nay trời nay lạnh lạnh .
这 是 加勒比海 的 一 种 螺旋形 贝壳 。,Đây là một cây_hình loại_h mạ m .
走 这 条 街 能 到 CandA 百货 公司 吗 ？,Đi đường này có_thể đến đến công_ty Bek không ?
你 一定 很 有 收获 ?,anh nhất_định có nhận__ ?
沿着 这 条 路 。,Đi đường con đường này .
这些 东西 怎样 处置 ？,Những đồ đồ này có____ ?
在 这 边 。,Nó ở bên này .
我 想 支付 呼叫 费用 。,Tôi muốn trả tiền cho tôi .
我 是 商人 ， 所以 要 常常 到 越南 来 视察 业务 。,"tôi là người__ , nên cho thường thường đến Việt_Nam đến Việt_Nam ."
预订 七点钟 的 以 Manou 的 名字 。,Tên đặt là một lúc bảy giờ sáng_ bảy .
附近 有 哪 家 餐厅 吗 ？,Có nhà_hàng nào gần đây không ?
这样 吗 ， 我 马上 叫 他 过来 。,"vậy à , tôi sẽ gọi anh ấy ngay ."
请 问 失物 招领处 在 哪 。,Xin vui_lòng hỏi đồ thất_lạc ở đâu .
你 在 找 谁 ？,Bạn đang tìm ai ?
这么 快 ， 请 给 我 烫 仔细 一点儿,"nhanh như , xin cho tôi cẩn_thận"
能 换 一下 座位 吗 ？,Bạn có_thể đổi chỗ ngồi của tôi được không ?
你 在 什么 时候 毕业 ？,Bạn khi nào tốt_nghiệp ?
我们 的 销售 目标 是 多少 ？,Đ__ bán của chúng_ta của chúng_tôi là bao_nhiêu ?
同志 ， 我 有 急事 ， 帮帮忙 吧 ！,"đồng_chí , tôi có việc gấp , giúp dùm đi nhé ."
我们 没有 迷路 。,Chúng_tôi không có lạc đường .
坚果 谢谢 。,Xin vui_lòng cho táo .
"谢谢 你 , 但是 我 想 仔细 考虑 一下 它 。","Cảm_ơn bạn , nhưng tôi muốn về nó về suy_nghĩ ."
你 做 什么 工作 ?,bạn làm nghề gì ?
请 只 剪兩 英寸 。,Xin vui_lòng chỉ hai hai inch .
下,xuống
我 会 在 那里 。,Tôi sẽ ở đó .
它 将 是 比 三 倍 还 多 。,Nó sẽ là hơn ba 3 .
你 爸爸 ， 妈妈 身体 都 好 吗 ？,"cha , mẹ của mẹ sức_khoẻ đều không ?"
我 想 要 件 红色 的 衣服 。,Tôi muốn một chiếc áo màu đỏ màu đỏ .
还 要 走 十五 分钟 。,còn cần đi bộ mười lăm phút .
一下 课 我 就 找 他 。,"Tôi_ra , tôi sẽ tìm anh ta ."
这 是 谎话 。,Đó toàn là nói_dối .
我 爸爸 已经 退休 了 。,Ba tôi đã nghỉ hưu rồi .
商店 下午 七点 关门 。,cửa_hàng buổi giờ giờ đóng_cửa lúc 7 giờ .
我 想 参观 首都 艺术 博物馆 和 林肯 中心 。,Tôi muốn tham_quan bảo_tàng nghệ_thuật và__tâm Trung_tâm .
我 要 检票 。,Tôi muốn vé_ít .
那 个 菜 看 起来 很 美味 。,món đó đó có_vẻ ngon_ đẹp .
你 能 换 灯泡 吗 ？,Bạn có_thể đổi đèn không ?
我 给 孩子 要 了 一 小 份 。,Tôi sẽ cho một phần nhỏ nhỏ .
你 的 房间 又 干净 又 漂亮 。,Phòng của bạn vừa sạch vừa đẹp .
送给 我 女 朋友 。 今天 是 三月 八日,tặng cho tôi_gái tôi hôm_nay là ngày 3 tháng 8 .
我 想 问问 。,Tôi muốn hỏi_ .
中学 毕业 后 你 做 什么 ？,"Sau khi tốt_nghiệp trung_học , bạn làm gì ?"
我 身上 几乎 没 带 钱 。,Tôi cao bao_giờ không có mang tiền .
马丽 ， 快来 ， 有 人 找 你 。,"Maryối , mau có có người người tìm anh ."
让 我 给 你 看看 座位图 。,Hãy để tôi xem cho bạn chỗ ngồi .
我 可以 看看 房间 吗 ?,Tôi có_thể xem phòng được không ?
你 可以 自 你 介绍 一下儿 吗 ？,Bạn có_thể tự giới_thiệu một_chút không ?
喂 ， 你 好 ， 请 问 李 总 在 吗 ？,"alo , xin chào , xin hỏi cô_ ở nhà có phải không ?"
我 的 体重 有 70 公斤,ôi nặng 70 kg .
"今天 下午 我们 必须 要 决定 是否 要 在 拉丁美洲 建立 分公司 。 如果 建立 的话 , 具体 在 哪儿 建 , 什么 时候 建 , 怎么 建 。","Ch nay chúng_tôi phải có cần phải__ trước và văn__ và hai_____ , ,__ , ,_ , , , khi nào , , , bạn có_thể ."
我 想 ， 他们 一定 会 满足 您 的 要求 。,"Tôi nghĩ rằng , họ nhất_định sẽ thoả_ãnãn_ yêu_cầu của ông ."
几 点 会 有 空位 ？,Có bao_nhiêu chỗ nào ?
两 个 女 的 ， 一 个 男 的 。,"2 cái hai , một trai ."
我 从 克雷恩 先生 那里 听说 了 很多 关于 你 的 事情 。,Tôi đã trở_về đó đã nghe nói về việc rất nhiều về việc của anh .
信 被 邮递员 拿走 了 。,thư thư được bán hàng___ .
不 是 ， 胶 卷儿 没 上 好 。,"Không , ,__giờ không không được ."
请 等一会儿 我 派 维修 人员 去 。,Xin vui_lòng chỉ cho tôi một nhân_viên gửi một người .
请 给 我 一 杯水 。,Xin vui_lòng cho tôi một ly nước .
银行 在 哪 ？,Ngân_hàng ở đâu ?
有 我 的 邮件 吗 ？,Có thư cho tôi không ?
怎么 办 呢 ？ 我 想 了 两 个 星期 可是 想 不 出来,làm thế_nào thì sao tôi muốn xo 2 tuần nhưng không muốn ra
我 吃 甜食 的 时候 感觉 牙疼 。,Tôi dùng một_ít kem cảm_ăn .
我 这 周 几乎 都 有 考试 。,Tôi tuần này có việc thi__ kỳ thi .
巴士 旅游 大约 几 点 结束 ？,Mất xe_buýt du_lịch sẽ đi mấy giờ ?
哪 个 窗口 卖 邮票 ？,Cửa nào gần lối đi ?
我们 没有 预约 。,Chúng_tôi không đặt phòng trước .
你 要 来 杯 开胃 酒 吗 ？,Bạn có muốn dùng rượu khai_vị không ?
还是 给 他 打 个 电话 吧 ！,hay gọi gọi điện cho anh ấy !
我 真 佩服 你 处理 事情 的 能力 。,Tôi rất khâm_phục khả_năng giải_quyết của công_việc của anh .
你 的 身份证 号码 是 几号 ？,Số_minh của bạn là số mấy ?
你 可以 在 那 边 的 巴士 车站 坐 。,Bạn có_thể bắt xe_buýt ở đằng kia của bạn ở đằng kia .
我 对 我 的 英文 没有 把握 。,Tôi không_thể nói_chuyện với anh của tôi .
这么 快 吗 ！,như vậy nhanh như vậy !
请 这 边 坐 .,mời ngồi bên này .
等 阿雄 回来 我 问问 ， 然后 告诉 你 ， 我们 怎么 去 ？,"Chờ anh_hùng em tôiọi lại , sau đó báo cho báo cho chị , chúng_ta sẽ đi bằng gì ?"
我 的 钱包 和 护照 被 偷 了 。,Ví tiền của tôi đã bị mất hộ_chiếu của tôi .
耶稣 杰克 你 到 哪里 去 了 ？,K_rk bạn đến đâu ?
地点 就 是 那间 商店 。,Nó sẽ cửa_hàng ở cửa_hàng đó .
总价 是 多少 ？,Tổng_giá_hối_đoái là gì ?
什么 时候 才 有 呢 ？,khi mới mới mới ?
你 住 在 宿舍 ， 是 吗 ？ 几 号 房间 ？,"bạn ở ký_túc_xá , đúng không ?"
这儿 能 不 能 换 钱 ？,ở đây có_thể đổi tiền không ?
在 哪 可以 找到 科幻区 呢 ？,Tôi có_thể tìm khu_vực ở đâu ?
它 有 什么 样 的 功能 ？,Nó có loại gì__ gì ?
他 热爱 旅游 ， 经常 行走 在 美食 与 美景 之间 。,"Anh ấy đi du_lịch , thường_ thường , có__ ăn giữa___quan ở đây ."
你 能 再 查 一 遍 吗 ？,Bạn có_thể kiểm_tra nó lại lần nữa không ?
听说 在 美国 学费 太贵,nghe nói tiếng Hoa_học quá mắc
那 是 哪里 ？,Nó là ở đâu ?
我 要 一 个 私人 向导 。,Tôi muốn một hướng_dẫn_viên riêng .
两 小时 的 观光 旅游 是 什么 ？,Chuyến tàu__ 2 giờ là gì ?
我 想 问 你 一 个 私人 问题 好 吗 ？,Tôi muốn hỏi bạn một vấn_đề cá_nhân được không ?
你 这儿 卖 药 吗 ？,Bạn có bán thuốc không ?
我 要 付 附加费 吗 ？,Tôi có phải trả phí phụ thêm không ?
王商 先生 搞 营销 ， 他 不 太 忙 。,"Vương_Thương làm kinh_doanh , anh ấy không bận lắm ."
我 能 和 布朗 先生 说话 吗 ？,Tôi có_thể nói_chuyện với ông Brown được không ?
它 是 在 运输车 上 丢 的 。,Nó được mất trên xe trên xe_lửa .
如果 我 要 三 个 我 能 在 免税 的 限制 之内 吗 ？,Tôi có_thể có lại trong vòng trong vòng trong trong khi tôi trong ba được không ?
那边 没有 音响 。,bên không có đi__ .
不 ， 以前 我 在 耐克 公司 工作 ， 现在 我 脱产 上学 。,"Không , trước đây tôi làm_việc ở công_ty Nike , tôi_giờ tôi đ__học ."
我 能 看看 窗户 中 的 毛衣 吗 ？,Tôi có_thể xem chiếc áo len trong cửa_sổ được không ?
我 还 不 至于 被 拘留 。,Tôi chưa không_thể bị bị__ .
我 上 大学 的 时候 学 了 四 年 中文 ， 在 国际 管理 研究生院 学 了 一 年 商务 汉语 。 我 的 汉语 普通话 很 流利 。,"khi tôi học đại_học , năm học tiếng Trung_Quốc , năm___học quốc_tế tại quốc_tế ,___học quốc_tế .__học tiếng Hoa___ ở đây ."
到 了 能 告诉 我 一 声 吗 ？,Bạn có_thể cho tôi biết tôi biết được không ?
时间 长 了 就 习惯 了 。,thời_gian dài đã bị quen rồi .
你 的 汉语 说得不错 嘛 ！,tiếng hoa của bạn nói không sai_ !
我 计划 翻译 这 本 书,tôi dự_định dịch cuốn sách này
我 能 寄 这个 盒子 到 日本 吗 ？,Tôi có_thể gửi cái này sang Nhật_Bản không ?
请 给 我 讲讲 免税 的 手续 。,Xin vui_lòng cho tôi biết thủ_tục miễn thuế .
我 要 留 鬓角 。,Tôi muốn để lại__ .
不 用 找 了 ， 这 给 你 小费 。,"Không cần tìm được , , đây cho bạn tiền boa ."
你 呢 ， 你 打算 去 哪儿 ？,"bạn thì , dự_định đi đâu ?"
请 问 怎么 去 酒店 ？,Bạn có_thể cho tôi biết cách khách_sạn như thế_nào ?
传说 女娲 是 个人 首 蛇 身 的 女神 。,Nó có__ là__thần Tự_________ .
昨天 我 想 去 看 他 。,hôm_qua tôi muốn thăm anh ta .
祝 你 如意 。,Chúc bạn_ýý .
今天 是 个 好天 是 吧 ？,Hôm_nay là ngày hôm_nay phải không ?
多 长 时间 走 一 辆 ？,thời_gian bao_lâu ?
你 能 查查 它 是 不 是 还 在 那儿 吗 ？,Bạn có_thể kiểm_tra nó nó không còn ở đó không ?
三月 二十 号 。,22 tháng 3 .
你 住 在 哪 家 酒店 ？,Bạn nghỉ ở khách_sạn nào ?
你 安排 一下 这 件 事 。,Bạn sẽ__ việc này .
你 能 给 我们 指 一下 吗 ？,Bạn có_thể chỉ cho chúng_tôi được không ?
这 次 我 可 不 想 再 错过 这个 机会 了 。,Lần này tôi không nghĩ là lần nữa này sẽ bị__hội nữa .
今晚 很 冷 。,Tối nay rất lạnh .
请 相信 ， 我们 报 的 价格 是 很 合理 的 。,"Xin ông tin tin_tưởng , giá_cả của chúng_tôi đã rất hợp_lý hợp_lý ."
日本 现在 几点钟 ？,Bây_giờ Nhật_Bản mấy giờ ?
这 是 C.I.F 胡志明 的 到岸价 。,Đây là giá_ cảng giá theo giá C . I . F Hồ_Chí_Minh .
我 是 瑞典人 。,Tôi đến từ từ_điển .
请 在 前面 的 问讯处 等 。,Xin vui_lòng ở quầy ở phía trước của phía trước .
王兰 ， 再见 。,"Vương_Lan , tạm_biệt ."
有 四 个 分明 的 季节 。,có 4 là mùa___Minh_Minh .
你 能 告诉 我 怎么 用 这个 闹钟 吗 ？,Bạn có_thể cho tôi biết cách sử_dụng cái này như thế_nào ?
我 想 给 她 买 点儿 点心 什么 的 。,Tôi muốn mua cô ta một_chút để cho__ .
请 你 开快 点儿,mời bạn mở_ nhanh
"是 , 那些 能够 将 很多 毕业生 送到 著名 的 初级 中学 的 小学 。","Vâng , những đó có_thể được__ nhiều những_______học_sinh ._học ."
请 给 我 来 个 跟 cameronDiaz 一样 的 发型 。,Xin vui_lòng cho tôi một kiểu tóc_v Min_Ri .
一切 都 很 好 。,Mọi việc đều rất tốt .
我 想 去 外国 工作 。,Tôi muốn đi đến nước_ngoài .
在 街 的 对面 。,Nó nằm ở phía bên đường .
哪 种 比较 好看 ？,Cái nào tốt hơn ?
我 想 要 热水 。,Tôi muốn một nước nóng .
这 家 百货 公司 是 全 城 最 好 的 。,Nhà_hàng này__hàng này là tốt nhất nhất .
902 房间 。,Phòng phòng22 .
水 结成 冰 了 。,Nước đã làm thành_đá .
不管 我 怎么 说 ， 他 都 不 听 。,"Cho_dù tôi nói thế_nào , anh ấy đều không nghe ."
六点一刻 。,6 giờ 15 phút .
我 想 尽快 离开 。,Tôi muốn rời càng sớm càng tốt .
请 告诉 我 什么 码 会 适合 我 。,Làm_ơn cho tôi biết số__thể biết tôi biết .
有 专门 给 糖尿病 患者 准备 的 菜单 吗 ？,Có một thực_đơn cho cho người____ ?
到 那里 坐 出租车 要 多少 钱 ？,Mất bao_nhiêu để đến đó bằng taxi ?
若 李 总 被 抓 ， 恐怕 将 牵连 很多 人 。,"T__ tổng_ bị bị , e rằng sẽ___ rất nhiều người_ ."
你 要 不 要 去 看病,bạn phải không đi khám bệnh
不 全 都 是 我 自己 设计 的 。,"Không , tất_cả mọi thứ tôi tôi__ ."
你 必须 要 把 我 安排 到 另外 一 个 航班 上 。,Bạn phải phải đưa tôi cho chuyến bay khác .
她 的 眼睛美 极 了 ， 我 看 一 整 天 都 不 会厌 。,"Mắt_ kính của cô ấy bị_thương , tôi không có ngày ngày không có ."
过去 要 多 长 时间 ？,Đi mất bao_lâu ?
你 说 什么 ？,Bạn nói gì ?
我们 把 地址 写 在 本子 上 了 ， 以后 常常 写信 。,"chúng_tôi ghi địa_chỉ trên trên cuốn , sau này thường thư_ ."
这个 星期 你 去 留学 吗 ？,tuần này bạn đi du_học phải không ?
您 要 买 几 朵 ？,ông muốn mua mấy ?
你 有 登机证 和 护照 吗 ？,Bạn có thẻ bảo_chiếu và hộ_chiếu của bạn không ?
请 给 我 拿 些 胡椒粉 好 吗 ？,Làm_ơn cho tôi một_ít tiêu tiêu không ?
现在 人 多 ， 请 稍等,"bây_giờ mọi người , mời_ơn đợi một_chút"
我们 今天 的 特色菜 是 挪威海 蛰 虾 加大 米 肉饭 。,Món đặc_biệt của chúng_tôi đặc_biệt là ngày__C_mập_thập_th .
你 看 这 双 行 吗 ？,Bạn xem đôi đôi này không ?
你 可以 帮 我 把 这个 回家 吗 ？,Bạn có_thể giúp tôi về nhà về nhà không ?
我们 的 服务 可以 向 你们 在 世界 范围 内 的 广大 员工 提供 最新 的 信息 。,Ph__vụ của chúng_tôi có_thể được thông_tin thông_tin về các sản_phẩm mới nhất trong__ của chúng_tôi .
那 是 接吻 吧 ？,đó là máy_bạ phải không ?
请 问 ， 英特尔 公司 总部 在 哪儿 ？,"xin hỏi , bảng__ tổng_giám_đốc ở đâu ?"
您 只要 给 他 打 个 电话 ， 他 就 能 来 。,Anh chỉ cần gọi điện cho anh ta sẽ đến .
国花 是 什么 ？,Nó___ gì vậy ?
我 知道 了 那么 你 能 再 推荐 一 家 餐馆 吗 ？,"Tôi biết rồi , bạn có_thể giới_thiệu một nhà_hàng khác không ?"
他 说 他 要 去 打 个 电话 然后 走 了 就 再 也 没 回来 我 只好 被迫 偿付 一 张 大额 帐单 。,"Anh ấy nói anh đi gọi điện_thoại rồi , thì đã không có_thể chỉ__ đến trung__ông ."
请 在 行李 上 写上 我 在 上海 饭店 的 地址 。,Xin vui_lòng viết địa_chỉ của tôi tại khách_sạn Thượng_Hải .
这个 菜 很 好 吃 . 它 叫 什么 ?,Thức_ăn này rất ngon . Bạn sẽ làm gì ?
我 能 看 一下 您 的 护照 吗 ？,Tôi có_thể xem hộ_chiếu của bạn được không ?
请 问 这儿 有 男装 鞋 吗 ？,xin hỏi đây có có giày nào không ?
"是 的 , 确实 如此 。","Vâng , có_thực như vậy ."
价格 高 吗 ？,Giá cao không ?
我 想 买 一 张 激光 唱片 。,tôi muốn mua 1 đĩa đĩa_d .
请 等 会 就 坐 。,Xin vui_lòng chờ một bàn .
他 应该 在 三 点 过 一会儿 就 回来 。,Ông ấy nên trở_lại trong ba năm trước ba .
今天 天气 很 热 。,Hôm_nay thời_tiết rất nóng .
我 没 打 过 国际 长途 。,Tôi đã gọi điện_thoại quốc_tế .
我 在 海滩 丢失 了 钱夹 和 房间 钥匙 。,Tôi đã mất___ và tiền_ phòng và phòng phòng của tôi .
我 能 怎么 解释 ？,Tôi có_thể giải_thích cách nào ?
我 想 买 几 本 本子 。,tôi muốn mua vài quyển vở .
我们 希望 报 离岸 价格 。,Chúng_tôi hy_vọng được báo_giá giao xuống tàu .
可以 追溯 到 以下 症状 如 腹痛 腹泻 发烧 头痛 溃疡 咽喉 疼痛 皮疹 和 呕吐 这些 在 你 回来 前 两 周 内 可能 发生 。,"Theo qui_nh đến đó , Qu___u và đền_ thờ_xun và đền_ bạn và trong vòng_ bạn trong vòng hai tuần sau khi bạn có_thể xảy_ra trong_ tuần sau ."
我 要 赌 五 美元 。,Tôi muốn cược cược năm đô_la .
一 个 星期,1 tuần
八十 英镑 带 早餐 。,Tám mươi bảng Anh cho bữa sáng .
不 我 只是 顺便 走访 。,"Không , tôi chỉ đi làm_việc thôi ."
那 是 个 不 可 信赖 的 人 。,Đó là người đó không tin_cậy .
你 知道 在 哪儿 能 打到 的 吗 ？,Bạn có biết nơi nào tôi đã gọi đến không ?
你 有 糖尿病 患者 吃 的 糕点 吗 ？,Bạn có bánh_sao để ăn ăn_ăn ăn không ?
天安门 到 了 。,Thiên_An_Môn đến rồi .
美元 的 汇率 是 多少 ？,tỉ_giá_hối_đoái là bao_nhiêu ?
我 觉得 很 高兴 是 因为 每 天 我 都 见 你 的 面,tôi nghĩ là rất vui vì vì tôi đều tôi gặp bạn_mặt của bạn
我 的 引擎 坏 了 。,Tư của tôi bị gãy .
不 请 坐 着 等一会 。,"Không , hãy ngồi chờ ."
用 航空 邮件 要 花 多少 天 ？,Mất bao_nhiêu để gửi bằng bằng đường_hàng_không ?
看 情况 。,Nhìn tình_hình .
你 为什么 这么 问 ？,Tại_sao bạn hỏi vậy ?
包含 保险 吗 ？,Cái có có bảo_hiểm không ?
小王 和 小张 在 商场 撞见 了 ， 真 是 太 巧 了 。,"Tiểu_Vương và Tiểu_Trương đã mua_sắm ở sân__ thật , thật là quá ."
我 要 租 中型 汽车 。,Tôi muốn thuê xe_hơi .
欢迎 你 秋天 来 北京 ， 那 时候 天气 最 好 ， 不 冷 也 不 热 。,"Hoan_nghênh bạn đến Bắc_Kinh ,_ lúc đó thời_tiết đẹp tốt nhất , không lạnh cũng không nóng ."
昨天 比尔 被 炒鱿鱼 啦 ， 你 听说 了 吗 ？,"Hôm_qua Bill___chàng rồi , bạn nghe nói chưa ?"
我 要 啦 。,Tôi sẽ lấy .
他 个子 高大 ， ， 很 帅 的 。,"Dáng người anh ấy cao to , rất đẹp_trai ."
网购,nước_
我 想 知道 这 附近 是否 有 家 好 餐馆 。,Tôi muốn biết nhà_hàng có nhà_hàng gần đây gần đây .
七 美元 三十 美分 。,Nó là 30 đô_la . 30 . 30 .
这 附近 有 你 能 推荐 的 餐馆 吗 ？,Có nhà_hàng nào có_thể giới_thiệu một__hàng nào không ?
是 的 ， 大概 五 年 前 我们 一起 在 另外 一 家 公司 上班 。,"Vâng , khoảng năm năm trước đây chúng_tôi sẽ ở trong công_ty chúng_tôi ."
做 手术 之前 你 害怕 吗 ？,Bạn có phẫu_thuật trước khi bạn không ?
祝 你 好运 ！,Chúc bạn may_mắn !
远 吗 ？,xa không ?
哪个 是 最 流行 的 ？,Cái nào là phổ nhất ?
在 靠右 行驶 的 道路 上 驾车 真的 很 差异 。,Nó đường_ray_ đường_cao_tốc trên đường_phố .
用 这 张 票 能 在 中途 停留 吗 ？,Tôi có_thể mua vé này ở trong một_ nghỉ được không ?
"Tanaka 先生 , 房间号 552 。","T Tanaka , ông , phòng số 5 ."
这 是 免税 的 吗 ？,Cái này miễn thuế phải không ?
我 六 岁 。,Cháu 6 tuổi .
驾驶 执照 可以 吗 ？,Mai được không ?
已经 去 过 河内 ， 芽庄 ， 和 头 顿 。,"Đã đi qua Hà_Nội , chải , và nhức đầu ."
我 能 尝 一下 吗 ？,Tôi có_thể thử lại không ?
在 哪 可以 看到 真正 的 美景 ？,Tôi có_thể nhìn ra cảnh_cảnh ở đâu ?
你 是 对 的 。,Bạn đúng đúng .
请 给 我 看 一些 眼影膏 好 吗 ？,Bạn có_thể vui_lòng cho tôi xem một_số phấn mắt không ?
那 个 闻 起来 非常 好 。,Cái đó tuyệt_vời tuyệt_vời .
我 想 要 个 自动 上 发条 的 。,Tôi muốn một cái máy__ .
你 要 取 耳垢 吗 ？,Bạn có muốn ráy tai không ?
在 第七 街区 。,Trên dãy dãy nhà .
我们 边 干 边学 。,Chúng_tôi vừa_mới ở bên .
有 一早 去 尼亚加拉 瀑布 的 的 列车 吗 ？,Bạn có chuyến tàu_lửa đến De_ De_the không ?
请 送 我 到 市中心 。,Xin_ơn đưa tôi đến trung_tâm thành_phố .
给 我 一 个 三十万 的 卡 。,Cho tôi một thẻ thẻ .
请 问 ， 百货 大楼 在 什么 地方 ？,"xin hỏi , ở lầu đại lầu ở chỗ nào ?"
我 要 看看 身份证 。,tôi muốn xem chứng_minh_nhân_dân .
这个 肩包 太 重 了 。,Cái này quá nặng quá .
我 是 个 老师 。,Tôi là giáo_viên .
你 怎么 八点半 才 来 ？,sao bạn đến 8 giờ mới đến ?
妳穿 一 段 时间 就 会 松 。,Nó có một thời_gian sẽ sẽ sẽ .
传送 机,truyền_
我 去 街市 。,Tôi đi đến chợ .
在 哪 坐 到 希尔顿 酒店 的 豪华 轿车 ？,Tôi có_thể tìm xe limousine đến khách_sạn Hilton ở đâu ?
您 的 姓名 和 房间 号码 是 ？,Số_ và số phòng của bạn là số của bạn ?
你 的 房间 布置 得 很 好看 。,phòng của bạn thật đẹp đẹp đẹp đẹp .
你 在 哪 间 大学 学习 ？,Bạn_học ở trường đại_học ở đâu ?
哦 有点贵 。,"Ồ , nó hơi ."
雪利酒 谢谢 。,Xin vui_lòng cho rượu nâu .
从 早 10：00 到 17：00 开放 。,Nó đến từ chín giờ sáng từ sáng đến .
我 怎么 到 市中心 ？,Làm thế_nào tôi có_thể đến trung_tâm thành_phố ?
不 需要 付费 。,Không cần trả tiền .
我 认为 不 行 。,Tôi không nghĩ nó .
有 用法 说明书 吗 ？,Có giải_thích bằng tiếng_minh_ không ?
今天 六 号 。 李 老师 来 吗 ？,hôm 6 ngày . thầy Lý_ đến không ?
这个 商店 什么 时候 关门 ？,Khi nào cửa_hàng đóng_cửa ?
这 是 圆珠笔 的 钱 。,Đây là tiền_ bút_bi .
你 能 推荐 一些 吗 ？,Bạn có_thể giới_thiệu một_số không ?
包括 服务费 吗 ？,Nó có bao_gồm phí dịch_vụ không ?
从 上海 来 的 飞机 到 了 吗 ？,Chuyến tàu từ từ_ đến đến chưa ?
明天 我 要 回国 了 。,Ngày_mai tôi sẽ về nước rồi .
我 要 问问 。,Tôi muốn hỏi_cầu .
你 呢 ？,còn bạn ?
邮包 最 长 是 多少 ？,Bộ__ nhất là bao_nhiêu ?
我 不 能 吃东西 。,Tôi không_thể ăn được gì .
只有 三 个 人 的 座位 了 。,Chỉ có ba chỗ cho ba người .
那 个 便利 店 什么 时候 关门 呀 ？,Khi nào cửa_hàng tiện_cửa vậy ?
你们 这儿 有 复印机 吗 ？,ở đây có máy_ảnh của bạn không ?
那 位 是 王红 小姐 .,vị đó là Vương_H .
老 城区 在 哪 ？,Khu_vực ở đâu ?
几 点 发生 的 ？,Nó đã xảy_ra ?
十二 号 巷 二十一 号,12 số 25 h số 1
如果 你 带有 植物 或者 动物 要求 在 检疫 柜台 进行 检查 。,"Nếu bạn có_thể yêu_cầu theo yêu_cầu yêu_cầu , và bạn sẽ phải kiểm_tra nó ."
包里面 有 什么 ？,Có gì trong túi trong túi ?
能 给 我 拿 个 大 点 的 包 吗 ？,Tôi có_thể có một cái túi lớn hơn không ?
我们 要 从 这里 跳 吗 ？,Chúng_tôi có phải đây từ đây không ?
我 今天 来 这 想 知道 有关 旅游 线路 的 信息 。,Tôi muốn biết liệu có một thông_tin về tour du_lịch này .
打算 去 国外 旅行 。,dự_định đi du_lịch đi du_lịch .
象 那些 十 美元 是 美国 国旗 。,Đ đô_la là mười là Mỹ là Mỹ .
你 怎么 做 的 ？,Bạn làm gì như thế_nào ?
我 也 要 去 那儿 。,tôi cũng phải đi đó .
可以 给 我 邮寄 这些 吗 ？,Có_thể gửi bưu_điện cho tôi được không ?
张文前,Trương_Văn
我 订 的 是 明天 7：50 的 去 纽约 的 207 航班 。,Tôi đặt chuyến bay là chuyến bay vào ngày 15 đến New_York vào ngày 15 .
它 是 个 很 伤心 的 电影 ， 看到 最后 我 都 哭 啦 。,"Nó là một bộ phim__thương , nhìn thấy những người tôi đều ."
我 有 哮喘 。,Tôi bị bệnh hen_suyễn .
今天 开门 吗 ？,Hôm_nay mở_cửa hôm_nay không ?
爸爸 ， 我 可以 去 玩 吗 ？,"Bố , tôi có_thể đi chơi không ?"
王 老师 ， 你 好 ！,"thầy_giáo , chào bạn !"
您 谈到 的 这些 我 已经 很 有 兴趣 了 。,Tôi đã nói những cái này đã có rất nhiều .
我 最 喜欢 红色 。,tôi thích màu đỏ đỏ .
这 家 公司 对 我 来说 真 有点儿 远 。,công_ty này không biết sự__thật đối_với tôi .
我 有 带 斑纹 的 裤子 。,Tôi có một cái quần_áo của tôi .
我 去 吃饭 。,Tôi đi ăn .
好 的 我 要 杯 鸡尾 酒 作为 开胃酒 。,"Vâng , tôi sẽ dùng rượu vàng với món khai_vị ."
我 要 找 包装纸 。,Tôi đang tìm giấy gói .
可是,nhưng
顺便 说 一下 新 的 Kansai 国际 机场 也 在 一九九四年 完工 了 。,"Nhân_tiện , "" nói___ sân_bay___ra cũng đã bị__ ."
有 站位 的 地方 吗 ？,Có nơi nào đứng đứng không ?
请 提供 一 份 证书 。,Xin vui_lòng cho tôi giấy chứng_nhận .
"不 , 还 没 。","Không , vẫn chưa ."
我 必须 小心 以免 给 我 找错 钱 了 。,Tôi phải cẩn_thận vì tôi đã tìm tiền cho tôi .
四周,bốn
走 着 去 要 多 长 时间 ？,đi bộ mất bao_lâu ?
好 的 ， 再 见 。,"Được , tạm_biệt ."
我 想 带 着 这个 。,Tôi muốn mang cái này .
带 导游 的 一 艘 船 谢谢 。,Làm vui_lòng cho một một-- hướng_dẫn_viên .
可以 吗 ？,Có không ?
好久 不 见,lâu không gặp gặp
阿勇 离开 北京 ， 一 方面 是 为了 照顾 家 人 ， 另 一 方面 也 是 希望 换 个 环境 。,"Dũng_Kinh Bắc_Kinh , một mặt là là người_________ , cũng là một người cũng hy_vọng cũng hy_vọng ."
打 受 话人 付费 电话 给 Ogawa 先生 东京 4567 。,"Một cuộc gọi người nhận trả tiền gọi điện_thoại , và Tokyo là P76 ."
我 不 喜欢 这个 颜色 的 。,Tôi không thích màu này .
请 再 来 一 杯 。,Làm_ơn cho một ly nước .
饭店 在 哪儿 ？,khách_sạn ở đâu ?
这 是 十八 克拉金 的 吗 ？,Đây có phải là mười-ra-ra-la không ?
谢谢 大家 ！ 请坐 ， 请坐 。,"Cảm_ơn ! xin mời ngồi , mời ngồi ."
在 电视台 旁边 是 人文 大学 的 。,"Trong bên cạnh__ là đại đại_học ,_Văn ."
菜 很 好吃 但是 我 已经 吃饱 了 。,"Thức_ăn ngon , nhưng tôi no rồi ."
我 刚 到 机场 。,Tôi vừa đến sân_bay .
不是 。,Không .
我 在 哪 插 卡 呢 ？,Tôi có thẻ ở đâu ?
我 想 要 五 张 十五 美分 的 邮票 和 二十 张 明信片 谢谢 。,Làm_ơn cho tôi năm tờ giấy__ và hai mươi tờ giấy_ .
这 是 六 号 月台 吗 ？,Đây có phải là số 6 tháng 6 không ?
这 在 哪里 制造 的 多 长 时间 前 制造 的 ？,thời_giangian_gian ở đâu vậy ?
我 要 些 马铃薯 。,Tôi muốn một_ít khoai_tây chiên .
火车 会 停 在 哪 站 ？,Xe_lửa sẽ dừng lại tại trạm nào ?
它 是 严肃 戏剧 吗 ？,Nó có phải là một__kịch không ?
我 不 知道 这 是 什么 但是 我 想 尝尝 。,"Tôi không biết đây là những gì , nhưng tôi muốn thử thử thử ."
我 刚 切 好 的 西瓜 呢 ？,tôi mới x phương_b tốt ?
酸辣汤,canh_chua
你 愿意 和 我们 一起 去 游泳 吗 ？,Bạn có muốn đi với chúng_tôi không ?
我 想 要 一些 泡沫浴剂 。,Tôi muốn một_ít thuốc an_n .
他 从来 没 说 过谎 。,Anh ấy từ trước tới nay chưa từng qua_dối .
一 个 汉堡 和 一 份 草莓 冰激淋 。,Một bánh bánh_mì và một phần kem và kem .
爸 妈 都 退休 了,ba_ đều đều nghỉ hưu rồi
我 不 想 麻烦 你 。,Tôi không muốn làm phiền bạn .
我 教 英语 。,Tôi dạy tiếng Anh .
太 早 了 。,Nó quá sớm .
聊天,trời nắng
二十八 美元 。,Hai mươi đô_la .
你 现在 的 工作 ， 薪资 也 不少 呀 ！,"công_việc của bạn bây_giờ , làm_lương cũng không ít !"
我 就 来 。,Tôi đến ngay .
好 了 ， 最 重要 是 快 打字,"được rồi , quan_trọng là nhanh nhất"
暂时 不 要 担心 工作 ， 我们 做 的 都 很 好 。,"Đối_ không không làm_việcviệc_ , chúng_tôi đã đều rất tốt ."
有 出租车 来 了 吗 ？,có taxi đến đến không ?
等 他 回来 你 让 他 打 电话 给 我 由 我 付费 好 吗 ？,Khi anh ấy về anh ấy gọi cho anh ấy gọi cho tôi tôi .
"抱歉 , 我 不 喜欢 它 。","Xin_lỗi , tôi không thích nó ."
明天 有 各 画展 ， 你 能 去 吗 ？,"ngày_mai có triễn lãm hội_hoạ , bạn có_thể đi không ?"
我 家 有 爸爸 ， 妈妈 ， 弟弟 和 我 。,"Nhà tôi có cha , mẹ , em_trai và tôi ."
能 告诉 我 你 怎么 用 通俗 易懂 的 话 来 解释 这 一 条款 吗 ？,Tôi có_thể cho_ biết cách sử_dụng nó cho bạn____ không ?
您 想 订 几 张 ？,ông muốn đặt mấy mấy ?
减少 的 费用 是 多少 ？,Phí giảm giá cho là_nhiêu ?
你 会 住 在 洛杉机 的 哪里 ？,Bạn sẽ ở ở đâu ?
安 ， 你 今晚 想 干 什么 ？,"A , bạn tối làm gì tối nay ?"
我 正在 找 一 件 窄 翻领 的 夹克 。,Tôi đang tìm một chiếc áo_khoác cổ__ .
保罗 ， 你 喜欢 听 什么样 的 音乐 ？,H . . Bạn thích nghe nhạc gì ?
"当然 , 一直 走 , 在 你 右边 。","Dĩ_nhiên , đi thẳng , ở bạn phải bạn ."
我 去 打 电话 给 小张 ， 叫 他 在 家 等 我们 。,"Tôi đi gọi điện_thoại cho Tiểu_Trương , tên là anh ta đợi ở nhà_hàng ."
是 直达 快 车 吗 ？,có xe_lửa nhanh nhanh phải không ?
她 很 漂亮 。,cô ta rất đẹp .
冰 甜瓜 露 谢谢 。,Xin vui_lòng cho món tráng_miệng .
像是 有点儿 太 生 了 。,Nó_vẻ như như bị__nh . .
你 爸爸 ， 妈妈 身体 都 好 吗 ？,"cha , mẹ của mẹ sức_khoẻ đều không ?"
老 朋友 不 能 不 送 。,Ông bà bạn không_thể tiễn .
他 一定 会 为 观众 的 掌声 再次 谢幕 。,Anh ấy nhất_định sẽ vô_________khấu .
我 不 擅长 体育 运动 。,Tôi không_thể đi thể_thao thể_thao .
你 要 押金 吗 ？,Bạn có muốn đặt_cọc không ?
我 有 慢性 胃病 。,Tôi bị bệnh dạ_dày .
那么 在 哪 能 买到 电话卡 ？,Và đó có_thể mua thẻ điện_thoại được không ?
您 身体 好 吗 ？,sức_khoẻ của bạn không tốt không ?
古芝 就 很 近 了 。,Nó_lắng rất gần .
他们 演奏 怀旧 音乐 。,Họ sẽ chơi nhạc__ .
请 给 我们 拿 个 刀 好 吗 ？,Làm_ơn cho chúng_tôi một cái dao được không ?
这里 有 长衫 和 礼冠 吗 ？,Có một__ và và__ ở đây không ?
我 来 点 冰冻 果子露 。,Tôi sẽ mang một_ít nước trái_cây .
请 乘 右边 的 电梯 。,Làm_ơn đi thang_máy ở phía bên phải .
我 在 大门口 等 。,Tôi đang chờ_đợi .
我 想 知道 这个 戒指值 多少 钱 ？,Tôi muốn biết một_số này bao_nhiêu tiền ?
我 没事 ， 有点 咳嗽,"tôi không sao , có_thể ho ho"
我 想 要 一 个 固定 的 工作 。,Tôi muốn một một_việc cho công_việc .
即使 你 不 告诉 我 ， 我 也 知道 。,"Dù_dù anh không nói cho tôi biết , tôi cũng biết ."
桥 在 哪 ？,Hồ ở đâu vậy ?
他 的 学习 一 天 比 一 天 有 进步 。,Học_tập của anh ta ngày_càng tiến_bộ .
做 一些 小 商务 的 数据库 。,làm_số một_số tài_liệu của__vụ .
医生 ， 我 有 什么 严重 吗 ?,"bác_sĩ , tôi có nghiêm_trọng không ?"
你 什么 时候 去 教室 ？,khi nào bạn đi dạy_học ?
行吗 ？,Nó được không ?
好 的 ， 饭菜 怎么样 ？,"Được , bữa ăn tối thì sao ?"
抱歉 我 想 去 火奴鲁鲁 动物园 。,"Xin_lỗi , tôi muốn đi đến một_thú với mùa_ ."
你 越 说 我 越 糊涂 。,Bạn nói nói tôi tôi càng_ .
请 用 一些 定型 发胶 。,Làm_ơn cho một_số loại__ .
你 可以 选 上午 或者 下午 上班,bạn có_thể chọn buổi sáng hoặc buổi chiều
行 。 这 是 我 公司 的 报价 ， 有效期 10 天 。 我 公司 期望 贵 公司 早日 订购 。,"Được . đây là bảng báo_giá của công_ty tôi , hiệu_lực trong vòng 10 ngày . Công_ty tôi hy_vọng công_ty ông__chóng đặt_hàng ."
我 已经 去 过 了,tôi đã đi qua rồi
香巾,khăn_thực
头等舱 和 经济舱 你 要 哪 个 ？,Bạn muốn cái nào và hai mươi và hai ?
租车 自己 去,thuê xe_hơi tự_tô đi
请 你 读 一 读 上面 的 字 。,xin bạn đọc một___ .
别管 我 。,Đừng_ơn tôi .
给 您 这么 多 麻烦 ， 太 不 好意思 了 。,"C phiền ông nhiều như vậy , thật ngại quá ."
我们 一起 吃 午餐 好 吗 ？,Chúng_ta cùng cùng ăn trưa cùng nhau ăn trưa không ?
我们 会 换 电池 然后擦 挡风 玻璃 。,Chúng_tôi sẽ đổi pin và một_số công__việc .
你 能 帮 我 找 一些 东西 吗 ？,Bạn có_thể giúp tôi tìm một_số món được không ?
你 可以 给 我 照 这个 方 配药 吗 ？,Bạn có_thể chụp một cái thuốc này không ?
好 的 马上 。,"Được rồi , làm_ơn ."
王强 通过 自身 努力 把 梦想 变成 了 现实 。,Vương_Cườngải_tr__thân___ đã biến__ hiện_thực hiện_thực .
他 说 目前 公司 的 总体 情况 都 很 好 。,Ông ấy nói mục__ của công_ty ông ấy đều tốt_đẹp .
这 次 的 工作 疏漏 实在 是 不 应该 发生 。,Công_việc của lần này thật_sự thực_sự không phải là điều_ra .
你 骑 车 得 太 快 了 ， 这样 不 安全 。,"anh chạy xe nhanh quá , như vậy không an_toàn ."
我 想 要 自动 档 的 车 。,Tôi muốn một chiếc xe có số tự_động .
赏 樱花 聚会 在 樱花树 下 举行 。,""" B_manh__ đang ở tại tổ_chức ."
现在 能 叫 早餐 吗 ？,Tôi có_thể gọi bữa sáng bây_giờ được không ?
你们 有 一 个 很 好 的 网络 。,Các bạn có một__ tốt tốt .
这 张 票 能 退 吗 ？,Vé này có_thể trả lại không ?
长途 电话 谢谢 。,Làm_ơn gọi điện_thoại .
Macys 今天 开 吗 ？,Mai_ có mở_cửa hôm_nay không ?
我 家 比 你 的 小,nhà tôi so nhỏ hơn
玫瑰花 不错 。,Nó__l đó không tệ .
我 的 巴士 开走 了 。,Tôi xe_buýt chạy đi .
离 这里 很 远 。,Từ đây đây rất xa .
她 不 是 老师 。,cô ấy không giáo giáo_viên .
你 现在 想 休假 恐怕 不 行 。,Bạn không nghĩ là nghỉ__giờ không_thể .
前年,năm sau
显然 所有 的 这些 麻烦 都 是 因 你们 的 错误 处理 引起 的 。,Một__ những tất_cả những những những những những những__ đã được những__lý của__lý .
天气 热 的 简直 快 把 我 烤焦 了 。,thời_tiết thật_th thật nhanh như tôi đã bị__ .
是 吗 ？ 你 喜欢 什么 动物 ？,thật sao ? bạn thích con gì ?
我 要 冰激凌 。,Tôi muốn dùng kem .
已经 是 秋天 了 ， 怎么 还 是 这么 热 ？,"Đã là mua thu rồi , sao vẫn nóng như thế ?"
晕眩药,thuốc_thần
大卫 说 ， 你 不 能 吃 得 太 多 ， 要是 吃 得 太 多 ， 就 不 能 穿 这 件 毛衣 了 。,"David nói nói không không_thể ăn nhiều lắm , thì quá nhiều như vậy không_thể mặc áo_khoác này ."
谢谢 。 我 对 你们 的 瓷器 很 感 兴趣 。,Cảm_ơn . Tôi rất hứng_thú đối_với của các bạn .
我 想 上 滑雪 学校 。,Tôi muốn học trượt_tuyết .
我 想 在 附近 的 饭店 住 。,Tôi muốn ở tại khách_sạn gần gần .
我 给 自己 买 一 个 打火机 。,Tôi mua mua cái máy__ảnh .
这 是 戒指 比较 小,đây là một_số nhỏ nhỏ
请 安排 一 个 行政 级别 的 座位 。,Xin vui_lòng cho một chỗ ngồi____ông .
搬运工 在 哪 ？,Cửa_hàng may_ ở đâu ?
我 也 是 。,Tôi cũng vậy .
我们 卖 牌价,chúng_tôi bán bán giá
我 对 艺术 感兴趣 。,Tôi bị cảm_thấy đến_thuật .
有空 房间 吗 ？,Phòng có phòng trống không ?
如果 你 去 谷哥 ， 然后 搜索 我 的 名字 ， 你 应该 可以 找到 。,"Nếu bạn đi__ , , đó là tên của tôi , tên nên có_thể tìm thấy nó ."
狗 粮 吗 ？,Nó có phải là không ?
我 上班 了,tôi đi làm rồi
我 想 租 这样 的 车用 两 天 。,Tôi muốn thuê xe trong trong hai ngày trong hai ngày .
用 海事 邮件 要 花 多少 天 ？,Mất bao_nhiêu bằng bằng đường biển ?
小姐 ， 后天 去 泰国 的 班机 还 有票 吗 ？,"chị ơi , ngày mốt máy__ có chuyến bay đi không ?"
你 的 视力 会 及时 恢复 的 。,Chận_lực của bạn sẽ_thể làm__ .
蓝色 的 很 好 。,Nó rất tuyệt .
机场 附近 有 酒店 吗 ？,Có khách_sạn gần sân_bay không ?
能 给 我 拿 些 香皂 吗 ？,Cho tôi một_ít xà_bông được không ?
我 感觉 浑身 没劲 。,Tôi cảm_thấy toàn_thân tôi không bị__ . .
百分之十三 。,Nó mươi phần_trăm .
你 最后 见 他 是 在 什么 地方 ？,Bạn thấy bạn gặp anh ấy ở đâu ?
我 想 要 橙汁 面包 煎 鸡蛋 和 咖啡 。,Tôi muốn dùng bánh_mì nướng và cà_phê .
我 还 需要 点 时间 。,Tôi cần chút giờ thời_gian .
周末 ， 我们 打算 去 哪儿 ？,"Cuối tuần , chúng_ta dự_định đi đâu ?"
动物园 里 有 什么 动物 ？,Trong sở_thú có những con vật gì ?
一直 走到 大厅 的 尽头 往右 拐走 大约 一百 米 远 。,Đi thẳng và đường biển_ đến cuối_cùng khoảng hai trăm mét .
后天,ngày mốt
我 车 里 有 一 个 。,Tôi có một cái trong trong .
我 打赌 它们 可以 作为 很 棒 的 礼物 给 日本 的 人 。,Tôi đã có_thể có một người người nhận__ Nhật_Bản .
我 在 语言 学院 学习 。,Tôi học ở học__Viện Ngôn_Ngữ .
房间 不 太 大 ， 可是 很 干净 。,"Căn phòng không lớn lắm , nhưng rất sạch_sẽ ."
那 个 多少 钱 ？,cái đó bao_nhiêu tiền ?
结帐 。,Đ trả .
请 到 这个 地址 。,Xin vui_lòng đến địa_chỉ này .
我 要 在 旧金山 下车 。,Tôi sẽ xuống tại San_Francisco .
草莓 谢谢 。,Xin vui_lòng cho một__ .
"一 张 五十 美元 的 , 五 张 二十 美元 的 , 十 张 十 美元 的 , 谢谢 。","Một tờ 50 năm , 5 tờ tờ 10 , 10 tờ 10 tờ 10 , 10 tờ ."
虽然 你 对 ， 可是 我 也 没错,"tuy bạn đúng , nhưng tôi cũng không sai"
旅行 愉快 ！,Chúc một chuyến đi vui vẽ !
正好 也 可以 用上 元旦 的 公休 假 。,chỉ tốt cũng cũng có_thể nghỉ_phép được__ .
我 后背 突然 疼 得 厉害 。,Tôi bị đau đầu_nh đau .
请 给 我 菜单 上 最 好 的 。,Xin vui_lòng cho tôi thực_đơn tốt nhất .
房顶 漏水 。,Căn phòng tắm .
快递 谢谢 。,Xin vui_lòng cho một bàn .
我 需要 一 个 变压器 还 有 插头 和 插座 。,Tôi cần một cái___ và có một và nhà_hàng .
寺庙 里 处处 可以 听到 诵经 的 声音 。,Trong những__ cũng được được_thể được nghe âm_thanh .
企划部 的 主要 职能 就 是 深入 地 调查 市场 。,Chủ__ chủ__yếu chính_tr là là là__tích__ .
别 外 ， 要是 有 我 的 信 ， 请 你 转给 我 。,"Đừng có , nếu có tin_nhắn của tôi , xin anh chuyển cho tôi ."
请 喝水,Mời uống nước
你 的 行李 已经 超重 了 。,Hành_lý của bạn vượt quá giới_hạn quá .
我 爷爷 昨晚 心脏病 发作 。,Tôi bị__qua tim_cim .
你 要 多 长 时间 ？,Bạn sẽ mất bao_lâu ?
附近 有 中国 餐馆 吗 ？,Có nhà_hàng Trung_Quốc gần đây không ?
可以 看 一下 您 的 海关 申报单 吗 ？,Bạn có_thể xem đơn hải_quan của bạn được không ?
有 看 表演 的 旅游 吗 ？,Có tour du_lịch nào_diễn không ?
今天 早上 你 来 吗 ？,sáng nay bạn đến không ?
你 能 在 那里 是 很 重要 的 。,Bạn có_thể làm nó ở bất_kỳ .
都 三十五 度 了 。,đều 30 độ 35 độ .
二十四 张 彩色 胶卷 。,Hai 24 bốn màu màu .
我 能 看看 你 的 身份证 吗 ？,Tôi có_thể xem giấy_minh thư của bạn không ?
我 哪儿 都 不 想 去 。,Tôi không muốn đi bất_cứ thứ nào .
你 好 ！ 我 想 点 一些 鲜花 。,"Chào , tôi muốn một_ít kem ."
我 常 上 越南 文化网 。,tôi thường học__ văn_hoá văn_hoá .
如果 你 找到 我 的 包 你 能 通知 我 吗 ？,Bạn có_thể cho tôi biết nếu bạn tìm thấy túi của tôi không ?
你 可以 喝 到 多少 啤酒 ？,Bạn có_thể uống bia bao_nhiêu ?
我 想 要 重新 颁发 。,Tôi muốn một_ít tóc .
糟糕 ， 我 的 钥匙 丢 了 。,"V_hại , chìa khóa của tôi bị mất mất ."
不 太 热 ， 大概 三十二 ， 三 度 。,"không quá nóng , khoảng 30 độ , 3 độ ."
我 一 下课 就 回家,tôi 1 tuần sau về nhà
来 过 ， 我 来 过 两 次 了 。,"Từng đến , tôi đã đến 2 lần rồi ."
这 附近 最 大 的 百货 商店 在 哪 ？,Cửa_hàng bách hóa gần nhất ở đâu ?
Takagi 教授 您 对 此 有 什么 评论 吗 ？,Tai_sư có dạy__ ông có những gì kh kh__ không ?
我 看 你 的 客厅 很 不错 。,Tôi thấy có một__ bạn rất tuyệt .
他 有时 顺便 过来 看看 我们 。,Ông ta có_thể đến thăm qua_ chúng_tôi .
有 日文 的 杂志 吗 ？,Có tạp_chí nào Nhật_Bản không ?
开车 小心 一点,cẩn_thận 1 chút
我 想 找 个 搬运工 拿 我 的 行李 。,Tôi đang tìm một chiếc hành_lý của tôi .
在 哪 能 买到 课本 ？,Tôi có_thể mua một ở đâu ?
你 读 两 个 外语 ， 是 吗 ？,"bạn_học 2 ngoại_ngữ , đúng không ?"
星期六 和 星期日 要 不 要 上班 ？,thứ_bảy và chủ_nhật không phải làm đi ?
给 我 说明书 。,Hãy cho tôi thuyết_minh .
你 知道 天气 预报 之后 是 什么 节目 ？,Bạn biết dự_báo thời_tiết là gì ?
这样 写 ， 可以 吗 ？,"viết thế này , được không ?"
妳要 哪 一 类 ？,chị nào loại nào ?
老师 的 见解 没有 比 学生 深 很多 。,Thành_giáo của anh_ không có so với học_sinh .
请 给 我 看 一 个 男用 公文包 。,Làm_ơn cho tôi xem chiếc túi_xách .
你 想 吃 什么 ?,Bạn muốn ăn gì ?
我们 还 没有 决定 。,Chúng_tôi chưa có quyết_định .
拿起 电话 插入 二十 美分 。,Mang số điện_thoại_ xu và hai mươi xu .
你 应该 坐 辆 公共 汽车 。,Bạn nên đi xe_buýt số xe_buýt .
你 打错 了 。,Bạn gọi nhầm số rồi .
你 帮 我 把 它 送到 A 酒店 好 吗 ？,Bạn có_thể gửi nó cho tôi đến khách_sạn được không ?
什么 时候 开车 ？,Khi nào thì xe_lửa ?
是 ， 这 是 第一 次 来,"đúng , đây là lần đầu_tiên của bạn"
我 是 677 房间 。,Đây là phòng777 .
我 把 这个 相机 掉 了 快门 摔坏 了 。,Tôi đã rơi máy_ảnh này bị sốt_ .
你 应该 有 你 的 护照 入境表 和 海关 申报表 。,Bạn có có__chiếu của bạn và thẻ tín_quan hải_quan của bạn .
能 给 我 安排 个 无烟区 靠 过道 的 座位 吗 ？,Tôi có_thể có chỗ ngồi ở lối đi không ?
快叫 警察 。,Đi cảnh_sát .
六 美元 四十 美分 。,Nó là bốn mươi xu_la .
您 看 这 双 好 吗 ?,ông xem đôi này được không ?
请 填 一 个 失窃 报告 。,Làm_ơn điền vào bản báo_cáo mất_cắp .
请 给 我 再 拿 些 面包 。,Làm_ơn cho tôi một_ít bánh_mì .
没有 其它 的 啦 。,Không có gì khác .
但是 你 必须 按照 我 的 要求 打球 而 不 是 打 我 。,"Nhưng bạn phải nhấn_ yêu_cầu của tôi , nhưng tôi không phải là tôi ."
去 国会 图书馆 的话 ， 这 条 路 对 吗 ？,"đi thư_viện thư thư_viện , đúng đường đúng không ?"
你 从 哪儿 来 ？,anh từ đâu đến ?
我 没有 偏爱 。,Tôi không có yêu_thích .
李明 除了 好学 以外 还 很 谦虚 。,Lý_Minh__ giỏi__vẻ còn còn rất__t .
你 看 上去 气色 还 好 。,bạn trông khí_sắc hay chưa .
我 也 很 想 看,tôi cũng rất muốn xem
这 是 机器制 的 或 手工制 的 ？,Đây là loại__ bằng đồng_hồ ?
飞机 晚点 了 。,Chuyến bay bị hoãn .
成人 是 每 年 二十万 元 ， 家庭 会员 和 儿童 都 有 折扣 。,"người_lớn là năm mươi , , gia_đình , nhân_viên có_thể__________ ."
小姐 ， 你 要 什么 ？,"chị ơi , bạn cần gì ?"
请 你 再 说 一 次,mời bạn lại lần nữa
喂 ， 小 明 吗 ？,"alo , Tiểu_Minh không ?"
必须 要 预约 吗 ？,Tôi có phải đặt phòng trước không ?
李大夫 是 不 是 让 女 同学 去 检查 身体 ？,Lý_sĩ Lâm là để_học_học phải_học phải không ?
我 把 我 的 贵重 物品 存在 酒店 的 保险箱 里 了 。,Tôi đã để giá_trị của tôi trong két_sắt két_sắt két_sắt .
真 吓人 。,Thật là ân_ . .
除非 你 答应 我 的 条件 ， 否则 我 不 爱 你 。,"Trừ khi bạn chấp_nhận điều_kiện của em , nếu không em không yêu em ."
不 用 你 来 安慰 我 。,"Không , bạn đến lấy_ ."
我 能 看 一下 您 的 机票 和 护照 吗 ？,Tôi có_thể xem vé vé máy_bay của bạn được hộ_chiếu của bạn được không ?
很 好 。 谢谢 。,Rất tốt . Cám_ơn .
我 想 去 潜水 。,Tôi muốn đi lặn .
我 不 会 用 。,Tôi sẽ không sử_dụng .
如果 检票员 来 查票 你 就 把 这 张 通行证 和 这 张 票 给 他 看 。,"Nếu bạn__viên bán vé , bạn sẽ kiểm_tra và thẻ này và đưa thẻ này và đưa ông cho ông ."
还 可以 ， 你 呢 ？,còn ổn . còn bạn ?
请 你 自己 在 集装箱 车 上 找 吧 。,Bạn có_thể tự_ tìm nó trên xe_sách__áo .
谢谢 你 把 学校 的 一些 信息 来 给 我 了解,cám_ơn bạn một_số thông_tin này đến cho tôi biết
请到 这里 。,Làm_ơn đến đây .
我 的 面型 要 配 哪 个 发型 呢 ？,Tôi của tôi_ kiểu tóc kiểu tóc nào ?
我 母亲 做 的 饼干 。,mẹ tôi làm làm_quy .
你 能 给 我 看看 别 的 好 吗 ？,Bạn có_thể vui_lòng cho tôi xem cái khác được không ?
你 能 广播 找 一下 我 的 朋友 吗 ？,Bạn có_thể l loa kêu bạn của tôi được không ?
在 回来 的 路 上 我们 要 顺便 逛逛 商店 吗 ？,Chúng_ta sẽ đi dạo_hàng trước khi chúng_ta không ?
不 要 太贵 。,Đừng quá quá .
你 能 把 这 污渍 去掉 吗 ？,Bạn có_thể làm_bỏ vết này không ?
把 它们 带到 楼上 ， 然后 放 在 卧室 里 。,"Hãy đem chúng trên trên , sau đó để trong phòng ."
你 看 我 怎么样 ？,Bạn nhìn tôi thấy thế_nào ?
我 想 我 给 了 你 一 张 二十 的 。,Tôi nghĩ tôi đã đưa cho bạn một vé .
申请表 要 几 张 照片 ？,xin_sao thời_gian ảnh ảnh ?
啊 是 吗 ？,À có phải không ?
那 辆 车 没有 遵守 红 绿 灯 。,Chiếc xe đó không không bằng đèn giao_thông .
我 的 名字 叫 Suzuki 。,Tên tôi là Suo .
备战 时间 对 刘翔 来说 不 是 问题 。,Thời_gian_gian có___cảnh mà không_thể không vấn_đề .
有 五十 元 美 左右 的 袋子 吗 ？,Bạn có cái túi nào cho khoảng_ khoảng không ?
大哥 是 技师 ， 姐姐 还 在 读 大学 。,"Đ_ là là kỹ_sư , chị_gái vẫn đang học đại_học ."
是 的 ， 我 想 我 明白 啦 ， 你 能 再 说 一 遍 吗 ？,"Vâng , tôi nghĩ hiểu . Bạn có_thể nói lại được không ?"
我 怎么 坐 地铁 去 双子 塔 ？,Tôi có_thể đi bằng tàu_điện_ngầm bằng cách nào ?
今天 就 可以 拔掉 吗 ？,hôm_nay có_thể nhổ không không ?
慢 走 ， 再 见 。,"đi cẩn_thận , tạm_biệt ."
我 可以 在 大约 十五 分钟 后 给 你 把 它 配好 。,Tôi có_thể đưa nó trong khoảng mười lăm phút sau khoảng mười lăm phút .
下雨天,hôm_kia
当 我 在 这里 买 东西 的 时候 好像 把 我 的 Master 卡 丢 了 。,"Khi tôi mua__hàng ở đây , và tôi đã bị mất__ trong__ ."
服务台 在 哪里 ？,Quầy thông_tin nằm ở đâu ?
对 不 起 我 的 菜 里 有 东西 。,"Xin_lỗi , tôi có món đồ của tôi ."
说 日语 ， 他 懂 了 。,"nói tiếng Nhật , anh ta hiểu rồi ."
有的时候 我 不 知道 怎样 和 她 相处 。,Tôi không_thể không biết__ và cô ấy và cô ta .
希望 您 早日 恢复 健康 。,hy_vọng ông sớm sớm_ khỏe sức khỏe khỏe .
幸亏 抢救 及时 ， 要 不 他 肯定 不 省 人事 了 。,"May_mà anh__ở không không , anh ấy không_thể không được nữa ."
是 的 沿着 这 条 路 往前 走 你 会 在 九十九 街区 看到 一 个 。,"Vâng , bạn đi theo con đường này , bạn sẽ thấy nó ở nhà ."
餐厅 在 大门 的 旁边 。,Phòng nhà kế bên cửa_hàng .
我 很 高兴 。,Tôi rất vui .
那 也 好,cũng tốt
请 别 开枪 。,Xin vui_lòng đừngắn .
哪儿 能 买到 阿司匹林 ？,Tôi có_thể mua được ở đâu ?
我 把 包忘 在 这儿 了 但是 现在 它 不见 了 。,Tôi quên túi_xách của tôi đã nhưng nhưng nó không_thể nó được nó .
我 玩 。,Tôi chơi .
请 给 我 来 些 柠檬水 。,Làm_ơn cho tôi một_ít nước_khoáng .
这 份 合同 每 年 都 续签 。,Chiếc__ này này năm trong tờ năm .
对 不 起 打扰 一下 我 怎么 到 中央 公园 ？,"Xin_lỗi , tôi có_thể đến Công_viên Central bằng cách nào ?"
除了 白色 ， 什么 颜色 我 不 喜欢,"ngoài màu trắng , màu_sắc màu không thích"
你 有 零 钱 吗 ？,Bạn có tiền_lẻ không ?
当然 好 。,Được rồi .
我 觉得 你 的 中文 已经 很 好 了 ！,tôi cảm_thấy của bạn đã rất tốt rồi !
你 知道 这个 多少 钱 吗 ？,Bạn có biết cái này bao_nhiêu tiền không ?
她 今年 二十三 岁 了 。,Cô ấy năm nay 23 tuổi .
我 是 Tamura 。,Tôi là Tsu .
真 热 。,Thật nóng .
一 个 这 种 相机 的 干电池 。,Một chiếc_ảnh này cho máy_ảnh này .
请 把 裤腿 稍微 做 的 窄 一点 并且 不 要 翻边 。,Làm_ơn cắt những cái quần_áo và nấu_cứ .
这 没 什么 。,Không có gì .
能 多 来 一 张 吗 ？,Bạn có_thể đến một tấm không ?
服务员 ！,Nhân_viên !
我 这里 隐隐 做 疼 。,Tôi bị đau ở đây ở đây .
是 半日游 吗 ？,Nó nửa nửa nửa ngày phải không ?
我们 先 做 什么 ？,Chúng_ta sẽ làm gì trước ?
